web-scraper-order,web-scraper-start-url,title,price,img-src,parameters
"1746615589-1","https://www.morele.net/kategoria/procesory-45/,,,,,,,,0,,,,/12/","Procesor AMD Ryzen Threadripper 7960X, 4.2 GHz, 128 MB, OEM (100-000001352)","7 229,14 zł","https://images.morele.net/i256/13145947_0_i256.jpg","CECHY PRODUKTU
                                                                                                                                
                                                Częstotliwość taktowania procesora:
                                                4.2 GHz
                                            
                                                                                                                                
                                                Liczba rdzeni:
                                                24 rdzenie
                                            
                                                                                                                                
                                                Odblokowany mnożnik:
                                                Tak
                                            
                                                                                                                                
                                                Typ gniazda:
                                                Socket sTR5
                                            
                                                                                                                                
                                                Wynik Benchmark:
                                                82113
                                            
                                                                                Pokaż więcej"
"1746615589-2","https://www.morele.net/kategoria/procesory-45/,,,,,,,,0,,,,/12/","Procesor AMD Ryzen Threadripper Pro 5965WX, 3.8 GHz, 128 MB, OEM (100-000000446)","7 668,78 zł","https://images.morele.net/i256/11853704_0_i256.jpg","CECHY PRODUKTU
                                                                                                                                
                                                Częstotliwość taktowania procesora:
                                                3.8 GHz
                                            
                                                                                                                                
                                                Liczba rdzeni:
                                                24 rdzenie
                                            
                                                                                                                                
                                                Odblokowany mnożnik:
                                                Nie
                                            
                                                                                                                                
                                                Typ gniazda:
                                                Socket sWRX8
                                            
                                                                                                                                
                                                Wynik Benchmark:
                                                66026
                                            
                                                                                Pokaż więcej"
"1746615589-3","https://www.morele.net/kategoria/procesory-45/,,,,,,,,0,,,,/12/","Procesor AMD Ryzen Threadripper Pro 5975WX, 3.6 GHz, 128 MB, BOX (100-100000445WOF)","7 862,89 zł","https://images.morele.net/i256/11092654_1_i256.jpg","CECHY PRODUKTU
                                                                                                                                
                                                Częstotliwość taktowania procesora:
                                                3.6 GHz
                                            
                                                                                                                                
                                                Liczba rdzeni:
                                                32 rdzenie
                                            
                                                                                                                                
                                                Odblokowany mnożnik:
                                                Nie
                                            
                                                                                                                                
                                                Typ gniazda:
                                                Socket sWRX8
                                            
                                                                                                                                
                                                Wynik Benchmark:
                                                75908
                                            
                                                                                Pokaż więcej"
"1746615589-4","https://www.morele.net/kategoria/procesory-45/,,,,,,,,0,,,,/12/","Procesor AMD Ryzen Threadripper Pro 5975WX, 3.6 GHz, 128 MB, OEM (100-000000445)","7 862,89 zł","https://images.morele.net/i256/11853481_1_i256.jpg","CECHY PRODUKTU
                                                                                                                                
                                                Częstotliwość taktowania procesora:
                                                3.6 GHz
                                            
                                                                                                                                
                                                Liczba rdzeni:
                                                32 rdzenie
                                            
                                                                                                                                
                                                Odblokowany mnożnik:
                                                Nie
                                            
                                                                                                                                
                                                Typ gniazda:
                                                Socket sWRX8
                                            
                                                                                                                                
                                                Wynik Benchmark:
                                                75908
                                            
                                                                                Pokaż więcej"
"1746615589-5","https://www.morele.net/kategoria/procesory-45/,,,,,,,,0,,,,/12/","Procesor AMD Ryzen Threadripper 7970X, 4 GHz, 128 MB, OEM (100-000001351)","10 194,29 zł","https://images.morele.net/i256/13145950_0_i256.jpg","CECHY PRODUKTU
                                                                                                                                
                                                Częstotliwość taktowania procesora:
                                                4 GHz
                                            
                                                                                                                                
                                                Liczba rdzeni:
                                                32 rdzenie
                                            
                                                                                                                                
                                                Odblokowany mnożnik:
                                                Tak
                                            
                                                                                                                                
                                                Typ gniazda:
                                                Socket sTR5
                                            
                                                                                                                                
                                                Wynik Benchmark:
                                                98111
                                            
                                                                                Pokaż więcej"
"1746615589-6","https://www.morele.net/kategoria/procesory-45/,,,,,,,,0,,,,/12/","Procesor AMD Ryzen Threadripper 7970X, 4 GHz, 128 MB, BOX (100-100001351WOF)","11 243,34 zł","https://images.morele.net/i256/13145978_2_i256.jpg","CECHY PRODUKTU
                                                                                                                                
                                                Częstotliwość taktowania procesora:
                                                4 GHz
                                            
                                                                                                                                
                                                Liczba rdzeni:
                                                32 rdzenie
                                            
                                                                                                                                
                                                Odblokowany mnożnik:
                                                Tak
                                            
                                                                                                                                
                                                Typ gniazda:
                                                Socket sTR5
                                            
                                                                                                                                
                                                Wynik Benchmark:
                                                99129
                                            
                                                                                Pokaż więcej"
"1746615589-7","https://www.morele.net/kategoria/procesory-45/,,,,,,,,0,,,,/12/","Procesor AMD Ryzen Threadripper Pro 7965WX, 4.2 GHz, 128 MB, BOX (100-100000885WOF)","12 235,58 zł","https://images.morele.net/i256/13145951_11_i256.jpg","CECHY PRODUKTU
                                                                                                                                
                                                Częstotliwość taktowania procesora:
                                                4.2 GHz
                                            
                                                                                                                                
                                                Liczba rdzeni:
                                                24 rdzenie
                                            
                                                                                                                                
                                                Odblokowany mnożnik:
                                                Nie
                                            
                                                                                                                                
                                                Typ gniazda:
                                                Socket sTR5 Pro
                                            
                                                                                                                                
                                                Wynik Benchmark:
                                                84785
                                            
                                                                                Pokaż więcej"
"1746615589-8","https://www.morele.net/kategoria/procesory-45/,,,,,,,,0,,,,/12/","Procesor AMD Ryzen Threadripper Pro 7965WX, 4.2 GHz, 128 MB, OEM (100-000000885)","13 079,34 zł","https://images.morele.net/i256/13204901_0_i256.jpg","CECHY PRODUKTU
                                                                                                                                
                                                Częstotliwość taktowania procesora:
                                                4.2 GHz
                                            
                                                                                                                                
                                                Liczba rdzeni:
                                                24 rdzenie
                                            
                                                                                                                                
                                                Odblokowany mnożnik:
                                                Nie
                                            
                                                                                                                                
                                                Typ gniazda:
                                                Socket sTR5 Pro
                                            
                                                                                                                                
                                                Wynik Benchmark:
                                                84785
                                            
                                                                                Pokaż więcej"
"1746615589-9","https://www.morele.net/kategoria/procesory-45/,,,,,,,,0,,,,/12/","Procesor AMD Ryzen Threadripper Pro 7975WX, 4 GHz, 128 MB, BOX (100-100000453WOF)","18 136,65 zł","https://images.morele.net/i256/13145953_1_i256.jpg","CECHY PRODUKTU
                                                                                                                                
                                                Częstotliwość taktowania procesora:
                                                4 GHz
                                            
                                                                                                                                
                                                Liczba rdzeni:
                                                32 rdzenie
                                            
                                                                                                                                
                                                Odblokowany mnożnik:
                                                Tak
                                            
                                                                                                                                
                                                Typ gniazda:
                                                Socket sTR5 Pro
                                            
                                                                                                                                
                                                Wynik Benchmark:
                                                93978
                                            
                                                                                Pokaż więcej"
"1746615589-10","https://www.morele.net/kategoria/procesory-45/,,,,,,,,0,,,,/12/","Procesor AMD Ryzen Threadripper Pro 7975WX, 4 GHz, 128 MB, OEM (100-000000453 )","20 570,99 zł","https://images.morele.net/i256/13186523_0_i256.jpg","CECHY PRODUKTU
                                                                                                                                
                                                Częstotliwość taktowania procesora:
                                                4 GHz
                                            
                                                                                                                                
                                                Liczba rdzeni:
                                                32 rdzenie
                                            
                                                                                                                                
                                                Odblokowany mnożnik:
                                                Tak
                                            
                                                                                                                                
                                                Typ gniazda:
                                                Socket sTR5 Pro
                                            
                                                                                                                                
                                                Wynik Benchmark:
                                                93978
                                            
                                                                                Pokaż więcej"
"1746615589-11","https://www.morele.net/kategoria/procesory-45/,,,,,,,,0,,,,/12/","Procesor AMD Ryzen Threadripper 7980X, 3.2 GHz, 256 MB, BOX (100-100001350WOF)","21 568,23 zł","https://images.morele.net/i256/13145979_2_i256.jpg","CECHY PRODUKTU
                                                                                                                                
                                                Częstotliwość taktowania procesora:
                                                3.2 GHz
                                            
                                                                                                                                
                                                Liczba rdzeni:
                                                64 rdzenie
                                            
                                                                                                                                
                                                Odblokowany mnożnik:
                                                Tak
                                            
                                                                                                                                
                                                Typ gniazda:
                                                Socket sTR5
                                            
                                                                                                                                
                                                Wynik Benchmark:
                                                137775
                                            
                                                                                Pokaż więcej"
"1746615589-12","https://www.morele.net/kategoria/procesory-45/,,,,,,,,0,,,,/12/","Procesor AMD Ryzen Threadripper 7980X, 3.2 GHz, 256 MB, OEM (100-000001350)","23 878,85 zł","https://images.morele.net/i256/13145952_0_i256.jpg","CECHY PRODUKTU
                                                                                                                                
                                                Częstotliwość taktowania procesora:
                                                3.2 GHz
                                            
                                                                                                                                
                                                Liczba rdzeni:
                                                64 rdzenie
                                            
                                                                                                                                
                                                Odblokowany mnożnik:
                                                Tak
                                            
                                                                                                                                
                                                Typ gniazda:
                                                Socket sTR5
                                            
                                                                                                                                
                                                Wynik Benchmark:
                                                137775
                                            
                                                                                Pokaż więcej"
"1746615589-13","https://www.morele.net/kategoria/procesory-45/,,,,,,,,0,,,,/12/","Procesor AMD Ryzen Threadripper Pro 5995WX, 2.7 GHz, 256 MB, BOX (100-100000444WOF)","24 518,29 zł","https://images.morele.net/i256/11811238_1_i256.jpg","CECHY PRODUKTU
                                                                                                                                
                                                Częstotliwość taktowania procesora:
                                                2.7 GHz
                                            
                                                                                                                                
                                                Liczba rdzeni:
                                                64 rdzenie
                                            
                                                                                                                                
                                                Odblokowany mnożnik:
                                                Nie
                                            
                                                                                                                                
                                                Typ gniazda:
                                                Socket sWRX8
                                            
                                                                                                                                
                                                Wynik Benchmark:
                                                94808
                                            
                                                                                Pokaż więcej"
"1746615589-14","https://www.morele.net/kategoria/procesory-45/,,,,,,,,0,,,,/12/","Procesor AMD Ryzen Threadripper Pro 5995WX, 2.7 GHz, 256 MB, OEM (100-000000444)","24 518,29 zł","https://images.morele.net/i256/12887428_0_i256.jpg","CECHY PRODUKTU
                                                                                                                                
                                                Częstotliwość taktowania procesora:
                                                2.7 GHz
                                            
                                                                                                                                
                                                Liczba rdzeni:
                                                64 rdzenie
                                            
                                                                                                                                
                                                Odblokowany mnożnik:
                                                Nie
                                            
                                                                                                                                
                                                Typ gniazda:
                                                Socket sWRX8
                                            
                                                                                                                                
                                                Wynik Benchmark:
                                                94808
                                            
                                                                                Pokaż więcej"
"1746615589-15","https://www.morele.net/kategoria/procesory-45/,,,,,,,,0,,,,/12/","Procesor AMD Ryzen Threadripper Pro 7985WX, 3.2 GHz, 256 MB, BOX (100-100000454WOF)","34 862,94 zł","https://images.morele.net/i256/13178709_0_i256.jpg","CECHY PRODUKTU
                                                                                                                                
                                                Częstotliwość taktowania procesora:
                                                3.2 GHz
                                            
                                                                                                                                
                                                Liczba rdzeni:
                                                64 rdzenie
                                            
                                                                                                                                
                                                Odblokowany mnożnik:
                                                Tak
                                            
                                                                                                                                
                                                Typ gniazda:
                                                Socket sTR5 Pro
                                            
                                                                                                                                
                                                Wynik Benchmark:
                                                137139
                                            
                                                                                Pokaż więcej"
"1746615589-16","https://www.morele.net/kategoria/procesory-45/,,,,,,,,0,,,,/12/","Procesor AMD Ryzen Threadripper Pro 7985WX, 3.2 GHz, 256 MB, OEM (100-000000454)","35 886,18 zł","https://images.morele.net/i256/13189443_0_i256.jpg","CECHY PRODUKTU
                                                                                                                                
                                                Częstotliwość taktowania procesora:
                                                3.2 GHz
                                            
                                                                                                                                
                                                Liczba rdzeni:
                                                64 rdzenie
                                            
                                                                                                                                
                                                Odblokowany mnożnik:
                                                Tak
                                            
                                                                                                                                
                                                Typ gniazda:
                                                Socket sTR5 Pro
                                            
                                                                                                                                
                                                Wynik Benchmark:
                                                137139
                                            
                                                                                Pokaż więcej"
"1746615589-17","https://www.morele.net/kategoria/procesory-45/,,,,,,,,0,,,,/12/","Procesor AMD Ryzen Threadripper Pro 7995WX, 2.5 GHz, 384 MB, OEM (100-000000884)","44 370,11 zł","https://images.morele.net/i256/13180348_0_i256.jpg","CECHY PRODUKTU
                                                                                                                                
                                                Częstotliwość taktowania procesora:
                                                2.5 GHz
                                            
                                                                                                                                
                                                Liczba rdzeni:
                                                96 rdzeni
                                            
                                                                                                                                
                                                Odblokowany mnożnik:
                                                Tak
                                            
                                                                                                                                
                                                Typ gniazda:
                                                Socket sTR5 Pro
                                            
                                                                                                                                
                                                Wynik Benchmark:
                                                153096
                                            
                                                                                Pokaż więcej"
"1746615589-18","https://www.morele.net/kategoria/procesory-45/,,,,,,,,0,,,,/12/","Procesor AMD Ryzen Threadripper Pro 7995WX, 2.5 GHz, 384 MB, BOX (100-100000884WOF)","48 057,34 zł","https://images.morele.net/i256/13145948_1_i256.jpg","CECHY PRODUKTU
                                                                                                                                
                                                Częstotliwość taktowania procesora:
                                                2.5 GHz
                                            
                                                                                                                                
                                                Liczba rdzeni:
                                                96 rdzeni
                                            
                                                                                                                                
                                                Odblokowany mnożnik:
                                                Tak
                                            
                                                                                                                                
                                                Typ gniazda:
                                                Socket sTR5 Pro
                                            
                                                                                                                                
                                                Wynik Benchmark:
                                                153096
                                            
                                                                                Pokaż więcej"
"1746615598-19","https://www.morele.net/kategoria/procesory-45/,,,,,,,,0,,,,/11/","Procesor Intel Core i9-12900F, 2.4 GHz, 30 MB, BOX (BX8071512900F)","1 728,15 zł","https://images.morele.net/i256/9658362_0_i256.jpg","CECHY PRODUKTU
                                                                                                                                
                                                Częstotliwość taktowania procesora:
                                                2.4 GHz
                                            
                                                                                                                                
                                                Liczba rdzeni:
                                                16 rdzeni
                                            
                                                                                                                                
                                                Odblokowany mnożnik:
                                                Nie
                                            
                                                                                                                                
                                                Typ gniazda:
                                                Socket 1700
                                            
                                                                                                                                
                                                Wynik Benchmark:
                                                37072
                                            
                                                                                Pokaż więcej"
"1746615598-20","https://www.morele.net/kategoria/procesory-45/,,,,,,,,0,,,,/11/","Procesor AMD Ryzen 5 9600, 3.8 GHz, 32 MB, BOX (100-100000718BOX)","1 735,17 zł","https://images.morele.net/i256/14729910_1_i256.jpg","CECHY PRODUKTU
                                                                                                                                
                                                Częstotliwość taktowania procesora:
                                                3.8 GHz
                                            
                                                                                                                                
                                                Liczba rdzeni:
                                                6 rdzeni
                                            
                                                                                                                                
                                                Odblokowany mnożnik:
                                                Tak
                                            
                                                                                                                                
                                                Typ gniazda:
                                                Socket AM5
                                            
                                                                                                                                
                                                Wynik Benchmark:
                                                29481
                                            
                                                                                Pokaż więcej"
"1746615598-21","https://www.morele.net/kategoria/procesory-45/,,,,,,,,0,,,,/11/","Procesor Intel Core Ultra 7 265F, 2.4 GHz, 30 MB, OEM (AT8076806413)","1 761,19 zł","https://images.morele.net/i256/14634709_1_i256.jpg","CECHY PRODUKTU
                                                                                                                                
                                                Częstotliwość taktowania procesora:
                                                2.4 GHz
                                            
                                                                                                                                
                                                Liczba rdzeni:
                                                20 rdzeni
                                            
                                                                                                                                
                                                Odblokowany mnożnik:
                                                Tak
                                            
                                                                                                                                
                                                Typ gniazda:
                                                Socket 1851
                                            
                                                                                                                                
                                                Wynik Benchmark:
                                                48702
                                            
                                                                                Pokaż więcej"
"1746615598-22","https://www.morele.net/kategoria/procesory-45/,,,,,,,,0,,,,/11/","Procesor Intel Core i7-13700KF, 3.4 GHz, 30 MB, OEM (CM8071504820706)","1 786,87 zł","https://images.morele.net/i256/13112511_0_i256.jpg","CECHY PRODUKTU
                                                                                                                                
                                                Częstotliwość taktowania procesora:
                                                3.4 GHz
                                            
                                                                                                                                
                                                Liczba rdzeni:
                                                16 rdzeni
                                            
                                                                                                                                
                                                Odblokowany mnożnik:
                                                Tak
                                            
                                                                                                                                
                                                Typ gniazda:
                                                Socket 1700
                                            
                                                                                                                                
                                                Wynik Benchmark:
                                                46458
                                            
                                                                                Pokaż więcej"
"1746615598-23","https://www.morele.net/kategoria/procesory-45/,,,,,,,,0,,,,/11/","Procesor AMD Ryzen 7 7700, 3.8 GHz, 32 MB, MPK (100-100000592MPK)","1 824,90 zł","https://images.morele.net/i256/13129745_0_i256.jpg","CECHY PRODUKTU
                                                                                                                                
                                                Częstotliwość taktowania procesora:
                                                3.8 GHz
                                            
                                                                                                                                
                                                Liczba rdzeni:
                                                8 rdzeni
                                            
                                                                                                                                
                                                Odblokowany mnożnik:
                                                Tak
                                            
                                                                                                                                
                                                Typ gniazda:
                                                Socket AM5
                                            
                                                                                                                                
                                                Wynik Benchmark:
                                                34798
                                            
                                                                                Pokaż więcej"
"1746615598-24","https://www.morele.net/kategoria/procesory-45/,,,,,,,,0,,,,/11/","Procesor Intel Core i7-12700T, 1.4 GHz, 25 MB, OEM (CM8071504555117)","1 820,45 zł","https://images.morele.net/i256/9658379_0_i256.jpg","CECHY PRODUKTU
                                                                                                                                
                                                Częstotliwość taktowania procesora:
                                                1.4 GHz
                                            
                                                                                                                                
                                                Liczba rdzeni:
                                                12 rdzeni
                                            
                                                                                                                                
                                                Odblokowany mnożnik:
                                                Nie
                                            
                                                                                                                                
                                                Typ gniazda:
                                                Socket 1700
                                            
                                                                                                                                
                                                Wynik Benchmark:
                                                21832
                                            
                                                                                Pokaż więcej"
"1746615598-25","https://www.morele.net/kategoria/procesory-45/,,,,,,,,0,,,,/11/","Procesor AMD Ryzen 9 Pro 7945, 3.7 GHz, 64 MB, OEM (100-000000598)","1 874,84 zł","https://images.morele.net/i256/12938747_0_i256.jpg","CECHY PRODUKTU
                                                                                                                                
                                                Częstotliwość taktowania procesora:
                                                3.7 GHz
                                            
                                                                                                                                
                                                Liczba rdzeni:
                                                12 rdzeni
                                            
                                                                                                                                
                                                Odblokowany mnożnik:
                                                Tak
                                            
                                                                                                                                
                                                Typ gniazda:
                                                Socket AM5
                                            
                                                                                                                                
                                                Wynik Benchmark:
                                                4966
                                            
                                                                                Pokaż więcej"
"1746615598-26","https://www.morele.net/kategoria/procesory-45/,,,,,,,,0,,,,/11/","Procesor AMD Ryzen 9 Pro 7945, 3.7 GHz, 64 MB, MPK (100-100000598MPK)","1 875,41 zł","https://images.morele.net/i256/12938748_1_i256.jpg","CECHY PRODUKTU
                                                                                                                                
                                                Częstotliwość taktowania procesora:
                                                3.7 GHz
                                            
                                                                                                                                
                                                Liczba rdzeni:
                                                12 rdzeni
                                            
                                                                                                                                
                                                Odblokowany mnożnik:
                                                Tak
                                            
                                                                                                                                
                                                Typ gniazda:
                                                Socket AM5
                                            
                                                                                                                                
                                                Wynik Benchmark:
                                                4966
                                            
                                                                                Pokaż więcej"
"1746615598-27","https://www.morele.net/kategoria/procesory-45/,,,,,,,,0,,,,/11/","Procesor AMD Ryzen 5 Pro 8600G, 4.3 GHz, 16 MB, OEM (100-000001239)","1 909,18 zł","https://images.morele.net/i256/13465452_0_i256.jpg","CECHY PRODUKTU
                                                                                                                                
                                                Częstotliwość taktowania procesora:
                                                4.3 GHz
                                            
                                                                                                                                
                                                Liczba rdzeni:
                                                6 rdzeni
                                            
                                                                                                                                
                                                Odblokowany mnożnik:
                                                Tak
                                            
                                                                                                                                
                                                Typ gniazda:
                                                Socket AM5
                                            
                                                                                                                                
                                                Wynik Benchmark:
                                                25928
                                            
                                                                                Pokaż więcej"
"1746615598-28","https://www.morele.net/kategoria/procesory-45/,,,,,,,,0,,,,/11/","Procesor Intel Core i7-14700T, 1.3 GHz, 33 MB, OEM (CM8071504820908)","1 921,36 zł","https://images.morele.net/i256/13172931_0_i256.jpg","CECHY PRODUKTU
                                                                                                                                
                                                Częstotliwość taktowania procesora:
                                                1.3 GHz
                                            
                                                                                                                                
                                                Liczba rdzeni:
                                                20 rdzeni
                                            
                                                                                                                                
                                                Odblokowany mnożnik:
                                                Nie
                                            
                                                                                                                                
                                                Typ gniazda:
                                                Socket 1700
                                            
                                                                                                                                
                                                Wynik Benchmark:
                                                49008
                                            
                                                                                Pokaż więcej"
"1746615598-29","https://www.morele.net/kategoria/procesory-45/,,,,,,,,0,,,,/11/","Procesor Intel Core Ultra 7 265F, 2.4 GHz, 30 MB, OEM (AT8076806411)","1 935,70 zł","https://images.morele.net/i256/14637178_1_i256.jpg","CECHY PRODUKTU
                                                                                                                                
                                                Częstotliwość taktowania procesora:
                                                2.4 GHz
                                            
                                                                                                                                
                                                Liczba rdzeni:
                                                20 rdzeni
                                            
                                                                                                                                
                                                Odblokowany mnożnik:
                                                Tak
                                            
                                                                                                                                
                                                Typ gniazda:
                                                Socket 1851
                                            
                                                                                                                                
                                                Wynik Benchmark:
                                                Brak danych
                                            
                                                                                Pokaż więcej"
"1746615598-30","https://www.morele.net/kategoria/procesory-45/,,,,,,,,0,,,,/11/","Procesor Intel Core i9-14900KF, 3.2 GHz, 36 MB, OEM (CM8071505094018)","1 983,88 zł","https://images.morele.net/i256/13133239_1_i256.jpg","CECHY PRODUKTU
                                                                                                                                
                                                Częstotliwość taktowania procesora:
                                                3.2 GHz
                                            
                                                                                                                                
                                                Liczba rdzeni:
                                                24 rdzenie
                                            
                                                                                                                                
                                                Odblokowany mnożnik:
                                                Tak
                                            
                                                                                                                                
                                                Typ gniazda:
                                                Socket 1700
                                            
                                                                                                                                
                                                Wynik Benchmark:
                                                61093
                                            
                                                                                Pokaż więcej"
"1746615598-31","https://www.morele.net/kategoria/procesory-45/,,,,,,,,0,,,,/11/","Procesor Intel Core i9-13900F, 2 GHz, 36 MB, OEM (CM8071504820606)","2 004,69 zł","https://images.morele.net/i256/13112523_0_i256.jpg","CECHY PRODUKTU
                                                                                                                                
                                                Częstotliwość taktowania procesora:
                                                2 GHz
                                            
                                                                                                                                
                                                Liczba rdzeni:
                                                24 rdzenie
                                            
                                                                                                                                
                                                Odblokowany mnożnik:
                                                Nie
                                            
                                                                                                                                
                                                Typ gniazda:
                                                Socket 1700
                                            
                                                                                                                                
                                                Wynik Benchmark:
                                                52505
                                            
                                                                                Pokaż więcej"
"1746615598-32","https://www.morele.net/kategoria/procesory-45/,,,,,,,,0,,,,/11/","Procesor AMD Ryzen 7 Pro 5750GE, 3.2 GHz, 16 MB, OEM (100-000000257)","2 006,50 zł","https://images.morele.net/i256/8536085_2_i256.jpg","CECHY PRODUKTU
                                                                                                                                
                                                Częstotliwość taktowania procesora:
                                                3.2 GHz
                                            
                                                                                                                                
                                                Liczba rdzeni:
                                                8 rdzeni
                                            
                                                                                                                                
                                                Odblokowany mnożnik:
                                                Nie
                                            
                                                                                                                                
                                                Typ gniazda:
                                                Socket AM4
                                            
                                                                                                                                
                                                Wynik Benchmark:
                                                22038
                                            
                                                                                Pokaż więcej"
"1746615598-33","https://www.morele.net/kategoria/procesory-45/,,,,,,,,0,,,,/11/","Procesor AMD Ryzen 7 Pro 8700G, 4.2 GHz, 16 MB, OEM (100-000001238)","2 006,50 zł","https://images.morele.net/i256/13465449_2_i256.jpg","CECHY PRODUKTU
                                                                                                                                
                                                Częstotliwość taktowania procesora:
                                                4.2 GHz
                                            
                                                                                                                                
                                                Liczba rdzeni:
                                                8 rdzeni
                                            
                                                                                                                                
                                                Odblokowany mnożnik:
                                                Tak
                                            
                                                                                                                                
                                                Typ gniazda:
                                                Socket AM5
                                            
                                                                                                                                
                                                Wynik Benchmark:
                                                31799
                                            
                                                                                Pokaż więcej"
"1746615598-34","https://www.morele.net/kategoria/procesory-45/,,,,,,,,0,,,,/11/","Procesor Intel Core i9-13900KF, 3 GHz, 36 MB, OEM (CM8071505094012)","2 069,54 zł","https://images.morele.net/i256/13112517_0_i256.jpg","CECHY PRODUKTU
                                                                                                                                
                                                Częstotliwość taktowania procesora:
                                                3 GHz
                                            
                                                                                                                                
                                                Liczba rdzeni:
                                                24 rdzenie
                                            
                                                                                                                                
                                                Odblokowany mnożnik:
                                                Tak
                                            
                                                                                                                                
                                                Typ gniazda:
                                                Socket 1700
                                            
                                                                                                                                
                                                Wynik Benchmark:
                                                58829
                                            
                                                                                Pokaż więcej"
"1746615598-35","https://www.morele.net/kategoria/procesory-45/,,,,,,,,0,,,,/11/","Procesor AMD Ryzen 9 7900, 3.7 GHz, 64 MB, MPK (100-100000590MPK)","2 258,98 zł","https://images.morele.net/i256/13113443_0_i256.jpg","CECHY PRODUKTU
                                                                                                                                
                                                Częstotliwość taktowania procesora:
                                                3.7 GHz
                                            
                                                                                                                                
                                                Liczba rdzeni:
                                                12 rdzeni
                                            
                                                                                                                                
                                                Odblokowany mnożnik:
                                                Tak
                                            
                                                                                                                                
                                                Typ gniazda:
                                                Socket AM5
                                            
                                                                                                                                
                                                Wynik Benchmark:
                                                49043
                                            
                                                                                Pokaż więcej"
"1746615598-36","https://www.morele.net/kategoria/procesory-45/,,,,,,,,0,,,,/11/","Procesor AMD Ryzen 7 9800X3D, 4.7 GHz, 96 MB, OEM (100-000001084)","2 299 zł","https://images.morele.net/i256/14209712_0_i256.jpg","CECHY PRODUKTU
                                                                                                                                
                                                Częstotliwość taktowania procesora:
                                                4.7 GHz
                                            
                                                                                                                                
                                                Liczba rdzeni:
                                                8 rdzeni
                                            
                                                                                                                                
                                                Odblokowany mnożnik:
                                                Tak
                                            
                                                                                                                                
                                                Typ gniazda:
                                                Socket AM5
                                            
                                                                                                                                
                                                Wynik Benchmark:
                                                Brak danych
                                            
                                                                                Pokaż więcej"
"1746615598-37","https://www.morele.net/kategoria/procesory-45/,,,,,,,,0,,,,/11/","Procesor Intel Core i9-14900, 2 GHz, 36 MB, BOX (BX8071514900)","2 598,74 zł","https://images.morele.net/i256/13155877_0_i256.jpg","CECHY PRODUKTU
                                                                                                                                
                                                Częstotliwość taktowania procesora:
                                                2 GHz
                                            
                                                                                                                                
                                                Liczba rdzeni:
                                                24 rdzenie
                                            
                                                                                                                                
                                                Odblokowany mnożnik:
                                                Nie
                                            
                                                                                                                                
                                                Typ gniazda:
                                                Socket 1700
                                            
                                                                                                                                
                                                Wynik Benchmark:
                                                57276
                                            
                                                                                Pokaż więcej"
"1746615598-38","https://www.morele.net/kategoria/procesory-45/,,,,,,,,0,,,,/11/","Procesor Intel Core i9-14900F, 2 GHz, 36 MB, OEM (CM8071504820610)","2 641,24 zł","https://images.morele.net/i256/13172920_0_i256.jpg","CECHY PRODUKTU
                                                                                                                                
                                                Częstotliwość taktowania procesora:
                                                2 GHz
                                            
                                                                                                                                
                                                Liczba rdzeni:
                                                24 rdzenie
                                            
                                                                                                                                
                                                Odblokowany mnożnik:
                                                Nie
                                            
                                                                                                                                
                                                Typ gniazda:
                                                Socket 1700
                                            
                                                                                                                                
                                                Wynik Benchmark:
                                                62010
                                            
                                                                                Pokaż więcej"
"1746615598-39","https://www.morele.net/kategoria/procesory-45/,,,,,,,,0,,,,/11/","Procesor Intel Core i9-14900, 2 GHz, 36 MB, OEM (CM8071504820609)","2 689,62 zł","https://images.morele.net/i256/13172919_0_i256.jpg","CECHY PRODUKTU
                                                                                                                                
                                                Częstotliwość taktowania procesora:
                                                2 GHz
                                            
                                                                                                                                
                                                Liczba rdzeni:
                                                24 rdzenie
                                            
                                                                                                                                
                                                Odblokowany mnożnik:
                                                Nie
                                            
                                                                                                                                
                                                Typ gniazda:
                                                Socket 1700
                                            
                                                                                                                                
                                                Wynik Benchmark:
                                                57276
                                            
                                                                                Pokaż więcej"
"1746615598-40","https://www.morele.net/kategoria/procesory-45/,,,,,,,,0,,,,/11/","Procesor Intel Core i9-10900X, 3.7 GHz, 19.25 MB, OEM (CD8069504382100)","2 705,50 zł","https://images.morele.net/i256/6551008_0_i256.jpg","CECHY PRODUKTU
                                                                                                                                
                                                Częstotliwość taktowania procesora:
                                                3.7 GHz
                                            
                                                                                                                                
                                                Liczba rdzeni:
                                                10 rdzeni
                                            
                                                                                                                                
                                                Odblokowany mnożnik:
                                                Tak
                                            
                                                                                                                                
                                                Typ gniazda:
                                                Socket 2066
                                            
                                                                                                                                
                                                Wynik Benchmark:
                                                22473
                                            
                                                                                Pokaż więcej"
"1746615598-41","https://www.morele.net/kategoria/procesory-45/,,,,,,,,0,,,,/11/","Procesor Intel Core i7-13700T, 1.4 GHz, 30 MB, OEM (CM8071504820903)","2 749,33 zł","https://images.morele.net/i256/13112512_0_i256.jpg","CECHY PRODUKTU
                                                                                                                                
                                                Częstotliwość taktowania procesora:
                                                1.4 GHz
                                            
                                                                                                                                
                                                Liczba rdzeni:
                                                16 rdzeni
                                            
                                                                                                                                
                                                Odblokowany mnożnik:
                                                Nie
                                            
                                                                                                                                
                                                Typ gniazda:
                                                Socket 1700
                                            
                                                                                                                                
                                                Wynik Benchmark:
                                                28855
                                            
                                                                                Pokaż więcej"
"1746615598-42","https://www.morele.net/kategoria/procesory-45/,,,,,,,,0,,,,/11/","Procesor Intel Core i9-13900, 2 GHz, 36 MB, OEM (CM8071504820605)","2 758,09 zł","https://images.morele.net/i256/13112514_0_i256.jpg","CECHY PRODUKTU
                                                                                                                                
                                                Częstotliwość taktowania procesora:
                                                2 GHz
                                            
                                                                                                                                
                                                Liczba rdzeni:
                                                24 rdzenie
                                            
                                                                                                                                
                                                Odblokowany mnożnik:
                                                Nie
                                            
                                                                                                                                
                                                Typ gniazda:
                                                Socket 1700
                                            
                                                                                                                                
                                                Wynik Benchmark:
                                                47851
                                            
                                                                                Pokaż więcej"
"1746615598-43","https://www.morele.net/kategoria/procesory-45/,,,,,,,,0,,,,/11/","AMD Ryzen 7 PRO 7745 AM5 65W 8C/16T 5.3GHz MPK","2 793,95 zł","https://images.morele.net/i256/14828191_0_i256.jpg",""
"1746615598-44","https://www.morele.net/kategoria/procesory-45/,,,,,,,,0,,,,/11/","Procesor Intel Core Ultra 9 285, 2.5 GHz, 36 MB, OEM (AT8076806418)","2 908,49 zł","https://images.morele.net/i256/14505020_1_i256.jpg","CECHY PRODUKTU
                                                                                                                                
                                                Częstotliwość taktowania procesora:
                                                2.5 GHz
                                            
                                                                                                                                
                                                Liczba rdzeni:
                                                24 rdzenie
                                            
                                                                                                                                
                                                Odblokowany mnożnik:
                                                Nie
                                            
                                                                                                                                
                                                Typ gniazda:
                                                Socket 1851
                                            
                                                                                                                                
                                                Wynik Benchmark:
                                                54654
                                            
                                                                                Pokaż więcej"
"1746615598-45","https://www.morele.net/kategoria/procesory-45/,,,,,,,,0,,,,/11/","Procesor Intel Core i9-14900KS, 3.2 GHz, 36 MB, OEM (CM8071504820506)","2 980,99 zł","https://images.morele.net/i256/13221540_0_i256.jpg","CECHY PRODUKTU
                                                                                                                                
                                                Częstotliwość taktowania procesora:
                                                3.2 GHz
                                            
                                                                                                                                
                                                Liczba rdzeni:
                                                24 rdzenie
                                            
                                                                                                                                
                                                Odblokowany mnożnik:
                                                Tak
                                            
                                                                                                                                
                                                Typ gniazda:
                                                Socket 1700
                                            
                                                                                                                                
                                                Wynik Benchmark:
                                                62465
                                            
                                                                                Pokaż więcej"
"1746615598-46","https://www.morele.net/kategoria/procesory-45/,,,,,,,,0,,,,/11/","Procesor Intel Core i9-13900T, 1.1 GHz, 36 MB, OEM (CM8071504820403)","3 281,18 zł","https://images.morele.net/i256/13133434_0_i256.jpg","CECHY PRODUKTU
                                                                                                                                
                                                Częstotliwość taktowania procesora:
                                                1.1 GHz
                                            
                                                                                                                                
                                                Liczba rdzeni:
                                                24 rdzenie
                                            
                                                                                                                                
                                                Odblokowany mnożnik:
                                                Nie
                                            
                                                                                                                                
                                                Typ gniazda:
                                                Socket 1700
                                            
                                                                                                                                
                                                Wynik Benchmark:
                                                44159
                                            
                                                                                Pokaż więcej"
"1746615598-47","https://www.morele.net/kategoria/procesory-45/,,,,,,,,0,,,,/11/","Procesor AMD Ryzen 9 7950X, 4.5 GHz, 64 MB, OEM (100-000000514)","3 353,99 zł","https://images.morele.net/i256/13127996_0_i256.jpg","CECHY PRODUKTU
                                                                                                                                
                                                Częstotliwość taktowania procesora:
                                                4.5 GHz
                                            
                                                                                                                                
                                                Liczba rdzeni:
                                                16 rdzeni
                                            
                                                                                                                                
                                                Odblokowany mnożnik:
                                                Tak
                                            
                                                                                                                                
                                                Typ gniazda:
                                                Socket AM5
                                            
                                                                                                                                
                                                Wynik Benchmark:
                                                63187
                                            
                                                                                Pokaż więcej"
"1746615598-48","https://www.morele.net/kategoria/procesory-45/,,,,,,,,0,,,,/11/","Procesor AMD Ryzen Threadripper Pro 5955WX, 4 GHz, 64 MB, OEM (100-000000447)","3 498,89 zł","https://images.morele.net/i256/13116119_2_i256.jpg","CECHY PRODUKTU
                                                                                                                                
                                                Częstotliwość taktowania procesora:
                                                4 GHz
                                            
                                                                                                                                
                                                Liczba rdzeni:
                                                16 rdzeni
                                            
                                                                                                                                
                                                Odblokowany mnożnik:
                                                Nie
                                            
                                                                                                                                
                                                Typ gniazda:
                                                Socket sWRX8
                                            
                                                                                                                                
                                                Wynik Benchmark:
                                                50199
                                            
                                                                                Pokaż więcej"
"1746615606-49","https://www.morele.net/kategoria/procesory-45/,,,,,,,,0,,,,/10/","Procesor AMD Ryzen 5 9600, 3.8 GHz, 32 MB, OEM (100-000000718)","1 108,39 zł","https://images.morele.net/i256/14744233_2_i256.jpg","CECHY PRODUKTU
                                                                                                                                
                                                Częstotliwość taktowania procesora:
                                                3.8 GHz
                                            
                                                                                                                                
                                                Liczba rdzeni:
                                                6 rdzeni
                                            
                                                                                                                                
                                                Odblokowany mnożnik:
                                                Tak
                                            
                                                                                                                                
                                                Typ gniazda:
                                                Socket AM5
                                            
                                                                                                                                
                                                Wynik Benchmark:
                                                29481
                                            
                                                                                Pokaż więcej"
"1746615606-50","https://www.morele.net/kategoria/procesory-45/,,,,,,,,0,,,,/10/","Procesor Intel Core i5-9500T, 2.2 GHz, 9 MB, OEM (CM8068403362510)","1 155,57 zł","https://images.morele.net/i256/6059717_1_i256.jpg","CECHY PRODUKTU
                                                                                                                                
                                                Częstotliwość taktowania procesora:
                                                2.2 GHz
                                            
                                                                                                                                
                                                Liczba rdzeni:
                                                6 rdzeni
                                            
                                                                                                                                
                                                Odblokowany mnożnik:
                                                Nie
                                            
                                                                                                                                
                                                Typ gniazda:
                                                Socket 1151 (Coffee Lake)
                                            
                                                                                                                                
                                                Wynik Benchmark:
                                                8176
                                            
                                                                                Pokaż więcej"
"1746615606-51","https://www.morele.net/kategoria/procesory-45/,,,,,,,,0,,,,/10/","Procesor Intel Core i5-14500T, 1.7 GHz, 24 MB, OEM (CM8071505092904)","1 160,47 zł","https://images.morele.net/i256/13172930_0_i256.jpg","CECHY PRODUKTU
                                                                                                                                
                                                Częstotliwość taktowania procesora:
                                                1.7 GHz
                                            
                                                                                                                                
                                                Liczba rdzeni:
                                                14 rdzeni
                                            
                                                                                                                                
                                                Odblokowany mnożnik:
                                                Nie
                                            
                                                                                                                                
                                                Typ gniazda:
                                                Socket 1700
                                            
                                                                                                                                
                                                Wynik Benchmark:
                                                23439, 32232
                                            
                                                                                Pokaż więcej"
"1746615606-52","https://www.morele.net/kategoria/procesory-45/,,,,,,,,0,,,,/10/","Procesor Intel Core Ultra 5 225, 3.3 GHz, 20 MB, BOX (BX80768225)","1 159,04 zł","https://images.morele.net/i256/14481753_1_i256.jpg","CECHY PRODUKTU
                                                                                                                                
                                                Częstotliwość taktowania procesora:
                                                3.3 GHz
                                            
                                                                                                                                
                                                Liczba rdzeni:
                                                10 rdzeni
                                            
                                                                                                                                
                                                Odblokowany mnożnik:
                                                Nie
                                            
                                                                                                                                
                                                Typ gniazda:
                                                Socket 1851
                                            
                                                                                                                                
                                                Wynik Benchmark:
                                                Brak danych
                                            
                                                                                Pokaż więcej"
"1746615606-53","https://www.morele.net/kategoria/procesory-45/,,,,,,,,0,,,,/10/","Procesor Intel Core i5-13500T, 1.6 GHz, 24 MB, OEM (CM8071505092901)","1 161,18 zł","https://images.morele.net/i256/13112507_0_i256.jpg","CECHY PRODUKTU
                                                                                                                                
                                                Częstotliwość taktowania procesora:
                                                1.6 GHz
                                            
                                                                                                                                
                                                Liczba rdzeni:
                                                14 rdzeni
                                            
                                                                                                                                
                                                Odblokowany mnożnik:
                                                Nie
                                            
                                                                                                                                
                                                Typ gniazda:
                                                Socket 1700
                                            
                                                                                                                                
                                                Wynik Benchmark:
                                                24094
                                            
                                                                                Pokaż więcej"
"1746615606-54","https://www.morele.net/kategoria/procesory-45/,,,,,,,,0,,,,/10/","Procesor AMD Ryzen 3 Pro 8300G, 3.4 GHz, 8 MB, OEM (100-000001187)","1 213,40 zł","https://images.morele.net/i256/13465454_0_i256.jpg","CECHY PRODUKTU
                                                                                                                                
                                                Częstotliwość taktowania procesora:
                                                3.4 GHz
                                            
                                                                                                                                
                                                Liczba rdzeni:
                                                4 rdzenie
                                            
                                                                                                                                
                                                Odblokowany mnożnik:
                                                Tak
                                            
                                                                                                                                
                                                Typ gniazda:
                                                Socket AM5
                                            
                                                                                                                                
                                                Wynik Benchmark:
                                                13960
                                            
                                                                                Pokaż więcej"
"1746615606-55","https://www.morele.net/kategoria/procesory-45/,,,,,,,,0,,,,/10/","Procesor Intel Core i7-13700F, 1.5 GHz, 30 MB, OEM (CM8071504820806)","1 247,99 zł","https://images.morele.net/i256/13112521_0_i256.jpg","CECHY PRODUKTU
                                                                                                                                
                                                Częstotliwość taktowania procesora:
                                                1.5 GHz
                                            
                                                                                                                                
                                                Liczba rdzeni:
                                                16 rdzeni
                                            
                                                                                                                                
                                                Odblokowany mnożnik:
                                                Nie
                                            
                                                                                                                                
                                                Typ gniazda:
                                                Socket 1700
                                            
                                                                                                                                
                                                Wynik Benchmark:
                                                39541
                                            
                                                                                Pokaż więcej"
"1746615606-56","https://www.morele.net/kategoria/procesory-45/,,,,,,,,0,,,,/10/","Procesor Intel Core i5-14600T, 1.8 GHz, 24 MB, OEM (CM8071504821019)","1 280,89 zł","https://images.morele.net/i256/13172928_0_i256.jpg","CECHY PRODUKTU
                                                                                                                                
                                                Częstotliwość taktowania procesora:
                                                1.8 GHz
                                            
                                                                                                                                
                                                Liczba rdzeni:
                                                14 rdzeni
                                            
                                                                                                                                
                                                Odblokowany mnożnik:
                                                Nie
                                            
                                                                                                                                
                                                Typ gniazda:
                                                Socket 1700
                                            
                                                                                                                                
                                                Wynik Benchmark:
                                                25110
                                            
                                                                                Pokaż więcej"
"1746615606-57","https://www.morele.net/kategoria/procesory-45/,,,,,,,,0,,,,/10/","Procesor AMD Ryzen 9 5900XT, 3.3 GHz, 64 MB, BOX (100-100001581WOF)","1 299 zł","https://images.morele.net/i256/13331766_0_i256.jpg","CECHY PRODUKTU
                                                                                                                                
                                                Częstotliwość taktowania procesora:
                                                3.3 GHz
                                            
                                                                                                                                
                                                Liczba rdzeni:
                                                16 rdzeni
                                            
                                                                                                                                
                                                Odblokowany mnożnik:
                                                Tak
                                            
                                                                                                                                
                                                Typ gniazda:
                                                Socket AM4
                                            
                                                                                                                                
                                                Wynik Benchmark:
                                                44576
                                            
                                                                                Pokaż więcej"
"1746615606-58","https://www.morele.net/kategoria/procesory-45/,,,,,,,,0,,,,/10/","Procesor AMD Ryzen 7 5700X, 3.4 GHz, 32 MB, MPK (100-100000926SPK)","1 313,12 zł","https://images.morele.net/i256/14689613_0_i256.jpg","CECHY PRODUKTU
                                                                                                                                
                                                Częstotliwość taktowania procesora:
                                                3.4 GHz
                                            
                                                                                                                                
                                                Liczba rdzeni:
                                                8 rdzeni
                                            
                                                                                                                                
                                                Odblokowany mnożnik:
                                                Tak
                                            
                                                                                                                                
                                                Typ gniazda:
                                                Socket AM4
                                            
                                                                                                                                
                                                Wynik Benchmark:
                                                26749
                                            
                                                                                Pokaż więcej"
"1746615606-59","https://www.morele.net/kategoria/procesory-45/,,,,,,,,0,,,,/10/","Procesor Intel Core Ultra 5 245KF, 3.6 GHz, 24 MB, OEM (AT8076806414)","1 319 zł","https://images.morele.net/i256/14415023_1_i256.jpg","CECHY PRODUKTU
                                                                                                                                
                                                Częstotliwość taktowania procesora:
                                                3.6 GHz
                                            
                                                                                                                                
                                                Liczba rdzeni:
                                                14 rdzeni
                                            
                                                                                                                                
                                                Odblokowany mnożnik:
                                                Tak
                                            
                                                                                                                                
                                                Typ gniazda:
                                                Socket 1851
                                            
                                                                                                                                
                                                Wynik Benchmark:
                                                42561
                                            
                                                                                Pokaż więcej"
"1746615606-60","https://www.morele.net/kategoria/procesory-45/,,,,,,,,0,,,,/10/","Procesor Intel Core Ultra 5 245, 3.5 GHz, 24 MB, OEM (AT8076806775)","1 327,94 zł","https://images.morele.net/i256/14508099_1_i256.jpg","CECHY PRODUKTU
                                                                                                                                
                                                Częstotliwość taktowania procesora:
                                                3.5 GHz
                                            
                                                                                                                                
                                                Liczba rdzeni:
                                                14 rdzeni
                                            
                                                                                                                                
                                                Odblokowany mnożnik:
                                                Nie
                                            
                                                                                                                                
                                                Typ gniazda:
                                                Socket 1851
                                            
                                                                                                                                
                                                Wynik Benchmark:
                                                Brak danych
                                            
                                                                                Pokaż więcej"
"1746615606-61","https://www.morele.net/kategoria/procesory-45/,,,,,,,,0,,,,/10/","Procesor AMD Ryzen 5 Pro 8500G, 3.5 GHz, 16 MB, OEM (100-000001183)","1 331,38 zł","https://images.morele.net/i256/13465463_0_i256.jpg","CECHY PRODUKTU
                                                                                                                                
                                                Częstotliwość taktowania procesora:
                                                3.5 GHz
                                            
                                                                                                                                
                                                Liczba rdzeni:
                                                6 rdzeni
                                            
                                                                                                                                
                                                Odblokowany mnożnik:
                                                Tak
                                            
                                                                                                                                
                                                Typ gniazda:
                                                Socket AM5
                                            
                                                                                                                                
                                                Wynik Benchmark:
                                                21807
                                            
                                                                                Pokaż więcej"
"1746615606-62","https://www.morele.net/kategoria/procesory-45/,,,,,,,,0,,,,/10/","Procesor Intel Core i5-14500, 2.6 GHz, 24 MB, OEM (CM8071505093104)","1 357,65 zł","https://images.morele.net/i256/13172934_0_i256.jpg","CECHY PRODUKTU
                                                                                                                                
                                                Częstotliwość taktowania procesora:
                                                2.6 GHz
                                            
                                                                                                                                
                                                Liczba rdzeni:
                                                14 rdzeni
                                            
                                                                                                                                
                                                Odblokowany mnożnik:
                                                Nie
                                            
                                                                                                                                
                                                Typ gniazda:
                                                Socket 1700
                                            
                                                                                                                                
                                                Wynik Benchmark:
                                                32232
                                            
                                                                                Pokaż więcej"
"1746615606-63","https://www.morele.net/kategoria/procesory-45/,,,,,,,,0,,,,/10/","Procesor Intel Core i7-14700F, 2.1 GHz, 33 MB, OEM (CM8071504820816)","1 357,26 zł","https://images.morele.net/i256/13172900_0_i256.jpg","CECHY PRODUKTU
                                                                                                                                
                                                Częstotliwość taktowania procesora:
                                                2.1 GHz
                                            
                                                                                                                                
                                                Liczba rdzeni:
                                                20 rdzeni
                                            
                                                                                                                                
                                                Odblokowany mnożnik:
                                                Nie
                                            
                                                                                                                                
                                                Typ gniazda:
                                                Socket 1700
                                            
                                                                                                                                
                                                Wynik Benchmark:
                                                47379
                                            
                                                                                Pokaż więcej"
"1746615606-64","https://www.morele.net/kategoria/procesory-45/,,,,,,,,0,,,,/10/","Procesor Intel® Core™ I7-14700F (33M Cache, up to 5.40 GHz) Tray","1 385,85 zł","https://images.morele.net/i256/14910440_0_i256.jpg",""
"1746615606-65","https://www.morele.net/kategoria/procesory-45/,,,,,,,,0,,,,/10/","Procesor AMD Ryzen 5 5600G, 3.9 GHz, 16 MB, MPK (100-100000252MPK)","1 396,98 zł","https://images.morele.net/i256/8536080_2_i256.jpg","CECHY PRODUKTU
                                                                                                                                
                                                Częstotliwość taktowania procesora:
                                                3.9 GHz
                                            
                                                                                                                                
                                                Liczba rdzeni:
                                                6 rdzeni
                                            
                                                                                                                                
                                                Odblokowany mnożnik:
                                                Tak
                                            
                                                                                                                                
                                                Typ gniazda:
                                                Socket AM4
                                            
                                                                                                                                
                                                Wynik Benchmark:
                                                19903
                                            
                                                                                Pokaż więcej"
"1746615606-66","https://www.morele.net/kategoria/procesory-45/,,,,,,,,0,,,,/10/","Procesor Intel Core i7-9700, 3 GHz, 12 MB, OEM (CM8068403874521)","1 412,90 zł","https://images.morele.net/i256/6051315_2_i256.jpg","CECHY PRODUKTU
                                                                                                                                
                                                Częstotliwość taktowania procesora:
                                                3 GHz
                                            
                                                                                                                                
                                                Liczba rdzeni:
                                                8 rdzeni
                                            
                                                                                                                                
                                                Odblokowany mnożnik:
                                                Nie
                                            
                                                                                                                                
                                                Typ gniazda:
                                                Socket 1151 (Coffee Lake)
                                            
                                                                                                                                
                                                Wynik Benchmark:
                                                13264
                                            
                                                                                Pokaż więcej"
"1746615606-67","https://www.morele.net/kategoria/procesory-45/,,,,,,,,0,,,,/10/","Procesor AMD Ryzen 7 Pro 3700, 3.6 GHz, 32 MB, OEM (100-000000073)","1 446,98 zł","https://images.morele.net/i256/9010121_0_i256.jpg","CECHY PRODUKTU
                                                                                                                                
                                                Częstotliwość taktowania procesora:
                                                3.6 GHz
                                            
                                                                                                                                
                                                Liczba rdzeni:
                                                8 rdzeni
                                            
                                                                                                                                
                                                Odblokowany mnożnik:
                                                Tak
                                            
                                                                                                                                
                                                Typ gniazda:
                                                Socket AM4
                                            
                                                                                                                                
                                                Wynik Benchmark:
                                                22899
                                            
                                                                                Pokaż więcej"
"1746615606-68","https://www.morele.net/kategoria/procesory-45/,,,,,,,,0,,,,/10/","Procesor Intel Core Ultra 7 265F, 2.4 GHz, 30 MB, BOX (BX80768265F)","1 457,73 zł","https://images.morele.net/i256/14689619_1_i256.jpg","CECHY PRODUKTU
                                                                                                                                
                                                Częstotliwość taktowania procesora:
                                                2.4 GHz
                                            
                                                                                                                                
                                                Liczba rdzeni:
                                                20 rdzeni
                                            
                                                                                                                                
                                                Odblokowany mnożnik:
                                                Tak
                                            
                                                                                                                                
                                                Typ gniazda:
                                                Socket 1851
                                            
                                                                                                                                
                                                Wynik Benchmark:
                                                49478
                                            
                                                                                Pokaż więcej"
"1746615606-69","https://www.morele.net/kategoria/procesory-45/,,,,,,,,0,,,,/10/","Procesor AMD Ryzen 5 7600X3D, 4.1 GHz, 96 MB, OEM (100-100001721)","1 462,49 zł","https://images.morele.net/i256/14461469_1_i256.jpg","CECHY PRODUKTU
                                                                                                                                
                                                Częstotliwość taktowania procesora:
                                                4.1 GHz
                                            
                                                                                                                                
                                                Liczba rdzeni:
                                                6 rdzeni
                                            
                                                                                                                                
                                                Odblokowany mnożnik:
                                                Nie
                                            
                                                                                                                                
                                                Typ gniazda:
                                                Socket AM5
                                            
                                                                                                                                
                                                Wynik Benchmark:
                                                25724
                                            
                                                                                Pokaż więcej"
"1746615606-70","https://www.morele.net/kategoria/procesory-45/,,,,,,,,0,,,,/10/","Procesor AMD Ryzen 9 7900X, 4.7 GHz, 64 MB, OEM (100-000000589)","1 479,41 zł","https://images.morele.net/i256/12887429_0_i256.jpg","CECHY PRODUKTU
                                                                                                                                
                                                Częstotliwość taktowania procesora:
                                                4.7 GHz
                                            
                                                                                                                                
                                                Liczba rdzeni:
                                                12 rdzeni
                                            
                                                                                                                                
                                                Odblokowany mnożnik:
                                                Tak
                                            
                                                                                                                                
                                                Typ gniazda:
                                                Socket AM5
                                            
                                                                                                                                
                                                Wynik Benchmark:
                                                52113
                                            
                                                                                Pokaż więcej"
"1746615606-71","https://www.morele.net/kategoria/procesory-45/,,,,,,,,0,,,,/10/","Procesor Intel Core i5-9500TE, 2.2 GHz, 9 MB, OEM (CM8068404404726)","1 525,79 zł","https://images.morele.net/i256/13133448_0_i256.jpg","CECHY PRODUKTU
                                                                                                                                
                                                Częstotliwość taktowania procesora:
                                                2.2 GHz
                                            
                                                                                                                                
                                                Liczba rdzeni:
                                                6 rdzeni
                                            
                                                                                                                                
                                                Odblokowany mnożnik:
                                                Nie
                                            
                                                                                                                                
                                                Typ gniazda:
                                                Socket 1151 (Coffee Lake)
                                            
                                                                                                                                
                                                Wynik Benchmark:
                                                9848
                                            
                                                                                Pokaż więcej"
"1746615606-72","https://www.morele.net/kategoria/procesory-45/,,,,,,,,0,,,,/10/","Procesor Intel Core Ultra 7 265F, 2.4 GHz, 30 MB, BOX (BX80768265)","1 534,56 zł","https://images.morele.net/i256/14675605_5_i256.jpg","CECHY PRODUKTU
                                                                                                                                
                                                Częstotliwość taktowania procesora:
                                                2.4 GHz
                                            
                                                                                                                                
                                                Liczba rdzeni:
                                                20 rdzeni
                                            
                                                                                                                                
                                                Odblokowany mnożnik:
                                                Tak
                                            
                                                                                                                                
                                                Typ gniazda:
                                                Socket 1851
                                            
                                                                                                                                
                                                Wynik Benchmark:
                                                48702
                                            
                                                                                Pokaż więcej"
"1746615606-73","https://www.morele.net/kategoria/procesory-45/,,,,,,,,0,,,,/10/","Procesor AMD Ryzen 7 8700G, 4.2 GHz, 16 MB, MPK (100-100001236MPK)","1 578,18 zł","https://images.morele.net/i256/13170055_0_i256.jpg","CECHY PRODUKTU
                                                                                                                                
                                                Częstotliwość taktowania procesora:
                                                4.2 GHz
                                            
                                                                                                                                
                                                Liczba rdzeni:
                                                8 rdzeni
                                            
                                                                                                                                
                                                Odblokowany mnożnik:
                                                Tak
                                            
                                                                                                                                
                                                Typ gniazda:
                                                Socket AM5
                                            
                                                                                                                                
                                                Wynik Benchmark:
                                                32143
                                            
                                                                                Pokaż więcej"
"1746615606-74","https://www.morele.net/kategoria/procesory-45/,,,,,,,,0,,,,/10/","Procesor Intel Core Ultra 7 265KF, 3.3 GHz, 30 MB, BOX (BX80768265KF S RQCU)","1 600,54 zł","https://images.morele.net/i256/14844523_0_i256.jpg","CECHY PRODUKTU
                                                                                                                                
                                                Częstotliwość taktowania procesora:
                                                3.3 GHz
                                            
                                                                                                                                
                                                Liczba rdzeni:
                                                20 rdzeni
                                            
                                                                                                                                
                                                Odblokowany mnożnik:
                                                Tak
                                            
                                                                                                                                
                                                Typ gniazda:
                                                Socket 1851
                                            
                                                                                                                                
                                                Wynik Benchmark:
                                                Brak danych
                                            
                                                                                Pokaż więcej"
"1746615606-75","https://www.morele.net/kategoria/procesory-45/,,,,,,,,0,,,,/10/","Procesor AMD Ryzen 7 5700X, 3.4 GHz, 32 MB, OEM (100-100000926SPK)","1 600,66 zł","https://images.morele.net/i256/13189445_0_i256.jpg","CECHY PRODUKTU
                                                                                                                                
                                                Częstotliwość taktowania procesora:
                                                3.4 GHz
                                            
                                                                                                                                
                                                Liczba rdzeni:
                                                8 rdzeni
                                            
                                                                                                                                
                                                Odblokowany mnożnik:
                                                Tak
                                            
                                                                                                                                
                                                Typ gniazda:
                                                Socket AM4
                                            
                                                                                                                                
                                                Wynik Benchmark:
                                                26749
                                            
                                                                                Pokaż więcej"
"1746615606-76","https://www.morele.net/kategoria/procesory-45/,,,,,,,,0,,,,/10/","Procesor Intel Core i7-11700T, 1.4 GHz, 16 MB, OEM (CM8070804491314)","1 625,99 zł","https://images.morele.net/i256/10476250_0_i256.jpg","CECHY PRODUKTU
                                                                                                                                
                                                Częstotliwość taktowania procesora:
                                                1.4 GHz
                                            
                                                                                                                                
                                                Liczba rdzeni:
                                                8 rdzeni
                                            
                                                                                                                                
                                                Odblokowany mnożnik:
                                                Nie
                                            
                                                                                                                                
                                                Typ gniazda:
                                                Socket 1200
                                            
                                                                                                                                
                                                Wynik Benchmark:
                                                16228
                                            
                                                                                Pokaż więcej"
"1746615606-77","https://www.morele.net/kategoria/procesory-45/,,,,,,,,0,,,,/10/","Procesor Intel Core Ultra 7 265K, 3.3 GHz, 30 MB, BOX (BX80768265K S RQCW)","1 625,83 zł","https://images.morele.net/i256/14919798_1_i256.jpg","CECHY PRODUKTU
                                                                                                                                
                                                Częstotliwość taktowania procesora:
                                                3.3 GHz
                                            
                                                                                                                                
                                                Liczba rdzeni:
                                                20 rdzeni
                                            
                                                                                                                                
                                                Odblokowany mnożnik:
                                                Tak
                                            
                                                                                                                                
                                                Typ gniazda:
                                                Socket 1851
                                            
                                                                                                                                
                                                Wynik Benchmark:
                                                Brak danych
                                            
                                                                                Pokaż więcej"
"1746615606-78","https://www.morele.net/kategoria/procesory-45/,,,,,,,,0,,,,/10/","Procesor Intel Core i7-13700K, 3.4 GHz, 30 MB, OEM (CM8071504820705)","1 663,99 zł","https://images.morele.net/i256/13112509_0_i256.jpg","CECHY PRODUKTU
                                                                                                                                
                                                Częstotliwość taktowania procesora:
                                                3.4 GHz
                                            
                                                                                                                                
                                                Liczba rdzeni:
                                                16 rdzeni
                                            
                                                                                                                                
                                                Odblokowany mnożnik:
                                                Tak
                                            
                                                                                                                                
                                                Typ gniazda:
                                                Socket 1700
                                            
                                                                                                                                
                                                Wynik Benchmark:
                                                46699
                                            
                                                                                Pokaż więcej"
"1746615615-79","https://www.morele.net/kategoria/procesory-45/,,,,,,,,0,,,,/9/","Procesor Intel Core i5-11400, 2.6 GHz, 12 MB, Bulk (CM8070804497015)","596,53 zł","https://images.morele.net/i256/10059324_0_i256.jpg","CECHY PRODUKTU
                                                                                                                                
                                                Częstotliwość taktowania procesora:
                                                2.6 GHz
                                            
                                                                                                                                
                                                Liczba rdzeni:
                                                6 rdzeni
                                            
                                                                                                                                
                                                Odblokowany mnożnik:
                                                Nie
                                            
                                                                                                                                
                                                Typ gniazda:
                                                Socket 1200 (Rocket Lake)
                                            
                                                                                                                                
                                                Wynik Benchmark:
                                                17103
                                            
                                                                                Pokaż więcej"
"1746615615-80","https://www.morele.net/kategoria/procesory-45/,,,,,,,,0,,,,/9/","Core I3-12100T Processor 12","613,92 zł","https://images.morele.net/i256/14828070_0_i256.jpg","CECHY PRODUKTU
                                                                                                                                
                                                Typ gniazda:
                                                Socket 1700
                                            
                                                                                Pokaż więcej"
"1746615615-81","https://www.morele.net/kategoria/procesory-45/,,,,,,,,0,,,,/9/","Procesor Intel Core i5-14400F, 2.5 GHz, 20 MB, OEM (CM8071505093011)","619,62 zł","https://images.morele.net/i256/13191020_1_i256.jpg","CECHY PRODUKTU
                                                                                                                                
                                                Częstotliwość taktowania procesora:
                                                2.5 GHz
                                            
                                                                                                                                
                                                Liczba rdzeni:
                                                10 rdzeni
                                            
                                                                                                                                
                                                Odblokowany mnożnik:
                                                Nie
                                            
                                                                                                                                
                                                Typ gniazda:
                                                Socket 1700
                                            
                                                                                                                                
                                                Wynik Benchmark:
                                                25548
                                            
                                                                                Pokaż więcej"
"1746615615-82","https://www.morele.net/kategoria/procesory-45/,,,,,,,,0,,,,/9/","Procesor Intel Core i5-14400F, 2.5 GHz, 20 MB, OEM (CM8071504821113)","636,11 zł","https://images.morele.net/i256/13172923_1_i256.jpg","CECHY PRODUKTU
                                                                                                                                
                                                Częstotliwość taktowania procesora:
                                                2.5 GHz
                                            
                                                                                                                                
                                                Liczba rdzeni:
                                                10 rdzeni
                                            
                                                                                                                                
                                                Odblokowany mnożnik:
                                                Nie
                                            
                                                                                                                                
                                                Typ gniazda:
                                                Socket 1700
                                            
                                                                                                                                
                                                Wynik Benchmark:
                                                25548
                                            
                                                                                Pokaż więcej"
"1746615615-83","https://www.morele.net/kategoria/procesory-45/,,,,,,,,0,,,,/9/","Procesor AMD Ryzen 5 4500, 3.6 GHz, 8 MB, OEM (100-000000644)","641,54 zł","https://images.morele.net/i256/10120239_2_i256.jpg","CECHY PRODUKTU
                                                                                                                                
                                                Częstotliwość taktowania procesora:
                                                3.6 GHz
                                            
                                                                                                                                
                                                Liczba rdzeni:
                                                6 rdzeni
                                            
                                                                                                                                
                                                Odblokowany mnożnik:
                                                Nie
                                            
                                                                                                                                
                                                Typ gniazda:
                                                Socket AM4
                                            
                                                                                                                                
                                                Wynik Benchmark:
                                                16183
                                            
                                                                                Pokaż więcej"
"1746615615-84","https://www.morele.net/kategoria/procesory-45/,,,,,,,,0,,,,/9/","Procesor Intel Core i3-12100T, 2.2 GHz, 12 MB, OEM (CM8071504651106)","655,84 zł","https://images.morele.net/i256/9658408_0_i256.jpg","CECHY PRODUKTU
                                                                                                                                
                                                Częstotliwość taktowania procesora:
                                                2.2 GHz
                                            
                                                                                                                                
                                                Liczba rdzeni:
                                                4 rdzenie
                                            
                                                                                                                                
                                                Odblokowany mnożnik:
                                                Nie
                                            
                                                                                                                                
                                                Typ gniazda:
                                                Socket 1700
                                            
                                                                                                                                
                                                Wynik Benchmark:
                                                12749
                                            
                                                                                Pokaż więcej"
"1746615615-85","https://www.morele.net/kategoria/procesory-45/,,,,,,,,0,,,,/9/","Procesor AMD Ryzen 3 5300G, 4 GHz, 8 MB, OEM (100-000000253)","663,19 zł","https://images.morele.net/i256/14176815_0_i256.jpg","CECHY PRODUKTU
                                                                                                                                
                                                Częstotliwość taktowania procesora:
                                                4 GHz
                                            
                                                                                                                                
                                                Liczba rdzeni:
                                                4 rdzenie
                                            
                                                                                                                                
                                                Odblokowany mnożnik:
                                                Tak
                                            
                                                                                                                                
                                                Typ gniazda:
                                                Socket AM4
                                            
                                                                                                                                
                                                Wynik Benchmark:
                                                12902
                                            
                                                                                Pokaż więcej"
"1746615615-86","https://www.morele.net/kategoria/procesory-45/,,,,,,,,0,,,,/9/","Procesor Intel Core i3-13100T, 2.5 GHz, 12 MB, OEM (CM8071505092101)","667,83 zł","https://images.morele.net/i256/13112499_0_i256.jpg","CECHY PRODUKTU
                                                                                                                                
                                                Częstotliwość taktowania procesora:
                                                2.5 GHz
                                            
                                                                                                                                
                                                Liczba rdzeni:
                                                4 rdzenie
                                            
                                                                                                                                
                                                Odblokowany mnożnik:
                                                Nie
                                            
                                                                                                                                
                                                Typ gniazda:
                                                Socket 1700
                                            
                                                                                                                                
                                                Wynik Benchmark:
                                                13281
                                            
                                                                                Pokaż więcej"
"1746615615-87","https://www.morele.net/kategoria/procesory-45/,,,,,,,,0,,,,/9/","Procesor AMD Ryzen 5 5500GT, 3.6 GHz, 16 MB, OEM (100-000001489)","673,99 zł","https://images.morele.net/i256/13189444_0_i256.jpg","CECHY PRODUKTU
                                                                                                                                
                                                Częstotliwość taktowania procesora:
                                                3.6 GHz
                                            
                                                                                                                                
                                                Liczba rdzeni:
                                                6 rdzeni
                                            
                                                                                                                                
                                                Odblokowany mnożnik:
                                                Tak
                                            
                                                                                                                                
                                                Typ gniazda:
                                                Socket AM4
                                            
                                                                                                                                
                                                Wynik Benchmark:
                                                20241
                                            
                                                                                Pokaż więcej"
"1746615615-88","https://www.morele.net/kategoria/procesory-45/,,,,,,,,0,,,,/9/","Procesor Intel Core i3-12100E, 3.2 GHz, 12 MB, OEM (CM8071504654209)","674,47 zł","https://images.morele.net/i256/13112497_0_i256.jpg","CECHY PRODUKTU
                                                                                                                                
                                                Częstotliwość taktowania procesora:
                                                3.2 GHz
                                            
                                                                                                                                
                                                Liczba rdzeni:
                                                4 rdzenie
                                            
                                                                                                                                
                                                Odblokowany mnożnik:
                                                Nie
                                            
                                                                                                                                
                                                Typ gniazda:
                                                Socket 1700
                                            
                                                                                                                                
                                                Wynik Benchmark:
                                                1425
                                            
                                                                                Pokaż więcej"
"1746615615-89","https://www.morele.net/kategoria/procesory-45/,,,,,,,,0,,,,/9/","Procesor AMD Ryzen Threadripper Pro 3945WX, 4 GHz, 64 MB, OEM (100-000000168)","705,25 zł","https://images.morele.net/i256/13245590_0_i256.jpg","CECHY PRODUKTU
                                                                                                                                
                                                Częstotliwość taktowania procesora:
                                                4 GHz
                                            
                                                                                                                                
                                                Liczba rdzeni:
                                                12 rdzeni
                                            
                                                                                                                                
                                                Odblokowany mnożnik:
                                                Tak
                                            
                                                                                                                                
                                                Typ gniazda:
                                                Socket sWRX8
                                            
                                                                                                                                
                                                Wynik Benchmark:
                                                33506
                                            
                                                                                Pokaż więcej"
"1746615615-90","https://www.morele.net/kategoria/procesory-45/,,,,,,,,0,,,,/9/","Procesor Intel Core i3-8100T, 3.1 GHz, 6 MB, OEM (CM8068403377415)","724,47 zł","https://images.morele.net/i256/4055104_0_i256.jpg","CECHY PRODUKTU
                                                                                                                                
                                                Częstotliwość taktowania procesora:
                                                3.1 GHz
                                            
                                                                                                                                
                                                Liczba rdzeni:
                                                4 rdzenie
                                            
                                                                                                                                
                                                Odblokowany mnożnik:
                                                Nie
                                            
                                                                                                                                
                                                Typ gniazda:
                                                Socket 1151 (Coffee Lake)
                                            
                                                                                                                                
                                                Wynik Benchmark:
                                                5345
                                            
                                                                                Pokaż więcej"
"1746615615-91","https://www.morele.net/kategoria/procesory-45/,,,,,,,,0,,,,/9/","Procesor Intel Core i5-13400F, 2.5 GHz, 20 MB, BOX + Endorfy Fera 5 Dual Fan","728 zł","https://images.morele.net/i256/9078610_0_i256.jpg","CECHY PRODUKTU
                                                                                                                                
                                                Częstotliwość taktowania procesora:
                                                2.5 GHz
                                            
                                                                                                                                
                                                Liczba rdzeni:
                                                10 rdzeni
                                            
                                                                                                                                
                                                Odblokowany mnożnik:
                                                Nie
                                            
                                                                                                                                
                                                Typ gniazda:
                                                Socket 1700
                                            
                                                                                                                                
                                                Wynik Benchmark:
                                                2543
                                            
                                                                                Pokaż więcej"
"1746615615-92","https://www.morele.net/kategoria/procesory-45/,,,,,,,,0,,,,/9/","Procesor Intel Core i5-14400, 2.5 GHz, 20 MB, OEM (CM8071505093012)","750,99 zł","https://images.morele.net/i256/13191038_1_i256.jpg","CECHY PRODUKTU
                                                                                                                                
                                                Częstotliwość taktowania procesora:
                                                2.5 GHz
                                            
                                                                                                                                
                                                Liczba rdzeni:
                                                10 rdzeni
                                            
                                                                                                                                
                                                Odblokowany mnożnik:
                                                Nie
                                            
                                                                                                                                
                                                Typ gniazda:
                                                Socket 1700
                                            
                                                                                                                                
                                                Wynik Benchmark:
                                                27235
                                            
                                                                                Pokaż więcej"
"1746615615-93","https://www.morele.net/kategoria/procesory-45/,,,,,,,,0,,,,/9/","Procesor Intel Core i5-14400T, 1.5 GHz, 20 MB, OEM (CM8071505092805)","752,13 zł","https://images.morele.net/i256/13172929_0_i256.jpg","CECHY PRODUKTU
                                                                                                                                
                                                Częstotliwość taktowania procesora:
                                                1.5 GHz
                                            
                                                                                                                                
                                                Liczba rdzeni:
                                                10 rdzeni
                                            
                                                                                                                                
                                                Odblokowany mnożnik:
                                                Nie
                                            
                                                                                                                                
                                                Typ gniazda:
                                                Socket 1700
                                            
                                                                                                                                
                                                Wynik Benchmark:
                                                24598
                                            
                                                                                Pokaż więcej"
"1746615615-94","https://www.morele.net/kategoria/procesory-45/,,,,,,,,0,,,,/9/","AMD Ryzen 5 PRO 5655G procesor 3,9 GHz 16 MB L3","759,68 zł","https://images.morele.net/i256/14523957_0_i256.jpg","CECHY PRODUKTU
                                                                                                                                
                                                Typ gniazda:
                                                Socket AM4
                                            
                                                                                Pokaż więcej"
"1746615615-95","https://www.morele.net/kategoria/procesory-45/,,,,,,,,0,,,,/9/","Procesor Intel Core i5-14400, 2.5 GHz, 20 MB, OEM (CM8071504821112)","777,09 zł","https://images.morele.net/i256/13172933_0_i256.jpg","CECHY PRODUKTU
                                                                                                                                
                                                Częstotliwość taktowania procesora:
                                                2.5 GHz
                                            
                                                                                                                                
                                                Liczba rdzeni:
                                                10 rdzeni
                                            
                                                                                                                                
                                                Odblokowany mnożnik:
                                                Nie
                                            
                                                                                                                                
                                                Typ gniazda:
                                                Socket 1700
                                            
                                                                                                                                
                                                Wynik Benchmark:
                                                27235
                                            
                                                                                Pokaż więcej"
"1746615615-96","https://www.morele.net/kategoria/procesory-45/,,,,,,,,0,,,,/9/","Intel Core i3-14100T procesor 12 MB Smart Cache","781,38 zł","https://images.morele.net/i256/14828174_0_i256.jpg","CECHY PRODUKTU
                                                                                                                                
                                                Częstotliwość taktowania procesora:
                                                2.7 GHz
                                            
                                                                                                                                
                                                Typ gniazda:
                                                Socket 1700
                                            
                                                                                Pokaż więcej"
"1746615615-97","https://www.morele.net/kategoria/procesory-45/,,,,,,,,0,,,,/9/","Procesor AMD Ryzen 5 7600, 3.8 GHz, 32 MB, MPK (100-100001015MPK)","889,43 zł","https://images.morele.net/i256/13136072_1_i256.jpg","CECHY PRODUKTU
                                                                                                                                
                                                Częstotliwość taktowania procesora:
                                                3.8 GHz
                                            
                                                                                                                                
                                                Liczba rdzeni:
                                                6 rdzeni
                                            
                                                                                                                                
                                                Odblokowany mnożnik:
                                                Tak
                                            
                                                                                                                                
                                                Typ gniazda:
                                                Socket AM5
                                            
                                                                                                                                
                                                Wynik Benchmark:
                                                27474
                                            
                                                                                Pokaż więcej"
"1746615615-98","https://www.morele.net/kategoria/procesory-45/,,,,,,,,0,,,,/9/","AMD Ryzen 7 PRO 5755G procesor 3,8 GHz 16 MB L3","918,63 zł","https://images.morele.net/i256/14729283_0_i256.jpg","CECHY PRODUKTU
                                                                                                                                
                                                Częstotliwość taktowania procesora:
                                                3.8 GHz
                                            
                                                                                Pokaż więcej"
"1746615615-99","https://www.morele.net/kategoria/procesory-45/,,,,,,,,0,,,,/9/","Procesor AMD Ryzen 5 Pro 7645, 3.8 GHz, 32 MB, OEM (100-100000600MPK)","949,26 zł","https://images.morele.net/i256/13113206_0_i256.jpg","CECHY PRODUKTU
                                                                                                                                
                                                Częstotliwość taktowania procesora:
                                                3.8 GHz
                                            
                                                                                                                                
                                                Liczba rdzeni:
                                                6 rdzeni
                                            
                                                                                                                                
                                                Odblokowany mnożnik:
                                                Tak
                                            
                                                                                                                                
                                                Typ gniazda:
                                                Socket AM5
                                            
                                                                                                                                
                                                Wynik Benchmark:
                                                27734
                                            
                                                                                Pokaż więcej"
"1746615615-100","https://www.morele.net/kategoria/procesory-45/,,,,,,,,0,,,,/9/","Procesor AMD Ryzen 3 Pro 8300G, 3.4 GHz, 8 MB, OEM (100-100001187MPK)","956,21 zł","https://images.morele.net/i256/13903415_0_i256.jpg","CECHY PRODUKTU
                                                                                                                                
                                                Częstotliwość taktowania procesora:
                                                3.4 GHz
                                            
                                                                                                                                
                                                Liczba rdzeni:
                                                4 rdzenie
                                            
                                                                                                                                
                                                Odblokowany mnożnik:
                                                Tak
                                            
                                                                                                                                
                                                Typ gniazda:
                                                Socket AM5
                                            
                                                                                                                                
                                                Wynik Benchmark:
                                                13960
                                            
                                                                                Pokaż więcej"
"1746615615-101","https://www.morele.net/kategoria/procesory-45/,,,,,,,,0,,,,/9/","Procesor Intel Core i5-13600K, 3.5 GHz, 24 MB, OEM (CM8071504821005)","958,16 zł","https://images.morele.net/i256/13099603_0_i256.jpg","CECHY PRODUKTU
                                                                                                                                
                                                Częstotliwość taktowania procesora:
                                                3.5 GHz
                                            
                                                                                                                                
                                                Liczba rdzeni:
                                                14 rdzeni
                                            
                                                                                                                                
                                                Odblokowany mnożnik:
                                                Tak
                                            
                                                                                                                                
                                                Typ gniazda:
                                                Socket 1700
                                            
                                                                                                                                
                                                Wynik Benchmark:
                                                38278
                                            
                                                                                Pokaż więcej"
"1746615615-102","https://www.morele.net/kategoria/procesory-45/,,,,,,,,0,,,,/9/","Procesor Intel Core i5-12600KF, 3.7 GHz, 20 MB, BOX (BX8071512600KF) + Endorfy Fortis 5 (EY3A008)","978 zł","https://images.morele.net/i256/9078169_0_i256.jpg","CECHY PRODUKTU
                                                                                                                                
                                                Częstotliwość taktowania procesora:
                                                3.7 GHz
                                            
                                                                                                                                
                                                Liczba rdzeni:
                                                10 rdzeni
                                            
                                                                                                                                
                                                Odblokowany mnożnik:
                                                Tak
                                            
                                                                                                                                
                                                Typ gniazda:
                                                Socket 1700
                                            
                                                                                                                                
                                                Wynik Benchmark:
                                                27479
                                            
                                                                                Pokaż więcej"
"1746615615-103","https://www.morele.net/kategoria/procesory-45/,,,,,,,,0,,,,/9/","Procesor AMD Ryzen 5 5600XT, 3.7 GHz, 32 MB, OEM (100-000001585)","994,98 zł","https://images.morele.net/i256/14181647_1_i256.jpg","CECHY PRODUKTU
                                                                                                                                
                                                Częstotliwość taktowania procesora:
                                                3.7 GHz
                                            
                                                                                                                                
                                                Liczba rdzeni:
                                                6 rdzeni
                                            
                                                                                                                                
                                                Odblokowany mnożnik:
                                                Tak
                                            
                                                                                                                                
                                                Typ gniazda:
                                                Socket AM4
                                            
                                                                                                                                
                                                Wynik Benchmark:
                                                Brak danych
                                            
                                                                                Pokaż więcej"
"1746615615-104","https://www.morele.net/kategoria/procesory-45/,,,,,,,,0,,,,/9/","Procesor Intel Core Ultra 5 225F, 3.3 GHz, 20 MB, BOX (BX80768225F)","999 zł","https://images.morele.net/i256/14481754_1_i256.jpg","CECHY PRODUKTU
                                                                                                                                
                                                Częstotliwość taktowania procesora:
                                                3.3 GHz
                                            
                                                                                                                                
                                                Liczba rdzeni:
                                                10 rdzeni
                                            
                                                                                                                                
                                                Odblokowany mnożnik:
                                                Nie
                                            
                                                                                                                                
                                                Typ gniazda:
                                                Socket 1851
                                            
                                                                                                                                
                                                Wynik Benchmark:
                                                Brak danych
                                            
                                                                                Pokaż więcej"
"1746615615-105","https://www.morele.net/kategoria/procesory-45/,,,,,,,,0,,,,/9/","Procesor Intel Core i5-13500, 2.5 GHz, 24 MB, OEM (CM8071505093101)","1 071,50 zł","https://images.morele.net/i256/13127353_0_i256.jpg","CECHY PRODUKTU
                                                                                                                                
                                                Częstotliwość taktowania procesora:
                                                2.5 GHz
                                            
                                                                                                                                
                                                Liczba rdzeni:
                                                14 rdzeni
                                            
                                                                                                                                
                                                Odblokowany mnożnik:
                                                Nie
                                            
                                                                                                                                
                                                Typ gniazda:
                                                Socket 1700
                                            
                                                                                                                                
                                                Wynik Benchmark:
                                                32318
                                            
                                                                                Pokaż więcej"
"1746615615-106","https://www.morele.net/kategoria/procesory-45/,,,,,,,,0,,,,/9/","Procesor Intel Core i5-12500T, 2 GHz, 18 MB, OEM (CM8071504647706)","1 081,51 zł","https://images.morele.net/i256/9681932_0_i256.jpg","CECHY PRODUKTU
                                                                                                                                
                                                Częstotliwość taktowania procesora:
                                                2 GHz
                                            
                                                                                                                                
                                                Liczba rdzeni:
                                                6 rdzeni
                                            
                                                                                                                                
                                                Odblokowany mnożnik:
                                                Nie
                                            
                                                                                                                                
                                                Typ gniazda:
                                                Socket 1700
                                            
                                                                                                                                
                                                Wynik Benchmark:
                                                16707
                                            
                                                                                Pokaż więcej"
"1746615615-107","https://www.morele.net/kategoria/procesory-45/,,,,,,,,0,,,,/9/","Procesor AMD Ryzen 5 9600, 3.8 GHz, 32 MB, MPK (100-100000718MPK)","1 092,90 zł","https://images.morele.net/i256/14935575_1_i256.jpg","CECHY PRODUKTU
                                                                                                                                
                                                Częstotliwość taktowania procesora:
                                                3.8 GHz
                                            
                                                                                                                                
                                                Liczba rdzeni:
                                                6 rdzeni
                                            
                                                                                                                                
                                                Odblokowany mnożnik:
                                                Tak
                                            
                                                                                                                                
                                                Typ gniazda:
                                                Socket AM5
                                            
                                                                                                                                
                                                Wynik Benchmark:
                                                29481
                                            
                                                                                Pokaż więcej"
"1746615615-108","https://www.morele.net/kategoria/procesory-45/,,,,,,,,0,,,,/9/","Procesor AMD Ryzen 5 8500G, 3.5 GHz, 16 MB, OEM (100-000000931)","1 107,70 zł","https://images.morele.net/i256/13189446_0_i256.jpg","CECHY PRODUKTU
                                                                                                                                
                                                Częstotliwość taktowania procesora:
                                                3.5 GHz
                                            
                                                                                                                                
                                                Liczba rdzeni:
                                                6 rdzeni
                                            
                                                                                                                                
                                                Odblokowany mnożnik:
                                                Tak
                                            
                                                                                                                                
                                                Typ gniazda:
                                                Socket AM5
                                            
                                                                                                                                
                                                Wynik Benchmark:
                                                21807
                                            
                                                                                Pokaż więcej"
"1746615624-109","https://www.morele.net/kategoria/procesory-45/,,,,,,,,0,,,,/8/","Procesor Intel Core i7-13700, 1.5 GHz, 30 MB, OEM (CM8071504820805)","1 513,28 zł","https://images.morele.net/i256/13112520_0_i256.jpg","CECHY PRODUKTU
                                                                                                                                
                                                Częstotliwość taktowania procesora:
                                                1.5 GHz
                                            
                                                                                                                                
                                                Liczba rdzeni:
                                                16 rdzeni
                                            
                                                                                                                                
                                                Odblokowany mnożnik:
                                                Nie
                                            
                                                                                                                                
                                                Typ gniazda:
                                                Socket 1700
                                            
                                                                                                                                
                                                Wynik Benchmark:
                                                38316
                                            
                                                                                Pokaż więcej"
"1746615624-110","https://www.morele.net/kategoria/procesory-45/,,,,,,,,0,,,,/8/","Procesor AMD Ryzen 7 Pro 4750G, 3.6 GHz, 8 MB, MPK (100-100000145MPK)","1 644,44 zł","https://images.morele.net/i256/9241021_0_i256.jpg","CECHY PRODUKTU
                                                                                                                                
                                                Częstotliwość taktowania procesora:
                                                3.6 GHz
                                            
                                                                                                                                
                                                Liczba rdzeni:
                                                8 rdzeni
                                            
                                                                                                                                
                                                Odblokowany mnożnik:
                                                Tak
                                            
                                                                                                                                
                                                Typ gniazda:
                                                Socket AM4
                                            
                                                                                                                                
                                                Wynik Benchmark:
                                                20482
                                            
                                                                                Pokaż więcej"
"1746615624-111","https://www.morele.net/kategoria/procesory-45/,,,,,,,,0,,,,/8/","Procesor AMD Ryzen 5 7600X3D, 4.1 GHz, 96 MB, BOX (100-100001721WOF)","1 684,99 zł","https://images.morele.net/i256/14627687_1_i256.jpg","CECHY PRODUKTU
                                                                                                                                
                                                Częstotliwość taktowania procesora:
                                                4.1 GHz
                                            
                                                                                                                                
                                                Liczba rdzeni:
                                                6 rdzeni
                                            
                                                                                                                                
                                                Odblokowany mnożnik:
                                                Nie
                                            
                                                                                                                                
                                                Typ gniazda:
                                                Socket AM5
                                            
                                                                                                                                
                                                Wynik Benchmark:
                                                25724
                                            
                                                                                Pokaż więcej"
"1746615624-112","https://www.morele.net/kategoria/procesory-45/,,,,,,,,0,,,,/8/","Procesor Intel Core Ultra 9 285, 2.5 GHz, 36 MB, BOX (BX80768285)","2 497,21 zł","https://images.morele.net/i256/14636495_1_i256.jpg","CECHY PRODUKTU
                                                                                                                                
                                                Częstotliwość taktowania procesora:
                                                2.5 GHz
                                            
                                                                                                                                
                                                Liczba rdzeni:
                                                24 rdzenie
                                            
                                                                                                                                
                                                Odblokowany mnożnik:
                                                Nie
                                            
                                                                                                                                
                                                Typ gniazda:
                                                Socket 1851
                                            
                                                                                                                                
                                                Wynik Benchmark:
                                                54654
                                            
                                                                                Pokaż więcej"
"1746615624-113","https://www.morele.net/kategoria/procesory-45/,,,,,,,,0,,,,/8/","Procesor AMD Ryzen 9 9900X3D, 4.4 GHz, 128 MB, BOX (100-100001368WOF)","2 749 zł","https://images.morele.net/i256/14744282_0_i256.jpg","CECHY PRODUKTU
                                                                                                                                
                                                Częstotliwość taktowania procesora:
                                                4.4 GHz
                                            
                                                                                                                                
                                                Liczba rdzeni:
                                                12 rdzeni
                                            
                                                                                                                                
                                                Odblokowany mnożnik:
                                                Tak
                                            
                                                                                                                                
                                                Typ gniazda:
                                                Socket AM5
                                            
                                                                                                                                
                                                Wynik Benchmark:
                                                56159
                                            
                                                                                Pokaż więcej"
"1746615624-114","https://www.morele.net/kategoria/procesory-45/,,,,,,,,0,,,,/8/","Procesor Intel Core i9-10920X, 3.5 GHz, 19.25 MB, OEM (CD8069504382000)","3 449,90 zł","https://images.morele.net/i256/6551006_1_i256.jpg","CECHY PRODUKTU
                                                                                                                                
                                                Częstotliwość taktowania procesora:
                                                3.5 GHz
                                            
                                                                                                                                
                                                Liczba rdzeni:
                                                12 rdzeni
                                            
                                                                                                                                
                                                Odblokowany mnożnik:
                                                Tak
                                            
                                                                                                                                
                                                Typ gniazda:
                                                Socket 2066
                                            
                                                                                                                                
                                                Wynik Benchmark:
                                                2629
                                            
                                                                                Pokaż więcej"
"1746615624-115","https://www.morele.net/kategoria/procesory-45/,,,,,,,,0,,,,/8/","Procesor AMD Ryzen Threadripper Pro 5965WX, 3.8 GHz, 128 MB, BOX (100-100000446WOF)","5 519,39 zł","https://images.morele.net/i256/11092655_4_i256.jpg","CECHY PRODUKTU
                                                                                                                                
                                                Częstotliwość taktowania procesora:
                                                3.8 GHz
                                            
                                                                                                                                
                                                Liczba rdzeni:
                                                24 rdzenie
                                            
                                                                                                                                
                                                Odblokowany mnożnik:
                                                Nie
                                            
                                                                                                                                
                                                Typ gniazda:
                                                Socket sWRX8
                                            
                                                                                                                                
                                                Wynik Benchmark:
                                                66026
                                            
                                                                                Pokaż więcej"
"1746615624-116","https://www.morele.net/kategoria/procesory-45/,,,,,,,,0,,,,/8/","Procesor Intel Core i7-14700K, 3.4 GHz, 33 MB, OEM (CM8071504820721)","1 648,31 zł","https://images.morele.net/i256/13133372_1_i256.jpg","CECHY PRODUKTU
                                                                                                                                
                                                Częstotliwość taktowania procesora:
                                                3.4 GHz
                                            
                                                                                                                                
                                                Liczba rdzeni:
                                                20 rdzeni
                                            
                                                                                                                                
                                                Odblokowany mnożnik:
                                                Tak
                                            
                                                                                                                                
                                                Typ gniazda:
                                                Socket 1700
                                            
                                                                                                                                
                                                Wynik Benchmark:
                                                53237
                                            
                                                                                Pokaż więcej"
"1746615624-117","https://www.morele.net/kategoria/procesory-45/,,,,,,,,0,,,,/8/","Procesor AMD Athlon 3000G, 3.5 GHz, 4 MB, OEM (YD3000C6M2OFB)","97,22 zł","https://images.morele.net/i256/14176812_0_i256.jpg","CECHY PRODUKTU
                                                                                                                                
                                                Częstotliwość taktowania procesora:
                                                3.5 GHz
                                            
                                                                                                                                
                                                Liczba rdzeni:
                                                2 rdzenie
                                            
                                                                                                                                
                                                Odblokowany mnożnik:
                                                Tak
                                            
                                                                                                                                
                                                Typ gniazda:
                                                Socket AM4
                                            
                                                                                                                                
                                                Wynik Benchmark:
                                                4485
                                            
                                                                                Pokaż więcej"
"1746615624-118","https://www.morele.net/kategoria/procesory-45/,,,,,,,,0,,,,/8/","Procesor AMD Ryzen 5 3500, 3.6 GHz, 16 MB, OEM (100-000000050)","164,05 zł","https://images.morele.net/i256/10484464_0_i256.jpg","CECHY PRODUKTU
                                                                                                                                
                                                Częstotliwość taktowania procesora:
                                                3.6 GHz
                                            
                                                                                                                                
                                                Liczba rdzeni:
                                                6 rdzeni
                                            
                                                                                                                                
                                                Odblokowany mnożnik:
                                                Tak
                                            
                                                                                                                                
                                                Typ gniazda:
                                                Socket AM4
                                            
                                                                                                                                
                                                Wynik Benchmark:
                                                12784
                                            
                                                                                Pokaż więcej"
"1746615624-119","https://www.morele.net/kategoria/procesory-45/,,,,,,,,0,,,,/8/","Procesor Intel Celeron G1820, 2.7 GHz, 2 MB, OEM (CM8064601483405 930400)","171,47 zł","https://images.morele.net/i256/4092216_1_i256.jpg","CECHY PRODUKTU
                                                                                                                                
                                                Częstotliwość taktowania procesora:
                                                2.7 GHz
                                            
                                                                                                                                
                                                Liczba rdzeni:
                                                2 rdzenie
                                            
                                                                                                                                
                                                Odblokowany mnożnik:
                                                Nie
                                            
                                                                                                                                
                                                Typ gniazda:
                                                Socket 1150
                                            
                                                                                                                                
                                                Wynik Benchmark:
                                                17
                                            
                                                                                Pokaż więcej"
"1746615624-120","https://www.morele.net/kategoria/procesory-45/,,,,,,,,0,,,,/8/","Procesor AMD Ryzen 3 3100, 3.6 GHz, 16 MB, OEM (100-000000284)","209 zł","https://images.morele.net/i256/13239405_0_i256.jpg","CECHY PRODUKTU
                                                                                                                                
                                                Częstotliwość taktowania procesora:
                                                3.6 GHz
                                            
                                                                                                                                
                                                Liczba rdzeni:
                                                4 rdzenie
                                            
                                                                                                                                
                                                Odblokowany mnożnik:
                                                Tak
                                            
                                                                                                                                
                                                Typ gniazda:
                                                Socket AM4
                                            
                                                                                                                                
                                                Wynik Benchmark:
                                                1163
                                            
                                                                                Pokaż więcej"
"1746615624-121","https://www.morele.net/kategoria/procesory-45/,,,,,,,,0,,,,/8/","Procesor Intel Celeron G1850, 2.9 GHz, 2 MB, OEM (CM8064601483406)","211,96 zł","https://images.morele.net/i256/936943_2_i256.jpg","CECHY PRODUKTU
                                                                                                                                
                                                Częstotliwość taktowania procesora:
                                                2.9 GHz
                                            
                                                                                                                                
                                                Liczba rdzeni:
                                                2 rdzenie
                                            
                                                                                                                                
                                                Odblokowany mnożnik:
                                                Nie
                                            
                                                                                                                                
                                                Typ gniazda:
                                                Socket 1150
                                            
                                                                                                                                
                                                Wynik Benchmark:
                                                1900
                                            
                                                                                Pokaż więcej"
"1746615624-122","https://www.morele.net/kategoria/procesory-45/,,,,,,,,0,,,,/8/","Procesor Intel Celeron G6900, 3.4 GHz, 4 MB, OEM (CM8071504651805)","296,92 zł","https://images.morele.net/i256/9893330_0_i256.jpg","CECHY PRODUKTU
                                                                                                                                
                                                Częstotliwość taktowania procesora:
                                                3.4 GHz
                                            
                                                                                                                                
                                                Liczba rdzeni:
                                                2 rdzenie
                                            
                                                                                                                                
                                                Odblokowany mnożnik:
                                                Nie
                                            
                                                                                                                                
                                                Typ gniazda:
                                                Socket 1700
                                            
                                                                                                                                
                                                Wynik Benchmark:
                                                4578
                                            
                                                                                Pokaż więcej"
"1746615624-123","https://www.morele.net/kategoria/procesory-45/,,,,,,,,0,,,,/8/","Procesor Intel Pentium G6400, 4 GHz, 4 MB, OEM (CM8070104291810)","298,93 zł","https://images.morele.net/i256/6796856_2_i256.jpg","CECHY PRODUKTU
                                                                                                                                
                                                Częstotliwość taktowania procesora:
                                                4 GHz
                                            
                                                                                                                                
                                                Liczba rdzeni:
                                                2 rdzenie
                                            
                                                                                                                                
                                                Odblokowany mnożnik:
                                                Nie
                                            
                                                                                                                                
                                                Typ gniazda:
                                                Socket 1200
                                            
                                                                                                                                
                                                Wynik Benchmark:
                                                4132
                                            
                                                                                Pokaż więcej"
"1746615624-124","https://www.morele.net/kategoria/procesory-45/,,,,,,,,0,,,,/8/","Procesor AMD Ryzen 3 3200G, 3.6 GHz, 4 MB, OEM (YD320GC5M4MFH)","312,14 zł","https://images.morele.net/i256/13189447_0_i256.jpg","CECHY PRODUKTU
                                                                                                                                
                                                Częstotliwość taktowania procesora:
                                                3.6 GHz
                                            
                                                                                                                                
                                                Liczba rdzeni:
                                                4 rdzenie
                                            
                                                                                                                                
                                                Odblokowany mnożnik:
                                                Tak
                                            
                                                                                                                                
                                                Typ gniazda:
                                                Socket AM4
                                            
                                                                                                                                
                                                Wynik Benchmark:
                                                7153
                                            
                                                                                Pokaż więcej"
"1746615624-125","https://www.morele.net/kategoria/procesory-45/,,,,,,,,0,,,,/8/","Procesor Intel Celeron G5920, 3.5 GHz, 2 MB, BOX (BX80701G5920)","321 zł","https://images.morele.net/i256/6869168_0_i256.jpg","CECHY PRODUKTU
                                                                                                                                
                                                Częstotliwość taktowania procesora:
                                                3.5 GHz
                                            
                                                                                                                                
                                                Liczba rdzeni:
                                                2 rdzenie
                                            
                                                                                                                                
                                                Odblokowany mnożnik:
                                                Nie
                                            
                                                                                                                                
                                                Typ gniazda:
                                                Socket 1200
                                            
                                                                                                                                
                                                Wynik Benchmark:
                                                2482
                                            
                                                                                Pokaż więcej"
"1746615624-126","https://www.morele.net/kategoria/procesory-45/,,,,,,,,0,,,,/8/","Procesor Intel Pentium Gold  G5400, 3.7 GHz, 4 MB, MPK (CM8068403360112)","325,74 zł","https://images.morele.net/i256/14439239_0_i256.jpg","CECHY PRODUKTU
                                                                                                                                
                                                Częstotliwość taktowania procesora:
                                                3.7 GHz
                                            
                                                                                                                                
                                                Liczba rdzeni:
                                                2 rdzenie
                                            
                                                                                                                                
                                                Odblokowany mnożnik:
                                                Nie
                                            
                                                                                                                                
                                                Typ gniazda:
                                                Socket 1151 (Coffee Lake)
                                            
                                                                                                                                
                                                Wynik Benchmark:
                                                3721
                                            
                                                                                Pokaż więcej"
"1746615624-127","https://www.morele.net/kategoria/procesory-45/,,,,,,,,0,,,,/8/","Procesor Intel Core i3-6100TE, 2.7 GHz, 4 MB, OEM (CM8066201938603)","352,44 zł","https://images.morele.net/i256/14439240_0_i256.jpg","CECHY PRODUKTU
                                                                                                                                
                                                Częstotliwość taktowania procesora:
                                                2.7 GHz
                                            
                                                                                                                                
                                                Liczba rdzeni:
                                                2 rdzenie
                                            
                                                                                                                                
                                                Odblokowany mnożnik:
                                                Nie
                                            
                                                                                                                                
                                                Typ gniazda:
                                                Socket 1151
                                            
                                                                                                                                
                                                Wynik Benchmark:
                                                3152
                                            
                                                                                Pokaż więcej"
"1746615624-128","https://www.morele.net/kategoria/procesory-45/,,,,,,,,0,,,,/8/","Procesor Intel Pentium G7400, 3.7 GHz, 6 MB, OEM (CM8071504651605)","353,51 zł","https://images.morele.net/i256/9993418_0_i256.jpg","CECHY PRODUKTU
                                                                                                                                
                                                Częstotliwość taktowania procesora:
                                                3.7 GHz
                                            
                                                                                                                                
                                                Liczba rdzeni:
                                                2 rdzenie
                                            
                                                                                                                                
                                                Odblokowany mnożnik:
                                                Nie
                                            
                                                                                                                                
                                                Typ gniazda:
                                                Socket 1700
                                            
                                                                                                                                
                                                Wynik Benchmark:
                                                6757
                                            
                                                                                Pokaż więcej"
"1746615624-129","https://www.morele.net/kategoria/procesory-45/,,,,,,,,0,,,,/8/","Procesor AMD Ryzen 3 Pro 4350G, 3.8 GHz, 4 MB, OEM (100-000000148)","403,64 zł","https://images.morele.net/i256/13113435_0_i256.jpg","CECHY PRODUKTU
                                                                                                                                
                                                Częstotliwość taktowania procesora:
                                                3.8 GHz
                                            
                                                                                                                                
                                                Liczba rdzeni:
                                                4 rdzenie
                                            
                                                                                                                                
                                                Odblokowany mnożnik:
                                                Nie
                                            
                                                                                                                                
                                                Typ gniazda:
                                                Socket AM4
                                            
                                                                                                                                
                                                Wynik Benchmark:
                                                10971
                                            
                                                                                Pokaż więcej"
"1746615624-130","https://www.morele.net/kategoria/procesory-45/,,,,,,,,0,,,,/8/","Procesor AMD Ryzen 5 5600T, 3.7 GHz, 32 MB, BOX (100-100001584BOX)","444,94 zł","https://images.morele.net/i256/14253720_0_i256.jpg","CECHY PRODUKTU
                                                                                                                                
                                                Częstotliwość taktowania procesora:
                                                3.7 GHz
                                            
                                                                                                                                
                                                Liczba rdzeni:
                                                6 rdzeni
                                            
                                                                                                                                
                                                Odblokowany mnożnik:
                                                Tak
                                            
                                                                                                                                
                                                Typ gniazda:
                                                Socket AM4
                                            
                                                                                                                                
                                                Wynik Benchmark:
                                                Brak danych
                                            
                                                                                Pokaż więcej"
"1746615624-131","https://www.morele.net/kategoria/procesory-45/,,,,,,,,0,,,,/8/","Procesor Intel 300, 3.9 GHz, 6 MB, BOX (BX80715300)","467,31 zł","https://images.morele.net/i256/13155887_0_i256.jpg","CECHY PRODUKTU
                                                                                                                                
                                                Częstotliwość taktowania procesora:
                                                3.9 GHz
                                            
                                                                                                                                
                                                Liczba rdzeni:
                                                2 rdzenie
                                            
                                                                                                                                
                                                Odblokowany mnożnik:
                                                Nie
                                            
                                                                                                                                
                                                Typ gniazda:
                                                Socket 1700
                                            
                                                                                                                                
                                                Wynik Benchmark:
                                                7142
                                            
                                                                                Pokaż więcej"
"1746615624-132","https://www.morele.net/kategoria/procesory-45/,,,,,,,,0,,,,/8/","Procesor AMD Ryzen 5 5600, 3.5 GHz, 32 MB, MPK (100-100000927MPK)","475,09 zł","https://images.morele.net/i256/12805279_0_i256.jpg","CECHY PRODUKTU
                                                                                                                                
                                                Częstotliwość taktowania procesora:
                                                3.5 GHz
                                            
                                                                                                                                
                                                Liczba rdzeni:
                                                6 rdzeni
                                            
                                                                                                                                
                                                Odblokowany mnożnik:
                                                Tak
                                            
                                                                                                                                
                                                Typ gniazda:
                                                Socket AM4
                                            
                                                                                                                                
                                                Wynik Benchmark:
                                                21596
                                            
                                                                                Pokaż więcej"
"1746615624-133","https://www.morele.net/kategoria/procesory-45/,,,,,,,,0,,,,/8/","Procesor AMD Ryzen 3 5300G, 4 GHz, 8 MB, BOX (100-100000253BOX)","489 zł","https://images.morele.net/i256/14466637_1_i256.jpg","CECHY PRODUKTU
                                                                                                                                
                                                Częstotliwość taktowania procesora:
                                                4 GHz
                                            
                                                                                                                                
                                                Liczba rdzeni:
                                                4 rdzenie
                                            
                                                                                                                                
                                                Odblokowany mnożnik:
                                                Tak
                                            
                                                                                                                                
                                                Typ gniazda:
                                                Socket AM4
                                            
                                                                                                                                
                                                Wynik Benchmark:
                                                12902
                                            
                                                                                Pokaż więcej"
"1746615624-134","https://www.morele.net/kategoria/procesory-45/,,,,,,,,0,,,,/8/","Procesor Intel Core i3-13100, 3.4 GHz, 12 MB, OEM (CM8071505092202)","489,85 zł","https://images.morele.net/i256/13112518_1_i256.jpg","CECHY PRODUKTU
                                                                                                                                
                                                Częstotliwość taktowania procesora:
                                                3.4 GHz
                                            
                                                                                                                                
                                                Liczba rdzeni:
                                                4 rdzenie
                                            
                                                                                                                                
                                                Odblokowany mnożnik:
                                                Nie
                                            
                                                                                                                                
                                                Typ gniazda:
                                                Socket 1700
                                            
                                                                                                                                
                                                Wynik Benchmark:
                                                14717
                                            
                                                                                Pokaż więcej"
"1746615624-135","https://www.morele.net/kategoria/procesory-45/,,,,,,,,0,,,,/8/","Procesor AMD Ryzen 5 5600XT, 3.7 GHz, 32 MB, BOX (100-100001585BOX)","494,93 zł","https://images.morele.net/i256/14181648_1_i256.jpg","CECHY PRODUKTU
                                                                                                                                
                                                Częstotliwość taktowania procesora:
                                                3.7 GHz
                                            
                                                                                                                                
                                                Liczba rdzeni:
                                                6 rdzeni
                                            
                                                                                                                                
                                                Odblokowany mnożnik:
                                                Tak
                                            
                                                                                                                                
                                                Typ gniazda:
                                                Socket AM4
                                            
                                                                                                                                
                                                Wynik Benchmark:
                                                Brak danych
                                            
                                                                                Pokaż więcej"
"1746615624-136","https://www.morele.net/kategoria/procesory-45/,,,,,,,,0,,,,/8/","Procesor Intel Core i3-14100, 3.5 GHz, 12 MB, OEM (CM8071505092206)","519,91 zł","https://images.morele.net/i256/13172932_0_i256.jpg","CECHY PRODUKTU
                                                                                                                                
                                                Częstotliwość taktowania procesora:
                                                3.5 GHz
                                            
                                                                                                                                
                                                Liczba rdzeni:
                                                4 rdzenie
                                            
                                                                                                                                
                                                Odblokowany mnożnik:
                                                Nie
                                            
                                                                                                                                
                                                Typ gniazda:
                                                Socket 1700
                                            
                                                                                                                                
                                                Wynik Benchmark:
                                                15089
                                            
                                                                                Pokaż więcej"
"1746615624-137","https://www.morele.net/kategoria/procesory-45/,,,,,,,,0,,,,/8/","Procesor AMD Ryzen 5 5600G - TRAY","520,06 zł","https://images.morele.net/i256/14441553_0_i256.jpg",""
"1746615624-138","https://www.morele.net/kategoria/procesory-45/,,,,,,,,0,,,,/8/","Procesor AMD Ryzen 3 PRO 5355G, 4 GHz, 8 MB, OEM (100-100001749MPK)","520,72 zł","https://images.morele.net/i256/14499238_0_i256.jpg","CECHY PRODUKTU
                                                                                                                                
                                                Częstotliwość taktowania procesora:
                                                4 GHz
                                            
                                                                                                                                
                                                Liczba rdzeni:
                                                4 rdzenie
                                            
                                                                                                                                
                                                Odblokowany mnożnik:
                                                Nie
                                            
                                                                                                                                
                                                Typ gniazda:
                                                Socket AM4
                                            
                                                                                                                                
                                                Wynik Benchmark:
                                                12761
                                            
                                                                                Pokaż więcej"
"1746615632-139","https://www.morele.net/kategoria/procesory-45/,,,,,,,,0,,,,/7/","Procesor AMD Ryzen Threadripper Pro 5955WX, 4 GHz, 64 MB, BOX (100-100000447WOF)","5 904,98 zł","https://images.morele.net/i256/11808613_0_i256.jpg","CECHY PRODUKTU
                                                                                                                                
                                                Częstotliwość taktowania procesora:
                                                4 GHz
                                            
                                                                                                                                
                                                Liczba rdzeni:
                                                16 rdzeni
                                            
                                                                                                                                
                                                Odblokowany mnożnik:
                                                Nie
                                            
                                                                                                                                
                                                Typ gniazda:
                                                Socket sWRX8
                                            
                                                                                                                                
                                                Wynik Benchmark:
                                                50199
                                            
                                                                                Pokaż więcej"
"1746615632-140","https://www.morele.net/kategoria/procesory-45/,,,,,,,,0,,,,/7/","Procesor Intel Core i5-12500, 3 GHz, 18 MB, OEM (CM8071504647605)","877,58 zł","https://images.morele.net/i256/9658397_0_i256.jpg","CECHY PRODUKTU
                                                                                                                                
                                                Częstotliwość taktowania procesora:
                                                3 GHz
                                            
                                                                                                                                
                                                Liczba rdzeni:
                                                6 rdzeni
                                            
                                                                                                                                
                                                Odblokowany mnożnik:
                                                Nie
                                            
                                                                                                                                
                                                Rodzaj:
                                                Procesor
                                            
                                                                                                                                
                                                Typ gniazda:
                                                Socket 1700
                                            
                                                                                                                                
                                                Wynik Benchmark:
                                                19985
                                            
                                                                                Pokaż więcej"
"1746615632-141","https://www.morele.net/kategoria/procesory-45/,,,,,,,,0,,,,/7/","Procesor Intel Core i3-10105, 3.7 GHz, 6 MB, OEM (CM8070104291321)","411,71 zł","https://images.morele.net/i256/8852294_0_i256.jpg","CECHY PRODUKTU
                                                                                                                                
                                                Częstotliwość taktowania procesora:
                                                3.7 GHz
                                            
                                                                                                                                
                                                Liczba rdzeni:
                                                4 rdzenie
                                            
                                                                                                                                
                                                Odblokowany mnożnik:
                                                Nie
                                            
                                                                                                                                
                                                Typ gniazda:
                                                Socket 1200
                                            
                                                                                                                                
                                                Wynik Benchmark:
                                                8647
                                            
                                                                                Pokaż więcej"
"1746615632-142","https://www.morele.net/kategoria/procesory-45/,,,,,,,,0,,,,/7/","Procesor Intel Core i3-12100, 3.3 GHz, 12 MB, OEM (CM8071504651012)","487,67 zł","https://images.morele.net/i256/9993416_0_i256.jpg","CECHY PRODUKTU
                                                                                                                                
                                                Częstotliwość taktowania procesora:
                                                3.3 GHz
                                            
                                                                                                                                
                                                Liczba rdzeni:
                                                4 rdzenie
                                            
                                                                                                                                
                                                Odblokowany mnożnik:
                                                Nie
                                            
                                                                                                                                
                                                Typ gniazda:
                                                Socket 1700
                                            
                                                                                                                                
                                                Wynik Benchmark:
                                                13497
                                            
                                                                                Pokaż więcej"
"1746615632-143","https://www.morele.net/kategoria/procesory-45/,,,,,,,,0,,,,/7/","Procesor AMD Ryzen 7 3700X, 3.6 GHz, 32 MB, OEM (100-000000071)","614,90 zł","https://images.morele.net/i256/8226637_0_i256.jpg","CECHY PRODUKTU
                                                                                                                                
                                                Częstotliwość taktowania procesora:
                                                3.6 GHz
                                            
                                                                                                                                
                                                Liczba rdzeni:
                                                8 rdzeni
                                            
                                                                                                                                
                                                Odblokowany mnożnik:
                                                Tak
                                            
                                                                                                                                
                                                Typ gniazda:
                                                Socket AM4
                                            
                                                                                                                                
                                                Wynik Benchmark:
                                                22607
                                            
                                                                                Pokaż więcej"
"1746615632-144","https://www.morele.net/kategoria/procesory-45/,,,,,,,,0,,,,/7/","Procesor Intel Core i5-13400, 2.5 GHz, 20 MB, OEM (CM8071505093004)","651,08 zł","https://images.morele.net/i256/13112503_1_i256.jpg","CECHY PRODUKTU
                                                                                                                                
                                                Częstotliwość taktowania procesora:
                                                2.5 GHz
                                            
                                                                                                                                
                                                Liczba rdzeni:
                                                10 rdzeni
                                            
                                                                                                                                
                                                Odblokowany mnożnik:
                                                Nie
                                            
                                                                                                                                
                                                Typ gniazda:
                                                Socket 1700
                                            
                                                                                                                                
                                                Wynik Benchmark:
                                                25257
                                            
                                                                                Pokaż więcej"
"1746615632-145","https://www.morele.net/kategoria/procesory-45/,,,,,,,,0,,,,/7/","Procesor Intel Core i5-13600KF, 3.5 GHz, 24 MB, OEM (CM8071504821006)","858,80 zł","https://images.morele.net/i256/13094168_0_i256.jpg","CECHY PRODUKTU
                                                                                                                                
                                                Częstotliwość taktowania procesora:
                                                3.5 GHz
                                            
                                                                                                                                
                                                Liczba rdzeni:
                                                14 rdzeni
                                            
                                                                                                                                
                                                Odblokowany mnożnik:
                                                Tak
                                            
                                                                                                                                
                                                Typ gniazda:
                                                Socket 1700
                                            
                                                                                                                                
                                                Wynik Benchmark:
                                                38116
                                            
                                                                                Pokaż więcej"
"1746615632-146","https://www.morele.net/kategoria/procesory-45/,,,,,,,,0,,,,/7/","Procesor Intel Core i5-12400F, 2.5 GHz, 18 MB (BX8071512400F) + Endorfy Fera 5 Dual Fan (EY3A006)","628 zł","https://images.morele.net/i256/9077220_0_i256.jpg","CECHY PRODUKTU
                                                                                                                                
                                                Częstotliwość taktowania procesora:
                                                2.5 GHz
                                            
                                                                                                                                
                                                Liczba rdzeni:
                                                6 rdzeni
                                            
                                                                                                                                
                                                Odblokowany mnożnik:
                                                Nie
                                            
                                                                                                                                
                                                Typ gniazda:
                                                Socket 1700
                                            
                                                                                                                                
                                                Wynik Benchmark:
                                                19588
                                            
                                                                                Pokaż więcej"
"1746615632-147","https://www.morele.net/kategoria/procesory-45/,,,,,,,,0,,,,/7/","Procesor Intel Core i5-10600K, 4.1 GHz, 12 MB, OEM (CM8070104282134)","1 145,31 zł","https://images.morele.net/i256/6747483_0_i256.jpg","CECHY PRODUKTU
                                                                                                                                
                                                Częstotliwość taktowania procesora:
                                                4.1 GHz
                                            
                                                                                                                                
                                                Liczba rdzeni:
                                                6 rdzeni
                                            
                                                                                                                                
                                                Odblokowany mnożnik:
                                                Tak
                                            
                                                                                                                                
                                                Typ gniazda:
                                                Socket 1200
                                            
                                                                                                                                
                                                Wynik Benchmark:
                                                14358
                                            
                                                                                Pokaż więcej"
"1746615632-148","https://www.morele.net/kategoria/procesory-45/,,,,,,,,0,,,,/7/","Procesor Intel Core i9-10940X, 3.3 GHz, 19.25 MB, BOX (BX8069510940X)","4 000,38 zł","https://images.morele.net/i256/6686135_0_i256.jpg","CECHY PRODUKTU
                                                                                                                                
                                                Częstotliwość taktowania procesora:
                                                3.3 GHz
                                            
                                                                                                                                
                                                Liczba rdzeni:
                                                14 rdzeni
                                            
                                                                                                                                
                                                Odblokowany mnożnik:
                                                Tak
                                            
                                                                                                                                
                                                Typ gniazda:
                                                Socket 2066
                                            
                                                                                                                                
                                                Wynik Benchmark:
                                                2786
                                            
                                                                                Pokaż więcej"
"1746615632-149","https://www.morele.net/kategoria/procesory-45/,,,,,,,,0,,,,/7/","Procesor Intel Core i3-13100F, 3.4 GHz, 12 MB, OEM (CM8071505092203)","324,99 zł","https://images.morele.net/i256/13112498_0_i256.jpg","CECHY PRODUKTU
                                                                                                                                
                                                Częstotliwość taktowania procesora:
                                                3.4 GHz
                                            
                                                                                                                                
                                                Liczba rdzeni:
                                                4 rdzenie
                                            
                                                                                                                                
                                                Odblokowany mnożnik:
                                                Nie
                                            
                                                                                                                                
                                                Typ gniazda:
                                                Socket 1700
                                            
                                                                                                                                
                                                Wynik Benchmark:
                                                14643
                                            
                                                                                Pokaż więcej"
"1746615632-150","https://www.morele.net/kategoria/procesory-45/,,,,,,,,0,,,,/7/","Procesor Intel Pentium G6405, 4.1 GHz, 4 MB, OEM (CM8070104291811)","399,43 zł","https://images.morele.net/i256/8551482_0_i256.jpg","CECHY PRODUKTU
                                                                                                                                
                                                Częstotliwość taktowania procesora:
                                                4.1 GHz
                                            
                                                                                                                                
                                                Liczba rdzeni:
                                                2 rdzenie
                                            
                                                                                                                                
                                                Odblokowany mnożnik:
                                                Nie
                                            
                                                                                                                                
                                                Typ gniazda:
                                                Socket 1200
                                            
                                                                                                                                
                                                Wynik Benchmark:
                                                4254
                                            
                                                                                Pokaż więcej"
"1746615632-151","https://www.morele.net/kategoria/procesory-45/,,,,,,,,0,,,,/7/","Procesor Intel Pentium G7400, 3.7GHz, 6 MB, BOX (BX80715G7400)","408,82 zł","https://images.morele.net/i256/10011144_1_i256.jpg","CECHY PRODUKTU
                                                                                                                                
                                                Częstotliwość taktowania procesora:
                                                3.7 GHz
                                            
                                                                                                                                
                                                Liczba rdzeni:
                                                2 rdzenie
                                            
                                                                                                                                
                                                Odblokowany mnożnik:
                                                Nie
                                            
                                                                                                                                
                                                Typ gniazda:
                                                Socket 1700
                                            
                                                                                                                                
                                                Wynik Benchmark:
                                                6757
                                            
                                                                                Pokaż więcej"
"1746615632-152","https://www.morele.net/kategoria/procesory-45/,,,,,,,,0,,,,/7/","Procesor AMD Ryzen 5 4600G, 3.7 GHz, 8 MB, OEM (100-000000147)","429 zł","https://images.morele.net/i256/13254422_0_i256.jpg","CECHY PRODUKTU
                                                                                                                                
                                                Częstotliwość taktowania procesora:
                                                3.7 GHz
                                            
                                                                                                                                
                                                Liczba rdzeni:
                                                6 rdzeni
                                            
                                                                                                                                
                                                Odblokowany mnożnik:
                                                Tak
                                            
                                                                                                                                
                                                Typ gniazda:
                                                Socket AM4
                                            
                                                                                                                                
                                                Wynik Benchmark:
                                                16001
                                            
                                                                                Pokaż więcej"
"1746615632-153","https://www.morele.net/kategoria/procesory-45/,,,,,,,,0,,,,/7/","Procesor AMD Ryzen 3 4100, 3.8 GHz, 4 MB, OEM (100-000000510)","454,99 zł","https://images.morele.net/i256/10120236_2_i256.jpg","CECHY PRODUKTU
                                                                                                                                
                                                Częstotliwość taktowania procesora:
                                                3.8 GHz
                                            
                                                                                                                                
                                                Liczba rdzeni:
                                                4 rdzenie
                                            
                                                                                                                                
                                                Odblokowany mnożnik:
                                                Nie
                                            
                                                                                                                                
                                                Typ gniazda:
                                                Socket AM4
                                            
                                                                                                                                
                                                Wynik Benchmark:
                                                11097
                                            
                                                                                Pokaż więcej"
"1746615632-154","https://www.morele.net/kategoria/procesory-45/,,,,,,,,0,,,,/7/","Procesor Intel Core i5-12400F, 2.5 GHz, 18 MB (BX8071512400F) + Endorfy Fera 5 (EY3A005)","604 zł","https://images.morele.net/i256/9077219_0_i256.jpg","CECHY PRODUKTU
                                                                                                                                
                                                Częstotliwość taktowania procesora:
                                                2.5 GHz
                                            
                                                                                                                                
                                                Liczba rdzeni:
                                                6 rdzeni
                                            
                                                                                                                                
                                                Odblokowany mnożnik:
                                                Nie
                                            
                                                                                                                                
                                                Typ gniazda:
                                                Socket 1700
                                            
                                                                                                                                
                                                Wynik Benchmark:
                                                19588
                                            
                                                                                Pokaż więcej"
"1746615632-155","https://www.morele.net/kategoria/procesory-45/,,,,,,,,0,,,,/7/","Procesor AMD Ryzen 7 5700, 3.7 GHz, 16 MB, BOX (100-100000743BOX)","611,99 zł","https://images.morele.net/i256/13172388_0_i256.jpg","CECHY PRODUKTU
                                                                                                                                
                                                Częstotliwość taktowania procesora:
                                                3.7 GHz
                                            
                                                                                                                                
                                                Liczba rdzeni:
                                                8 rdzeni
                                            
                                                                                                                                
                                                Odblokowany mnożnik:
                                                Tak
                                            
                                                                                                                                
                                                Typ gniazda:
                                                Socket AM4
                                            
                                                                                                                                
                                                Wynik Benchmark:
                                                24328
                                            
                                                                                Pokaż więcej"
"1746615632-156","https://www.morele.net/kategoria/procesory-45/,,,,,,,,0,,,,/7/","Procesor Intel Core i5-12400F, 2.5 GHz, 18 MB (BX8071512400F) + Endorfy Fera 5 Black (EY3A011)","618 zł","https://images.morele.net/i256/9077567_0_i256.jpg","CECHY PRODUKTU
                                                                                                                                
                                                Częstotliwość taktowania procesora:
                                                2.5 GHz
                                            
                                                                                                                                
                                                Liczba rdzeni:
                                                6 rdzeni
                                            
                                                                                                                                
                                                Odblokowany mnożnik:
                                                Nie
                                            
                                                                                                                                
                                                Typ gniazda:
                                                Socket 1700
                                            
                                                                                                                                
                                                Wynik Benchmark:
                                                19588
                                            
                                                                                Pokaż więcej"
"1746615632-157","https://www.morele.net/kategoria/procesory-45/,,,,,,,,0,,,,/7/","Procesor Intel Core i5-13400F, 2.5 GHz, 20 MB, BOX + Endorfy Fera 5","633,12 zł","https://images.morele.net/i256/9078605_0_i256.jpg","CECHY PRODUKTU
                                                                                                                                
                                                Częstotliwość taktowania procesora:
                                                2.5 GHz
                                            
                                                                                                                                
                                                Liczba rdzeni:
                                                10 rdzeni
                                            
                                                                                                                                
                                                Odblokowany mnożnik:
                                                Nie
                                            
                                                                                                                                
                                                Typ gniazda:
                                                Socket 1700
                                            
                                                                                                                                
                                                Wynik Benchmark:
                                                2543
                                            
                                                                                Pokaż więcej"
"1746615632-158","https://www.morele.net/kategoria/procesory-45/,,,,,,,,0,,,,/7/","Procesor Intel Core i5-11600, 2.8 GHz, 12 MB, OEM (CM8070804491513)","651,17 zł","https://images.morele.net/i256/8349707_0_i256.jpg","CECHY PRODUKTU
                                                                                                                                
                                                Częstotliwość taktowania procesora:
                                                2.8 GHz
                                            
                                                                                                                                
                                                Liczba rdzeni:
                                                6 rdzeni
                                            
                                                                                                                                
                                                Odblokowany mnożnik:
                                                Nie
                                            
                                                                                                                                
                                                Typ gniazda:
                                                Socket 1200 (Rocket Lake)
                                            
                                                                                                                                
                                                Wynik Benchmark:
                                                18106
                                            
                                                                                Pokaż więcej"
"1746615632-159","https://www.morele.net/kategoria/procesory-45/,,,,,,,,0,,,,/7/","Procesor Intel Core i3-14100T, 2.7 GHz, 12 MB, OEM (CM8071505092103)","667,83 zł","https://images.morele.net/i256/13172927_0_i256.jpg","CECHY PRODUKTU
                                                                                                                                
                                                Częstotliwość taktowania procesora:
                                                2.7 GHz
                                            
                                                                                                                                
                                                Liczba rdzeni:
                                                4 rdzenie
                                            
                                                                                                                                
                                                Odblokowany mnożnik:
                                                Nie
                                            
                                                                                                                                
                                                Typ gniazda:
                                                Socket 1700
                                            
                                                                                                                                
                                                Wynik Benchmark:
                                                13727
                                            
                                                                                Pokaż więcej"
"1746615632-160","https://www.morele.net/kategoria/procesory-45/,,,,,,,,0,,,,/7/","Procesor AMD Ryzen 7 5800XT, 3.8 GHz, 32 MB, BOX (100-100001582BOX)","789,41 zł","https://images.morele.net/i256/13331770_0_i256.jpg","CECHY PRODUKTU
                                                                                                                                
                                                Częstotliwość taktowania procesora:
                                                3.8 GHz
                                            
                                                                                                                                
                                                Liczba rdzeni:
                                                8 rdzeni
                                            
                                                                                                                                
                                                Odblokowany mnożnik:
                                                Tak
                                            
                                                                                                                                
                                                Typ gniazda:
                                                Socket AM4
                                            
                                                                                                                                
                                                Wynik Benchmark:
                                                29849
                                            
                                                                                Pokaż więcej"
"1746615632-161","https://www.morele.net/kategoria/procesory-45/,,,,,,,,0,,,,/7/","Procesor Intel Core i5-9500F, 3 GHz, 9 MB, OEM (CM8068403362610)","805,99 zł","https://images.morele.net/i256/6051312_2_i256.jpg","CECHY PRODUKTU
                                                                                                                                
                                                Częstotliwość taktowania procesora:
                                                3 GHz
                                            
                                                                                                                                
                                                Liczba rdzeni:
                                                6 rdzeni
                                            
                                                                                                                                
                                                Odblokowany mnożnik:
                                                Nie
                                            
                                                                                                                                
                                                Typ gniazda:
                                                Socket 1151 (Coffee Lake)
                                            
                                                                                                                                
                                                Wynik Benchmark:
                                                10212
                                            
                                                                                Pokaż więcej"
"1746615632-162","https://www.morele.net/kategoria/procesory-45/,,,,,,,,0,,,,/7/","Procesor AMD Ryzen 7 1800X, 3.6GHz, 16 MB, BOX  (YD180XBCAEWOZ)","860,84 zł","https://images.morele.net/i256/9417705_1_i256.jpg","CECHY PRODUKTU
                                                                                                                                
                                                Częstotliwość taktowania procesora:
                                                3.6 GHz
                                            
                                                                                                                                
                                                Liczba rdzeni:
                                                8 rdzeni
                                            
                                                                                                                                
                                                Odblokowany mnożnik:
                                                Tak
                                            
                                                                                                                                
                                                Typ gniazda:
                                                Socket AM4
                                            
                                                                                                                                
                                                Wynik Benchmark:
                                                16411
                                            
                                                                                Pokaż więcej"
"1746615632-163","https://www.morele.net/kategoria/procesory-45/,,,,,,,,0,,,,/7/","Procesor Intel Core i5-12600KF, 3.7 GHz, 20 MB, BOX (BX8071512600KF) + ""Endorfy Fortis 5 ARGB (EY3A010)","931,88 zł","https://images.morele.net/i256/9078239_0_i256.jpg","CECHY PRODUKTU
                                                                                                                                
                                                Częstotliwość taktowania procesora:
                                                3.7 GHz
                                            
                                                                                                                                
                                                Liczba rdzeni:
                                                10 rdzeni
                                            
                                                                                                                                
                                                Odblokowany mnożnik:
                                                Tak
                                            
                                                                                                                                
                                                Typ gniazda:
                                                Socket 1700
                                            
                                                                                                                                
                                                Wynik Benchmark:
                                                27479
                                            
                                                                                Pokaż więcej"
"1746615632-164","https://www.morele.net/kategoria/procesory-45/,,,,,,,,0,,,,/7/","Procesor Intel Core i7-12700F, 2.1 GHz, 25 MB, OEM (CM8071504555020)","1 028,29 zł","https://images.morele.net/i256/9893332_0_i256.jpg","CECHY PRODUKTU
                                                                                                                                
                                                Częstotliwość taktowania procesora:
                                                2.1 GHz
                                            
                                                                                                                                
                                                Liczba rdzeni:
                                                12 rdzeni
                                            
                                                                                                                                
                                                Odblokowany mnożnik:
                                                Nie
                                            
                                                                                                                                
                                                Typ gniazda:
                                                Socket 1700
                                            
                                                                                                                                
                                                Wynik Benchmark:
                                                30902
                                            
                                                                                Pokaż więcej"
"1746615632-165","https://www.morele.net/kategoria/procesory-45/,,,,,,,,0,,,,/7/","Procesor Intel Core Ultra 5 235, 3.4 GHz, 24 MB, BOX (BX80768235)","1 198 zł","https://images.morele.net/i256/14481755_1_i256.jpg","CECHY PRODUKTU
                                                                                                                                
                                                Częstotliwość taktowania procesora:
                                                3.4 GHz
                                            
                                                                                                                                
                                                Liczba rdzeni:
                                                14 rdzeni
                                            
                                                                                                                                
                                                Odblokowany mnożnik:
                                                Nie
                                            
                                                                                                                                
                                                Typ gniazda:
                                                Socket 1851
                                            
                                                                                                                                
                                                Wynik Benchmark:
                                                Brak danych
                                            
                                                                                Pokaż więcej"
"1746615632-166","https://www.morele.net/kategoria/procesory-45/,,,,,,,,0,,,,/7/","Procesor Intel Core Ultra 5 245K, 3.6 GHz, 24 MB, BOX (BX80768245K)","1 249 zł","https://images.morele.net/i256/14201782_5_i256.jpg","CECHY PRODUKTU
                                                                                                                                
                                                Częstotliwość taktowania procesora:
                                                3.6 GHz
                                            
                                                                                                                                
                                                Liczba rdzeni:
                                                14 rdzeni
                                            
                                                                                                                                
                                                Odblokowany mnożnik:
                                                Tak
                                            
                                                                                                                                
                                                Typ gniazda:
                                                Socket 1851
                                            
                                                                                                                                
                                                Wynik Benchmark:
                                                Brak danych
                                            
                                                                                Pokaż więcej"
"1746615632-167","https://www.morele.net/kategoria/procesory-45/,,,,,,,,0,,,,/7/","Procesor Intel Core i5-13600T, 1.8 GHz, 24 MB, OEM (CM8071505092601)","1 277,18 zł","https://images.morele.net/i256/13112508_0_i256.jpg","CECHY PRODUKTU
                                                                                                                                
                                                Częstotliwość taktowania procesora:
                                                1.8 GHz
                                            
                                                                                                                                
                                                Liczba rdzeni:
                                                14 rdzeni
                                            
                                                                                                                                
                                                Odblokowany mnożnik:
                                                Nie
                                            
                                                                                                                                
                                                Typ gniazda:
                                                Socket 1700
                                            
                                                                                                                                
                                                Wynik Benchmark:
                                                26876
                                            
                                                                                Pokaż więcej"
"1746615632-168","https://www.morele.net/kategoria/procesory-45/,,,,,,,,0,,,,/7/","Procesor Intel Core i5-13600, 2.7 GHz, 24 MB, OEM (CM8071505092702)","1 286,97 zł","https://images.morele.net/i256/13112519_0_i256.jpg","CECHY PRODUKTU
                                                                                                                                
                                                Częstotliwość taktowania procesora:
                                                2.7 GHz
                                            
                                                                                                                                
                                                Liczba rdzeni:
                                                14 rdzeni
                                            
                                                                                                                                
                                                Odblokowany mnożnik:
                                                Nie
                                            
                                                                                                                                
                                                Typ gniazda:
                                                Socket 1700
                                            
                                                                                                                                
                                                Wynik Benchmark:
                                                32745
                                            
                                                                                Pokaż więcej"
"1746615639-169","https://www.morele.net/kategoria/procesory-45/,,,,,,,,0,,,,/6/","Procesor AMD Ryzen 5 5500, 3.6 GHz, 16 MB, MPK (100-100000457MPK)","307,87 zł","https://images.morele.net/i256/10120241_2_i256.jpg","CECHY PRODUKTU
                                                                                                                                
                                                Częstotliwość taktowania procesora:
                                                3.6 GHz
                                            
                                                                                                                                
                                                Liczba rdzeni:
                                                6 rdzeni
                                            
                                                                                                                                
                                                Odblokowany mnożnik:
                                                Tak
                                            
                                                                                                                                
                                                Typ gniazda:
                                                Socket AM4
                                            
                                                                                                                                
                                                Wynik Benchmark:
                                                19525
                                            
                                                                                Pokaż więcej"
"1746615639-170","https://www.morele.net/kategoria/procesory-45/,,,,,,,,0,,,,/6/","Procesor Intel Celeron G5925, 3.6 GHz, 4 MB, BOX (BX80701G5925)","269 zł","https://images.morele.net/i256/7732040_0_i256.jpg","CECHY PRODUKTU
                                                                                                                                
                                                Częstotliwość taktowania procesora:
                                                3.6 GHz
                                            
                                                                                                                                
                                                Liczba rdzeni:
                                                2 rdzenie
                                            
                                                                                                                                
                                                Odblokowany mnożnik:
                                                Nie
                                            
                                                                                                                                
                                                Typ gniazda:
                                                Socket 1200
                                            
                                                                                                                                
                                                Wynik Benchmark:
                                                2809
                                            
                                                                                Pokaż więcej"
"1746615639-171","https://www.morele.net/kategoria/procesory-45/,,,,,,,,0,,,,/6/","Procesor Intel Pentium G3450, 3.4 GHz, 3 MB, BOX (BX80646G3450)","415 zł","https://images.morele.net/i256/640855_1_i256.jpg","CECHY PRODUKTU
                                                                                                                                
                                                Częstotliwość taktowania procesora:
                                                3.4 GHz
                                            
                                                                                                                                
                                                Liczba rdzeni:
                                                2 rdzenie
                                            
                                                                                                                                
                                                Odblokowany mnożnik:
                                                Nie
                                            
                                                                                                                                
                                                Typ gniazda:
                                                Socket 1150
                                            
                                                                                                                                
                                                Wynik Benchmark:
                                                2167
                                            
                                                                                Pokaż więcej"
"1746615639-172","https://www.morele.net/kategoria/procesory-45/,,,,,,,,0,,,,/6/","Procesor Intel Core i5-12600K, 3.7 GHz, 20 MB, OEM (CM8071504555227)","891,25 zł","https://images.morele.net/i256/9496734_0_i256.jpg","CECHY PRODUKTU
                                                                                                                                
                                                Częstotliwość taktowania procesora:
                                                3.7 GHz
                                            
                                                                                                                                
                                                Liczba rdzeni:
                                                10 rdzeni
                                            
                                                                                                                                
                                                Odblokowany mnożnik:
                                                Tak
                                            
                                                                                                                                
                                                Typ gniazda:
                                                Socket 1700
                                            
                                                                                                                                
                                                Wynik Benchmark:
                                                27792
                                            
                                                                                Pokaż więcej"
"1746615639-173","https://www.morele.net/kategoria/procesory-45/,,,,,,,,0,,,,/6/","Procesor Intel Core Ultra 9 285K, 3.2 GHz, 36 MB, BOX (BX80768285K)","2 570 zł","https://images.morele.net/i256/14386800_1_i256.jpg","CECHY PRODUKTU
                                                                                                                                
                                                Częstotliwość taktowania procesora:
                                                3.2 GHz
                                            
                                                                                                                                
                                                Liczba rdzeni:
                                                24 rdzenie
                                            
                                                                                                                                
                                                Odblokowany mnożnik:
                                                Tak
                                            
                                                                                                                                
                                                Typ gniazda:
                                                Socket 1851
                                            
                                                                                                                                
                                                Wynik Benchmark:
                                                Brak danych
                                            
                                                                                Pokaż więcej"
"1746615639-174","https://www.morele.net/kategoria/procesory-45/,,,,,,,,0,,,,/6/","Procesor AMD Ryzen 9 9950X, 4.3 GHz, 64 MB, BOX (100-100001277WOF)","2 584,80 zł","https://images.morele.net/i256/13331756_0_i256.jpg","CECHY PRODUKTU
                                                                                                                                
                                                Częstotliwość taktowania procesora:
                                                4.3 GHz
                                            
                                                                                                                                
                                                Liczba rdzeni:
                                                16 rdzeni
                                            
                                                                                                                                
                                                Odblokowany mnożnik:
                                                Tak
                                            
                                                                                                                                
                                                Typ gniazda:
                                                Socket AM5
                                            
                                                                                                                                
                                                Wynik Benchmark:
                                                66284
                                            
                                                                                Pokaż więcej"
"1746615639-175","https://www.morele.net/kategoria/procesory-45/,,,,,,,,0,,,,/6/","Procesor Intel Core i5-13400, 2.5 GHz, 20 MB, BOX (BX8071513400)","688 zł","https://images.morele.net/i256/12486213_0_i256.jpg","CECHY PRODUKTU
                                                                                                                                
                                                Częstotliwość taktowania procesora:
                                                2.5 GHz
                                            
                                                                                                                                
                                                Liczba rdzeni:
                                                10 rdzeni
                                            
                                                                                                                                
                                                Odblokowany mnożnik:
                                                Nie
                                            
                                                                                                                                
                                                Typ gniazda:
                                                Socket 1700
                                            
                                                                                                                                
                                                Wynik Benchmark:
                                                25257
                                            
                                                                                Pokaż więcej"
"1746615639-176","https://www.morele.net/kategoria/procesory-45/,,,,,,,,0,,,,/6/","Procesor AMD Ryzen 7 8700F, 4.1 GHz, 16 MB, OEM (100-000001590)","694,25 zł","https://images.morele.net/i256/13232613_0_i256.jpg","CECHY PRODUKTU
                                                                                                                                
                                                Częstotliwość taktowania procesora:
                                                4.1 GHz
                                            
                                                                                                                                
                                                Liczba rdzeni:
                                                8 rdzeni
                                            
                                                                                                                                
                                                Odblokowany mnożnik:
                                                Tak
                                            
                                                                                                                                
                                                Typ gniazda:
                                                Socket AM5
                                            
                                                                                                                                
                                                Wynik Benchmark:
                                                30977
                                            
                                                                                Pokaż więcej"
"1746615639-177","https://www.morele.net/kategoria/procesory-45/,,,,,,,,0,,,,/6/","Procesor Intel Core i9-10900X, 3.7 GHz, 19.25 MB, BOX (BX8069510900X)","2 985,96 zł","https://images.morele.net/i256/6484472_0_i256.jpg","CECHY PRODUKTU
                                                                                                                                
                                                Częstotliwość taktowania procesora:
                                                3.7 GHz
                                            
                                                                                                                                
                                                Liczba rdzeni:
                                                10 rdzeni
                                            
                                                                                                                                
                                                Odblokowany mnożnik:
                                                Tak
                                            
                                                                                                                                
                                                Typ gniazda:
                                                Socket 2066
                                            
                                                                                                                                
                                                Wynik Benchmark:
                                                22473
                                            
                                                                                Pokaż więcej"
"1746615639-178","https://www.morele.net/kategoria/procesory-45/,,,,,,,,0,,,,/6/","Procesor Intel Core i9-13900KS, 3.2 GHz, 36 MB, BOX (BX8071513900KS)","3 646,49 zł","https://images.morele.net/i256/12580400_1_i256.jpg","CECHY PRODUKTU
                                                                                                                                
                                                Częstotliwość taktowania procesora:
                                                3.2 GHz
                                            
                                                                                                                                
                                                Liczba rdzeni:
                                                24 rdzenie
                                            
                                                                                                                                
                                                Odblokowany mnożnik:
                                                Tak
                                            
                                                                                                                                
                                                Typ gniazda:
                                                Socket 1700
                                            
                                                                                                                                
                                                Wynik Benchmark:
                                                61917
                                            
                                                                                Pokaż więcej"
"1746615639-179","https://www.morele.net/kategoria/procesory-45/,,,,,,,,0,,,,/6/","Procesor AMD Ryzen 5 4500, 3.6 GHz, 8 MB, MPK (100-100000644MPK)","670,61 zł","https://images.morele.net/i256/10120238_0_i256.jpg","CECHY PRODUKTU
                                                                                                                                
                                                Częstotliwość taktowania procesora:
                                                3.6 GHz
                                            
                                                                                                                                
                                                Liczba rdzeni:
                                                6 rdzeni
                                            
                                                                                                                                
                                                Odblokowany mnożnik:
                                                Nie
                                            
                                                                                                                                
                                                Typ gniazda:
                                                Socket AM4
                                            
                                                                                                                                
                                                Wynik Benchmark:
                                                16183
                                            
                                                                                Pokaż więcej"
"1746615639-180","https://www.morele.net/kategoria/procesory-45/,,,,,,,,0,,,,/6/","Procesor Intel Core i5-11400T, 1.3 GHz, 12 MB, OEM (CM8070804497106)","1 768,10 zł","https://images.morele.net/i256/8852292_2_i256.jpg","CECHY PRODUKTU
                                                                                                                                
                                                Częstotliwość taktowania procesora:
                                                1.3 GHz
                                            
                                                                                                                                
                                                Liczba rdzeni:
                                                6 rdzeni
                                            
                                                                                                                                
                                                Odblokowany mnożnik:
                                                Nie
                                            
                                                                                                                                
                                                Typ gniazda:
                                                Socket 1200 (Rocket Lake)
                                            
                                                                                                                                
                                                Wynik Benchmark:
                                                13644
                                            
                                                                                Pokaż więcej"
"1746615639-181","https://www.morele.net/kategoria/procesory-45/,,,,,,,,0,,,,/6/","Procesor Intel Core i9-13900, 2 GHz, 36 MB, BOX (BX8071513900)","2 719 zł","https://images.morele.net/i256/12486211_0_i256.jpg","CECHY PRODUKTU
                                                                                                                                
                                                Częstotliwość taktowania procesora:
                                                2 GHz
                                            
                                                                                                                                
                                                Liczba rdzeni:
                                                24 rdzenie
                                            
                                                                                                                                
                                                Odblokowany mnożnik:
                                                Nie
                                            
                                                                                                                                
                                                Typ gniazda:
                                                Socket 1700
                                            
                                                                                                                                
                                                Wynik Benchmark:
                                                47851
                                            
                                                                                Pokaż więcej"
"1746615639-182","https://www.morele.net/kategoria/procesory-45/,,,,,,,,0,,,,/6/","Procesor Intel Core i5-9400F, 2.9 GHz, 9 MB, OEM (CM8068403358819)","522,01 zł","https://images.morele.net/i256/5955268_0_i256.jpg","CECHY PRODUKTU
                                                                                                                                
                                                Częstotliwość taktowania procesora:
                                                2.9 GHz
                                            
                                                                                                                                
                                                Liczba rdzeni:
                                                6 rdzeni
                                            
                                                                                                                                
                                                Odblokowany mnożnik:
                                                Nie
                                            
                                                                                                                                
                                                Typ gniazda:
                                                Socket 1151 (Coffee Lake)
                                            
                                                                                                                                
                                                Wynik Benchmark:
                                                9494
                                            
                                                                                Pokaż więcej"
"1746615639-183","https://www.morele.net/kategoria/procesory-45/,,,,,,,,0,,,,/6/","Procesor AMD Ryzen 7 8700F, 4.1 GHz, 16 MB, BOX (100-100001590BOX)","989,85 zł","https://images.morele.net/i256/13229821_1_i256.jpg","CECHY PRODUKTU
                                                                                                                                
                                                Częstotliwość taktowania procesora:
                                                4.1 GHz
                                            
                                                                                                                                
                                                Liczba rdzeni:
                                                8 rdzeni
                                            
                                                                                                                                
                                                Odblokowany mnożnik:
                                                Tak
                                            
                                                                                                                                
                                                Typ gniazda:
                                                Socket AM5
                                            
                                                                                                                                
                                                Wynik Benchmark:
                                                30977
                                            
                                                                                Pokaż więcej"
"1746615639-184","https://www.morele.net/kategoria/procesory-45/,,,,,,,,0,,,,/6/","Procesor AMD Ryzen 5 Pro 4650G, 3.7 GHz, 8 MB, MPK (100-100000143MPK)","1 307,50 zł","https://images.morele.net/i256/8041949_1_i256.jpg","CECHY PRODUKTU
                                                                                                                                
                                                Częstotliwość taktowania procesora:
                                                3.7 GHz
                                            
                                                                                                                                
                                                Liczba rdzeni:
                                                6 rdzeni
                                            
                                                                                                                                
                                                Odblokowany mnożnik:
                                                Nie
                                            
                                                                                                                                
                                                Typ gniazda:
                                                Socket AM4
                                            
                                                                                                                                
                                                Wynik Benchmark:
                                                16243
                                            
                                                                                Pokaż więcej"
"1746615639-185","https://www.morele.net/kategoria/procesory-45/,,,,,,,,0,,,,/6/","Procesor Intel Core i9-10920X, 3.5 GHz, 19.25 MB, BOX (BX8069510920X)","3 612,74 zł","https://images.morele.net/i256/6593035_0_i256.jpg","CECHY PRODUKTU
                                                                                                                                
                                                Częstotliwość taktowania procesora:
                                                3.5 GHz
                                            
                                                                                                                                
                                                Liczba rdzeni:
                                                12 rdzeni
                                            
                                                                                                                                
                                                Odblokowany mnożnik:
                                                Tak
                                            
                                                                                                                                
                                                Typ gniazda:
                                                Socket 2066
                                            
                                                                                                                                
                                                Wynik Benchmark:
                                                2629
                                            
                                                                                Pokaż więcej"
"1746615639-186","https://www.morele.net/kategoria/procesory-45/,,,,,,,,0,,,,/6/","Procesor AMD Ryzen 9 5950X, 3.4 GHz, 64 MB, OEM (100-000000059)","3 840,99 zł","https://images.morele.net/i256/7267021_0_i256.jpg","CECHY PRODUKTU
                                                                                                                                
                                                Częstotliwość taktowania procesora:
                                                3.4 GHz
                                            
                                                                                                                                
                                                Liczba rdzeni:
                                                16 rdzeni
                                            
                                                                                                                                
                                                Odblokowany mnożnik:
                                                Tak
                                            
                                                                                                                                
                                                Typ gniazda:
                                                Socket AM4
                                            
                                                                                                                                
                                                Wynik Benchmark:
                                                45796
                                            
                                                                                Pokaż więcej"
"1746615639-187","https://www.morele.net/kategoria/procesory-45/,,,,,,,,0,,,,/6/","Procesor Intel Core i9-12900K, 3.2 GHz, 30 MB, OEM (CM8071504549230)","1 845,20 zł","https://images.morele.net/i256/9496655_0_i256.jpg","CECHY PRODUKTU
                                                                                                                                
                                                Częstotliwość taktowania procesora:
                                                3.2 GHz
                                            
                                                                                                                                
                                                Liczba rdzeni:
                                                16 rdzeni
                                            
                                                                                                                                
                                                Odblokowany mnożnik:
                                                Tak
                                            
                                                                                                                                
                                                Typ gniazda:
                                                Socket 1700
                                            
                                                                                                                                
                                                Wynik Benchmark:
                                                41403
                                            
                                                                                Pokaż więcej"
"1746615639-188","https://www.morele.net/kategoria/procesory-45/,,,,,,,,0,,,,/6/","Procesor Intel Core i3-10100, 3.6 GHz, 6 MB, OEM (CM8070104291317)","581,83 zł","https://images.morele.net/i256/6755131_1_i256.jpg","CECHY PRODUKTU
                                                                                                                                
                                                Częstotliwość taktowania procesora:
                                                3.6 GHz
                                            
                                                                                                                                
                                                Liczba rdzeni:
                                                4 rdzenie
                                            
                                                                                                                                
                                                Odblokowany mnożnik:
                                                Nie
                                            
                                                                                                                                
                                                Typ gniazda:
                                                Socket 1200
                                            
                                                                                                                                
                                                Wynik Benchmark:
                                                8689
                                            
                                                                                Pokaż więcej"
"1746615639-189","https://www.morele.net/kategoria/procesory-45/,,,,,,,,0,,,,/6/","Procesor Intel Pentium G6600, 4.2 GHz, 4 MB, BOX (BX80701G6600)","587,71 zł","https://images.morele.net/i256/7267552_1_i256.jpg","CECHY PRODUKTU
                                                                                                                                
                                                Częstotliwość taktowania procesora:
                                                4.2 GHz
                                            
                                                                                                                                
                                                Liczba rdzeni:
                                                2 rdzenie
                                            
                                                                                                                                
                                                Odblokowany mnożnik:
                                                Nie
                                            
                                                                                                                                
                                                Typ gniazda:
                                                Socket 1200
                                            
                                                                                                                                
                                                Wynik Benchmark:
                                                4226
                                            
                                                                                Pokaż więcej"
"1746615639-190","https://www.morele.net/kategoria/procesory-45/,,,,,,,,0,,,,/6/","Procesor Intel Core i5-11400, 2.6 GHz, 12 MB, OEM (CM8070804497015)","591,67 zł","https://images.morele.net/i256/9240421_0_i256.jpg","CECHY PRODUKTU
                                                                                                                                
                                                Częstotliwość taktowania procesora:
                                                2.6 GHz
                                            
                                                                                                                                
                                                Liczba rdzeni:
                                                6 rdzeni
                                            
                                                                                                                                
                                                Odblokowany mnożnik:
                                                Nie
                                            
                                                                                                                                
                                                Typ gniazda:
                                                Socket 1200 (Rocket Lake)
                                            
                                                                                                                                
                                                Wynik Benchmark:
                                                17103
                                            
                                                                                Pokaż więcej"
"1746615639-191","https://www.morele.net/kategoria/procesory-45/,,,,,,,,0,,,,/6/","Procesor Intel Core i7-12700, 2.1 GHz, 25 MB, OEM (CM8071504555019)","1 134,24 zł","https://images.morele.net/i256/9658382_0_i256.jpg","CECHY PRODUKTU
                                                                                                                                
                                                Częstotliwość taktowania procesora:
                                                2.1 GHz
                                            
                                                                                                                                
                                                Liczba rdzeni:
                                                12 rdzeni
                                            
                                                                                                                                
                                                Odblokowany mnożnik:
                                                Nie
                                            
                                                                                                                                
                                                Typ gniazda:
                                                Socket 1700
                                            
                                                                                                                                
                                                Wynik Benchmark:
                                                30877
                                            
                                                                                Pokaż więcej"
"1746615639-192","https://www.morele.net/kategoria/procesory-45/,,,,,,,,0,,,,/6/","Procesor Intel Core i9-12900KF, 3.2 GHz, 30 MB, OEM (CM8071504549231)","1 494,65 zł","https://images.morele.net/i256/9682843_0_i256.jpg","CECHY PRODUKTU
                                                                                                                                
                                                Częstotliwość taktowania procesora:
                                                3.2 GHz
                                            
                                                                                                                                
                                                Liczba rdzeni:
                                                16 rdzeni
                                            
                                                                                                                                
                                                Odblokowany mnożnik:
                                                Tak
                                            
                                                                                                                                
                                                Typ gniazda:
                                                Socket 1700
                                            
                                                                                                                                
                                                Wynik Benchmark:
                                                41245
                                            
                                                                                Pokaż więcej"
"1746615639-193","https://www.morele.net/kategoria/procesory-45/,,,,,,,,0,,,,/6/","Procesor AMD Ryzen 7 5700G, 3.8 GHz, 16 MB, MPK (100-100000263MPK)","1 746,69 zł","https://images.morele.net/i256/8536077_0_i256.jpg","CECHY PRODUKTU
                                                                                                                                
                                                Częstotliwość taktowania procesora:
                                                3.8 GHz
                                            
                                                                                                                                
                                                Liczba rdzeni:
                                                8 rdzeni
                                            
                                                                                                                                
                                                Odblokowany mnożnik:
                                                Tak
                                            
                                                                                                                                
                                                Typ gniazda:
                                                Socket AM4
                                            
                                                                                                                                
                                                Wynik Benchmark:
                                                24654
                                            
                                                                                Pokaż więcej"
"1746615639-194","https://www.morele.net/kategoria/procesory-45/,,,,,,,,0,,,,/6/","Procesor Intel Core i9-12900, 2.4 GHz, 30 MB, BOX (BX8071512900 99ARGF)","2 020,31 zł","https://images.morele.net/i256/9979126_0_i256.jpg","CECHY PRODUKTU
                                                                                                                                
                                                Częstotliwość taktowania procesora:
                                                2.4 GHz
                                            
                                                                                                                                
                                                Liczba rdzeni:
                                                16 rdzeni
                                            
                                                                                                                                
                                                Odblokowany mnożnik:
                                                Nie
                                            
                                                                                                                                
                                                Typ gniazda:
                                                Socket 1700
                                            
                                                                                                                                
                                                Wynik Benchmark:
                                                34312
                                            
                                                                                Pokaż więcej"
"1746615639-195","https://www.morele.net/kategoria/procesory-45/,,,,,,,,0,,,,/6/","Procesor Intel Core i5-10400, 2.9 GHz, 12 MB, OEM (CM8070104290715)","514,28 zł","https://images.morele.net/i256/6747480_0_i256.jpg","CECHY PRODUKTU
                                                                                                                                
                                                Częstotliwość taktowania procesora:
                                                2.9 GHz
                                            
                                                                                                                                
                                                Liczba rdzeni:
                                                6 rdzeni
                                            
                                                                                                                                
                                                Odblokowany mnożnik:
                                                Nie
                                            
                                                                                                                                
                                                Typ gniazda:
                                                Socket 1200
                                            
                                                                                                                                
                                                Wynik Benchmark:
                                                12169
                                            
                                                                                Pokaż więcej"
"1746615639-196","https://www.morele.net/kategoria/procesory-45/,,,,,,,,0,,,,/6/","Procesor Intel Core i7-14700KF, 3.4 GHz, 33 MB, OEM (CM8071504820722)","1 438,36 zł","https://images.morele.net/i256/13133237_1_i256.jpg","CECHY PRODUKTU
                                                                                                                                
                                                Częstotliwość taktowania procesora:
                                                3.4 GHz
                                            
                                                                                                                                
                                                Liczba rdzeni:
                                                20 rdzeni
                                            
                                                                                                                                
                                                Odblokowany mnożnik:
                                                Tak
                                            
                                                                                                                                
                                                Typ gniazda:
                                                Socket 1700
                                            
                                                                                                                                
                                                Wynik Benchmark:
                                                53464
                                            
                                                                                Pokaż więcej"
"1746615639-197","https://www.morele.net/kategoria/procesory-45/,,,,,,,,0,,,,/6/","Procesor Intel Core i5-14600, 2.7 GHz, 24 MB, OEM (CM8071504821018)","1 457,44 zł","https://images.morele.net/i256/13172912_0_i256.jpg","CECHY PRODUKTU
                                                                                                                                
                                                Częstotliwość taktowania procesora:
                                                2.7 GHz
                                            
                                                                                                                                
                                                Liczba rdzeni:
                                                14 rdzeni
                                            
                                                                                                                                
                                                Odblokowany mnożnik:
                                                Nie
                                            
                                                                                                                                
                                                Typ gniazda:
                                                Socket 1700
                                            
                                                                                                                                
                                                Wynik Benchmark:
                                                40540
                                            
                                                                                Pokaż więcej"
"1746615639-198","https://www.morele.net/kategoria/procesory-45/,,,,,,,,0,,,,/6/","Procesor AMD Ryzen 5 Pro 5650G, 3.9 GHz, 16 MB, OEM (100-000000255)","1 480,62 zł","https://images.morele.net/i256/8536087_2_i256.jpg","CECHY PRODUKTU
                                                                                                                                
                                                Częstotliwość taktowania procesora:
                                                3.9 GHz
                                            
                                                                                                                                
                                                Liczba rdzeni:
                                                6 rdzeni
                                            
                                                                                                                                
                                                Odblokowany mnożnik:
                                                Nie
                                            
                                                                                                                                
                                                Typ gniazda:
                                                Socket AM4
                                            
                                                                                                                                
                                                Wynik Benchmark:
                                                20827
                                            
                                                                                Pokaż więcej"
"1746615647-199","https://www.morele.net/kategoria/procesory-45/,,,,,,,,0,,,,/5/","Procesor AMD Ryzen 5 5500, 3.6 GHz, 16 MB, OEM (100-000000457)","284,36 zł","https://images.morele.net/i256/10120242_1_i256.jpg","CECHY PRODUKTU
                                                                                                                                
                                                Częstotliwość taktowania procesora:
                                                3.6 GHz
                                            
                                                                                                                                
                                                Liczba rdzeni:
                                                6 rdzeni
                                            
                                                                                                                                
                                                Odblokowany mnożnik:
                                                Nie
                                            
                                                                                                                                
                                                Typ gniazda:
                                                Socket AM4
                                            
                                                                                                                                
                                                Wynik Benchmark:
                                                19525
                                            
                                                                                Pokaż więcej"
"1746615647-200","https://www.morele.net/kategoria/procesory-45/,,,,,,,,0,,,,/5/","Procesor Intel Pentium G6400, 4 GHz, 4 MB, BOX (BX80701G6400)","342 zł","https://images.morele.net/i256/6935922_0_i256.jpg","CECHY PRODUKTU
                                                                                                                                
                                                Częstotliwość taktowania procesora:
                                                4 GHz
                                            
                                                                                                                                
                                                Liczba rdzeni:
                                                2 rdzenie
                                            
                                                                                                                                
                                                Odblokowany mnożnik:
                                                Nie
                                            
                                                                                                                                
                                                Typ gniazda:
                                                Socket 1200
                                            
                                                                                                                                
                                                Wynik Benchmark:
                                                4132
                                            
                                                                                Pokaż więcej"
"1746615647-201","https://www.morele.net/kategoria/procesory-45/,,,,,,,,0,,,,/5/","Procesor AMD Athlon 3000G, 3.5GHz, 4 MB, BOX (YD3000C6FHBOX)","418,93 zł","https://images.morele.net/i256/5940752_0_i256.jpg","CECHY PRODUKTU
                                                                                                                                
                                                Częstotliwość taktowania procesora:
                                                3.5 GHz
                                            
                                                                                                                                
                                                Liczba rdzeni:
                                                2 rdzenie
                                            
                                                                                                                                
                                                Odblokowany mnożnik:
                                                Tak
                                            
                                                                                                                                
                                                Typ gniazda:
                                                Socket AM4
                                            
                                                                                                                                
                                                Wynik Benchmark:
                                                4485
                                            
                                                                                Pokaż więcej"
"1746615647-202","https://www.morele.net/kategoria/procesory-45/,,,,,,,,0,,,,/5/","Procesor AMD Ryzen 9 7900, 3.7 GHz, 64 MB, BOX (100-100000590BOX)","1 375,87 zł","https://images.morele.net/i256/12491801_0_i256.jpg","CECHY PRODUKTU
                                                                                                                                
                                                Częstotliwość taktowania procesora:
                                                3.7 GHz
                                            
                                                                                                                                
                                                Liczba rdzeni:
                                                12 rdzeni
                                            
                                                                                                                                
                                                Odblokowany mnożnik:
                                                Tak
                                            
                                                                                                                                
                                                Typ gniazda:
                                                Socket AM5
                                            
                                                                                                                                
                                                Wynik Benchmark:
                                                49043
                                            
                                                                                Pokaż więcej"
"1746615647-203","https://www.morele.net/kategoria/procesory-45/,,,,,,,,0,,,,/5/","Procesor Intel 3.4 GHz, 8 MB, BOX (BX80646I74770)","1 446,68 zł","https://images.morele.net/i256/546531_1_i256.jpg","CECHY PRODUKTU
                                                                                                                                
                                                Częstotliwość taktowania procesora:
                                                3.4 GHz
                                            
                                                                                                                                
                                                Liczba rdzeni:
                                                4 rdzenie
                                            
                                                                                                                                
                                                Odblokowany mnożnik:
                                                Nie
                                            
                                                                                                                                
                                                Typ gniazda:
                                                Socket 1150
                                            
                                                                                                                                
                                                Wynik Benchmark:
                                                7061
                                            
                                                                                Pokaż więcej"
"1746615647-204","https://www.morele.net/kategoria/procesory-45/,,,,,,,,0,,,,/5/","Procesor AMD Ryzen 7 7700, 3.8 GHz, 32 MB, BOX (100-100000592BOX)","1 089 zł","https://images.morele.net/i256/12491802_0_i256.jpg","CECHY PRODUKTU
                                                                                                                                
                                                Częstotliwość taktowania procesora:
                                                3.8 GHz
                                            
                                                                                                                                
                                                Liczba rdzeni:
                                                8 rdzeni
                                            
                                                                                                                                
                                                Odblokowany mnożnik:
                                                Tak
                                            
                                                                                                                                
                                                Typ gniazda:
                                                Socket AM5
                                            
                                                                                                                                
                                                Wynik Benchmark:
                                                34798
                                            
                                                                                Pokaż więcej"
"1746615647-205","https://www.morele.net/kategoria/procesory-45/,,,,,,,,0,,,,/5/","Procesor Intel Core i5-11400F, 2.6 GHz, 12 MB, OEM (CM8070804497016)","422,42 zł","https://images.morele.net/i256/9497192_1_i256.jpg","CECHY PRODUKTU
                                                                                                                                
                                                Częstotliwość taktowania procesora:
                                                2.6 GHz
                                            
                                                                                                                                
                                                Liczba rdzeni:
                                                6 rdzeni
                                            
                                                                                                                                
                                                Odblokowany mnożnik:
                                                Nie
                                            
                                                                                                                                
                                                Typ gniazda:
                                                Socket 1200 (Rocket Lake)
                                            
                                                                                                                                
                                                Wynik Benchmark:
                                                17116
                                            
                                                                                Pokaż więcej"
"1746615647-206","https://www.morele.net/kategoria/procesory-45/,,,,,,,,0,,,,/5/","Procesor Intel Core i5-14500, 2.6 GHz, 24 MB, BOX (BX8071514500)","1 059 zł","https://images.morele.net/i256/13155880_0_i256.jpg","CECHY PRODUKTU
                                                                                                                                
                                                Częstotliwość taktowania procesora:
                                                2.6 GHz
                                            
                                                                                                                                
                                                Liczba rdzeni:
                                                14 rdzeni
                                            
                                                                                                                                
                                                Odblokowany mnożnik:
                                                Nie
                                            
                                                                                                                                
                                                Typ gniazda:
                                                Socket 1700
                                            
                                                                                                                                
                                                Wynik Benchmark:
                                                32232
                                            
                                                                                Pokaż więcej"
"1746615647-207","https://www.morele.net/kategoria/procesory-45/,,,,,,,,0,,,,/5/","Procesor Intel Core i5-10400F, 2.9 GHz, 12 MB, OEM (CM8070104290716)","392,94 zł","https://images.morele.net/i256/6747481_0_i256.jpg","CECHY PRODUKTU
                                                                                                                                
                                                Częstotliwość taktowania procesora:
                                                2.9 GHz
                                            
                                                                                                                                
                                                Liczba rdzeni:
                                                6 rdzeni
                                            
                                                                                                                                
                                                Odblokowany mnożnik:
                                                Nie
                                            
                                                                                                                                
                                                Typ gniazda:
                                                Socket 1200
                                            
                                                                                                                                
                                                Wynik Benchmark:
                                                1223
                                            
                                                                                Pokaż więcej"
"1746615647-208","https://www.morele.net/kategoria/procesory-45/,,,,,,,,0,,,,/5/","Procesor Intel Core i7-12700F, 2.1 GHz, 25 MB, BOX (BX8071512700F)","999 zł","https://images.morele.net/i256/9704858_1_i256.jpg","CECHY PRODUKTU
                                                                                                                                
                                                Częstotliwość taktowania procesora:
                                                2.1 GHz
                                            
                                                                                                                                
                                                Liczba rdzeni:
                                                12 rdzeni
                                            
                                                                                                                                
                                                Odblokowany mnożnik:
                                                Nie
                                            
                                                                                                                                
                                                Typ gniazda:
                                                Socket 1700
                                            
                                                                                                                                
                                                Wynik Benchmark:
                                                30902
                                            
                                                                                Pokaż więcej"
"1746615647-209","https://www.morele.net/kategoria/procesory-45/,,,,,,,,0,,,,/5/","Procesor Intel Core i5-12600KF, 3.7 GHz, 20 MB, OEM (CM8071504555228)","698,82 zł","https://images.morele.net/i256/9682844_0_i256.jpg","CECHY PRODUKTU
                                                                                                                                
                                                Częstotliwość taktowania procesora:
                                                3.7 GHz
                                            
                                                                                                                                
                                                Liczba rdzeni:
                                                10 rdzeni
                                            
                                                                                                                                
                                                Odblokowany mnożnik:
                                                Tak
                                            
                                                                                                                                
                                                Typ gniazda:
                                                Socket 1700
                                            
                                                                                                                                
                                                Wynik Benchmark:
                                                27479
                                            
                                                                                Pokaż więcej"
"1746615647-210","https://www.morele.net/kategoria/procesory-45/,,,,,,,,0,,,,/5/","Procesor AMD Ryzen 9 5900X, 3.7 GHz, 64 MB, OEM (100-000000061)","2 975,91 zł","https://images.morele.net/i256/7267023_0_i256.jpg","CECHY PRODUKTU
                                                                                                                                
                                                Częstotliwość taktowania procesora:
                                                3.7 GHz
                                            
                                                                                                                                
                                                Liczba rdzeni:
                                                12 rdzeni
                                            
                                                                                                                                
                                                Odblokowany mnożnik:
                                                Tak
                                            
                                                                                                                                
                                                Typ gniazda:
                                                Socket AM4
                                            
                                                                                                                                
                                                Wynik Benchmark:
                                                39224
                                            
                                                                                Pokaż więcej"
"1746615647-211","https://www.morele.net/kategoria/procesory-45/,,,,,,,,0,,,,/5/","Procesor AMD Ryzen 5 5600G, 3.9 GHz, 16 MB, OEM (100-000000252)","518,74 zł","https://images.morele.net/i256/8536081_2_i256.jpg","CECHY PRODUKTU
                                                                                                                                
                                                Częstotliwość taktowania procesora:
                                                3.9 GHz
                                            
                                                                                                                                
                                                Liczba rdzeni:
                                                6 rdzeni
                                            
                                                                                                                                
                                                Odblokowany mnożnik:
                                                Tak
                                            
                                                                                                                                
                                                Typ gniazda:
                                                Socket AM4
                                            
                                                                                                                                
                                                Wynik Benchmark:
                                                19903
                                            
                                                                                Pokaż więcej"
"1746615647-212","https://www.morele.net/kategoria/procesory-45/,,,,,,,,0,,,,/5/","Procesor Intel Core i5-10500, 3.1 GHz, 12 MB, BOX (BX8070110500)","1 629,70 zł","https://images.morele.net/i256/6731006_2_i256.jpeg","CECHY PRODUKTU
                                                                                                                                
                                                Częstotliwość taktowania procesora:
                                                3.1 GHz
                                            
                                                                                                                                
                                                Liczba rdzeni:
                                                6 rdzeni
                                            
                                                                                                                                
                                                Odblokowany mnożnik:
                                                Nie
                                            
                                                                                                                                
                                                Typ gniazda:
                                                Socket 1200
                                            
                                                                                                                                
                                                Wynik Benchmark:
                                                12784
                                            
                                                                                Pokaż więcej"
"1746615647-213","https://www.morele.net/kategoria/procesory-45/,,,,,,,,0,,,,/5/","Procesor AMD Athlon 3000G, 3.5 GHz, 4 MB, OEM (YD3000C6M2OFH)","249 zł","https://images.morele.net/i256/9009748_0_i256.jpg","CECHY PRODUKTU
                                                                                                                                
                                                Częstotliwość taktowania procesora:
                                                3.5 GHz
                                            
                                                                                                                                
                                                Liczba rdzeni:
                                                2 rdzenie
                                            
                                                                                                                                
                                                Odblokowany mnożnik:
                                                Tak
                                            
                                                                                                                                
                                                Typ gniazda:
                                                Socket AM4
                                            
                                                                                                                                
                                                Wynik Benchmark:
                                                4485
                                            
                                                                                Pokaż więcej"
"1746615647-214","https://www.morele.net/kategoria/procesory-45/,,,,,,,,0,,,,/5/","Procesor AMD Ryzen 7 9700X, 3.8 GHz, 32 MB, BOX (100-100001404WOF)","1 361 zł","https://images.morele.net/i256/13331758_0_i256.jpg","CECHY PRODUKTU
                                                                                                                                
                                                Częstotliwość taktowania procesora:
                                                3.8 GHz
                                            
                                                                                                                                
                                                Liczba rdzeni:
                                                8 rdzeni
                                            
                                                                                                                                
                                                Odblokowany mnożnik:
                                                Tak
                                            
                                                                                                                                
                                                Typ gniazda:
                                                Socket AM5
                                            
                                                                                                                                
                                                Wynik Benchmark:
                                                37399
                                            
                                                                                Pokaż więcej"
"1746615647-215","https://www.morele.net/kategoria/procesory-45/,,,,,,,,0,,,,/5/","Procesor AMD Ryzen 7 5800X, 3.8 GHz, 32 MB, OEM (100-000000063)","2 068,98 zł","https://images.morele.net/i256/7267025_0_i256.jpg","CECHY PRODUKTU
                                                                                                                                
                                                Częstotliwość taktowania procesora:
                                                3.8 GHz
                                            
                                                                                                                                
                                                Liczba rdzeni:
                                                8 rdzeni
                                            
                                                                                                                                
                                                Odblokowany mnożnik:
                                                Tak
                                            
                                                                                                                                
                                                Typ gniazda:
                                                Socket AM4
                                            
                                                                                                                                
                                                Wynik Benchmark:
                                                27857
                                            
                                                                                Pokaż więcej"
"1746615647-216","https://www.morele.net/kategoria/procesory-45/,,,,,,,,0,,,,/5/","Procesor AMD Ryzen 5 Pro 5650G, 3.9 GHz, 16 MB, OEM (100-100000255MPK)","1 480,62 zł","https://images.morele.net/i256/8536086_2_i256.jpg","CECHY PRODUKTU
                                                                                                                                
                                                Częstotliwość taktowania procesora:
                                                3.9 GHz
                                            
                                                                                                                                
                                                Liczba rdzeni:
                                                6 rdzeni
                                            
                                                                                                                                
                                                Odblokowany mnożnik:
                                                Nie
                                            
                                                                                                                                
                                                Typ gniazda:
                                                Socket AM4
                                            
                                                                                                                                
                                                Wynik Benchmark:
                                                20827
                                            
                                                                                Pokaż więcej"
"1746615647-217","https://www.morele.net/kategoria/procesory-45/,,,,,,,,0,,,,/5/","Procesor AMD Ryzen 9 9950X3D, 4.3 GHz, 128 MB, BOX (100-100000719WOF)","3 499 zł","https://images.morele.net/i256/14743984_1_i256.jpg","CECHY PRODUKTU
                                                                                                                                
                                                Częstotliwość taktowania procesora:
                                                4.3 GHz
                                            
                                                                                                                                
                                                Liczba rdzeni:
                                                16 rdzeni
                                            
                                                                                                                                
                                                Odblokowany mnożnik:
                                                Tak
                                            
                                                                                                                                
                                                Typ gniazda:
                                                Socket AM5
                                            
                                                                                                                                
                                                Wynik Benchmark:
                                                69701
                                            
                                                                                Pokaż więcej"
"1746615647-218","https://www.morele.net/kategoria/procesory-45/,,,,,,,,0,,,,/5/","Procesor Intel Pentium G6405, 4.1 GHz, 4 MB, BOX (BX80701G6405)","437,99 zł","https://images.morele.net/i256/7732039_0_i256.jpg","CECHY PRODUKTU
                                                                                                                                
                                                Częstotliwość taktowania procesora:
                                                4.1 GHz
                                            
                                                                                                                                
                                                Liczba rdzeni:
                                                2 rdzenie
                                            
                                                                                                                                
                                                Odblokowany mnożnik:
                                                Nie
                                            
                                                                                                                                
                                                Typ gniazda:
                                                Socket 1200
                                            
                                                                                                                                
                                                Wynik Benchmark:
                                                4254
                                            
                                                                                Pokaż więcej"
"1746615647-219","https://www.morele.net/kategoria/procesory-45/,,,,,,,,0,,,,/5/","Procesor Intel Core i7-12700K, 3.6 GHz, 25 MB, OEM (CM8071504553828)","1 079,64 zł","https://images.morele.net/i256/9496678_0_i256.jpg","CECHY PRODUKTU
                                                                                                                                
                                                Częstotliwość taktowania procesora:
                                                3.6 GHz
                                            
                                                                                                                                
                                                Liczba rdzeni:
                                                12 rdzeni
                                            
                                                                                                                                
                                                Odblokowany mnożnik:
                                                Tak
                                            
                                                                                                                                
                                                Typ gniazda:
                                                Socket 1700
                                            
                                                                                                                                
                                                Wynik Benchmark:
                                                34713
                                            
                                                                                Pokaż więcej"
"1746615647-220","https://www.morele.net/kategoria/procesory-45/,,,,,,,,0,,,,/5/","Procesor Intel Core i5-12600, 3.3 GHz, 18 MB, BOX (BX8071512600)","1 198,50 zł","https://images.morele.net/i256/9643265_0_i256.jpg","CECHY PRODUKTU
                                                                                                                                
                                                Częstotliwość taktowania procesora:
                                                3.3 GHz
                                            
                                                                                                                                
                                                Liczba rdzeni:
                                                6 rdzeni
                                            
                                                                                                                                
                                                Odblokowany mnożnik:
                                                Nie
                                            
                                                                                                                                
                                                Typ gniazda:
                                                Socket 1700
                                            
                                                                                                                                
                                                Wynik Benchmark:
                                                21392
                                            
                                                                                Pokaż więcej"
"1746615647-221","https://www.morele.net/kategoria/procesory-45/,,,,,,,,0,,,,/5/","Procesor AMD Ryzen 3 3200G, 3.6 GHz, 4 MB, OEM (YD3200C5M4MFH)","281,99 zł","https://images.morele.net/i256/7813354_0_i256.jpg","CECHY PRODUKTU
                                                                                                                                
                                                Częstotliwość taktowania procesora:
                                                3.6 GHz
                                            
                                                                                                                                
                                                Liczba rdzeni:
                                                4 rdzenie
                                            
                                                                                                                                
                                                Odblokowany mnożnik:
                                                Tak
                                            
                                                                                                                                
                                                Typ gniazda:
                                                Socket AM4
                                            
                                                                                                                                
                                                Wynik Benchmark:
                                                7153
                                            
                                                                                Pokaż więcej"
"1746615647-222","https://www.morele.net/kategoria/procesory-45/,,,,,,,,0,,,,/5/","Procesor Intel Core i3-12100F, 3.3 GHz, 12 MB, OEM (CM8071504651013)","299,98 zł","https://images.morele.net/i256/9658409_0_i256.jpg","CECHY PRODUKTU
                                                                                                                                
                                                Częstotliwość taktowania procesora:
                                                3.3 GHz
                                            
                                                                                                                                
                                                Liczba rdzeni:
                                                4 rdzenie
                                            
                                                                                                                                
                                                Odblokowany mnożnik:
                                                Nie
                                            
                                                                                                                                
                                                Typ gniazda:
                                                Socket 1700
                                            
                                                                                                                                
                                                Wynik Benchmark:
                                                14207
                                            
                                                                                Pokaż więcej"
"1746615647-223","https://www.morele.net/kategoria/procesory-45/,,,,,,,,0,,,,/5/","Procesor Intel Core i3-14100F, 3.5 GHz, 12 MB, BOX (BX8071514100F)","361,10 zł","https://images.morele.net/i256/13155886_0_i256.jpg","CECHY PRODUKTU
                                                                                                                                
                                                Częstotliwość taktowania procesora:
                                                3.5 GHz
                                            
                                                                                                                                
                                                Liczba rdzeni:
                                                4 rdzenie
                                            
                                                                                                                                
                                                Odblokowany mnożnik:
                                                Nie
                                            
                                                                                                                                
                                                Typ gniazda:
                                                Socket 1700
                                            
                                                                                                                                
                                                Wynik Benchmark:
                                                15052
                                            
                                                                                Pokaż więcej"
"1746615647-224","https://www.morele.net/kategoria/procesory-45/,,,,,,,,0,,,,/5/","Procesor Intel Core i5-7500, 3.4 GHz, 6 MB, OEM (CM8067702868012)","1 149 zł","https://images.morele.net/i256/1113145_5_i256.jpg","CECHY PRODUKTU
                                                                                                                                
                                                Częstotliwość taktowania procesora:
                                                3.4 GHz
                                            
                                                                                                                                
                                                Liczba rdzeni:
                                                4 rdzenie
                                            
                                                                                                                                
                                                Odblokowany mnożnik:
                                                Nie
                                            
                                                                                                                                
                                                Typ gniazda:
                                                Socket 1151
                                            
                                                                                                                                
                                                Wynik Benchmark:
                                                6027
                                            
                                                                                Pokaż więcej"
"1746615647-225","https://www.morele.net/kategoria/procesory-45/,,,,,,,,0,,,,/5/","Procesor Intel Core i7-6700, 3.4 GHz, 8 MB, OEM (CM8066201920103)","1 693,77 zł","https://images.morele.net/i256/778354_0_i256.jpg","CECHY PRODUKTU
                                                                                                                                
                                                Częstotliwość taktowania procesora:
                                                3.4 GHz
                                            
                                                                                                                                
                                                Liczba rdzeni:
                                                4 rdzenie
                                            
                                                                                                                                
                                                Odblokowany mnożnik:
                                                Nie
                                            
                                                                                                                                
                                                Typ gniazda:
                                                Socket 1151
                                            
                                                                                                                                
                                                Wynik Benchmark:
                                                8089
                                            
                                                                                Pokaż więcej"
"1746615647-226","https://www.morele.net/kategoria/procesory-45/,,,,,,,,0,,,,/5/","Procesor AMD Ryzen 5 3500X, 3.6 GHz, 32 MB, OEM (100-000000158)","199 zł","https://images.morele.net/i256/8513070_0_i256.jpg","CECHY PRODUKTU
                                                                                                                                
                                                Częstotliwość taktowania procesora:
                                                3.6 GHz
                                            
                                                                                                                                
                                                Liczba rdzeni:
                                                6 rdzeni
                                            
                                                                                                                                
                                                Odblokowany mnożnik:
                                                Tak
                                            
                                                                                                                                
                                                Typ gniazda:
                                                Socket AM4
                                            
                                                                                                                                
                                                Wynik Benchmark:
                                                13201
                                            
                                                                                Pokaż więcej"
"1746615647-227","https://www.morele.net/kategoria/procesory-45/,,,,,,,,0,,,,/5/","Procesor Intel Core i3-10100F, 3.6 GHz, 6 MB, OEM (CM8070104291318)","237,94 zł","https://images.morele.net/i256/5945832_2_i256.jpg","CECHY PRODUKTU
                                                                                                                                
                                                Częstotliwość taktowania procesora:
                                                3.6 GHz
                                            
                                                                                                                                
                                                Liczba rdzeni:
                                                4 rdzenie
                                            
                                                                                                                                
                                                Odblokowany mnożnik:
                                                Nie
                                            
                                                                                                                                
                                                Typ gniazda:
                                                Socket 1200
                                            
                                                                                                                                
                                                Wynik Benchmark:
                                                8778
                                            
                                                                                Pokaż więcej"
"1746615647-228","https://www.morele.net/kategoria/procesory-45/,,,,,,,,0,,,,/5/","Procesor AMD Ryzen 7 8700G, 4.2 GHz, 16 MB, BOX (100-100001236BOX)","1 153,46 zł","https://images.morele.net/i256/13170054_0_i256.jpg","CECHY PRODUKTU
                                                                                                                                
                                                Częstotliwość taktowania procesora:
                                                4.2 GHz
                                            
                                                                                                                                
                                                Liczba rdzeni:
                                                8 rdzeni
                                            
                                                                                                                                
                                                Odblokowany mnożnik:
                                                Tak
                                            
                                                                                                                                
                                                Typ gniazda:
                                                Socket AM5
                                            
                                                                                                                                
                                                Wynik Benchmark:
                                                32143
                                            
                                                                                Pokaż więcej"
"1746615655-229","https://www.morele.net/kategoria/procesory-45/,,,,,,,,0,,,,/4/","Procesor Intel Core i5-14600K, 3.5 GHz, 24 MB, OEM (CM8071504821015)","1 130,99 zł","https://images.morele.net/i256/13133234_1_i256.jpg","CECHY PRODUKTU
                                                                                                                                
                                                Częstotliwość taktowania procesora:
                                                3.5 GHz
                                            
                                                                                                                                
                                                Liczba rdzeni:
                                                14 rdzeni
                                            
                                                                                                                                
                                                Odblokowany mnożnik:
                                                Tak
                                            
                                                                                                                                
                                                Typ gniazda:
                                                Socket 1700
                                            
                                                                                                                                
                                                Wynik Benchmark:
                                                38951
                                            
                                                                                Pokaż więcej"
"1746615655-230","https://www.morele.net/kategoria/procesory-45/,,,,,,,,0,,,,/4/","Procesor Intel Core i5-12600KF, 3.7 GHz, 20 MB, BOX (BX8071512600KF) + Endorfy Fortis 5 Dual Fan (EY3A009)","1 022,19 zł","https://images.morele.net/i256/9078235_0_i256.jpg","CECHY PRODUKTU
                                                                                                                                
                                                Częstotliwość taktowania procesora:
                                                3.7 GHz
                                            
                                                                                                                                
                                                Liczba rdzeni:
                                                10 rdzeni
                                            
                                                                                                                                
                                                Odblokowany mnożnik:
                                                Tak
                                            
                                                                                                                                
                                                Typ gniazda:
                                                Socket 1700
                                            
                                                                                                                                
                                                Wynik Benchmark:
                                                27479
                                            
                                                                                Pokaż więcej"
"1746615655-231","https://www.morele.net/kategoria/procesory-45/,,,,,,,,0,,,,/4/","Procesor Intel Core Ultra 7 265KF, 3.3 GHz, 30 MB, BOX (BX80768265KF)","1 659,50 zł","https://images.morele.net/i256/14201779_0_i256.jpg","CECHY PRODUKTU
                                                                                                                                
                                                Częstotliwość taktowania procesora:
                                                3.3 GHz
                                            
                                                                                                                                
                                                Liczba rdzeni:
                                                20 rdzeni
                                            
                                                                                                                                
                                                Odblokowany mnożnik:
                                                Tak
                                            
                                                                                                                                
                                                Typ gniazda:
                                                Socket 1851
                                            
                                                                                                                                
                                                Wynik Benchmark:
                                                Brak danych
                                            
                                                                                Pokaż więcej"
"1746615655-232","https://www.morele.net/kategoria/procesory-45/,,,,,,,,0,,,,/4/","Procesor Intel Core i5-13400F, 2.5 GHz, 20 MB, OEM (CM8071504821107)","564,39 zł","https://images.morele.net/i256/13112500_0_i256.jpg","CECHY PRODUKTU
                                                                                                                                
                                                Częstotliwość taktowania procesora:
                                                2.5 GHz
                                            
                                                                                                                                
                                                Liczba rdzeni:
                                                10 rdzeni
                                            
                                                                                                                                
                                                Odblokowany mnożnik:
                                                Nie
                                            
                                                                                                                                
                                                Typ gniazda:
                                                Socket 1700
                                            
                                                                                                                                
                                                Wynik Benchmark:
                                                2543
                                            
                                                                                Pokaż więcej"
"1746615655-233","https://www.morele.net/kategoria/procesory-45/,,,,,,,,0,,,,/4/","Procesor Intel Core Ultra 5 245K, 3.6 GHz, 24 MB, OEM (AT807680640F)","1 358,99 zł","https://images.morele.net/i256/14201777_0_i256.jpg","CECHY PRODUKTU
                                                                                                                                
                                                Częstotliwość taktowania procesora:
                                                3.6 GHz
                                            
                                                                                                                                
                                                Liczba rdzeni:
                                                14 rdzeni
                                            
                                                                                                                                
                                                Odblokowany mnożnik:
                                                Tak
                                            
                                                                                                                                
                                                Typ gniazda:
                                                Socket 1851
                                            
                                                                                                                                
                                                Wynik Benchmark:
                                                Brak danych
                                            
                                                                                Pokaż więcej"
"1746615655-234","https://www.morele.net/kategoria/procesory-45/,,,,,,,,0,,,,/4/","Procesor Intel Core i7-14700, 2.1 GHz, 33 MB, OEM (CM8071504820817)","1 531,65 zł","https://images.morele.net/i256/13172915_1_i256.jpg","CECHY PRODUKTU
                                                                                                                                
                                                Częstotliwość taktowania procesora:
                                                2.1 GHz
                                            
                                                                                                                                
                                                Liczba rdzeni:
                                                20 rdzeni
                                            
                                                                                                                                
                                                Odblokowany mnożnik:
                                                Nie
                                            
                                                                                                                                
                                                Typ gniazda:
                                                Socket 1700
                                            
                                                                                                                                
                                                Wynik Benchmark:
                                                49008
                                            
                                                                                Pokaż więcej"
"1746615655-235","https://www.morele.net/kategoria/procesory-45/,,,,,,,,0,,,,/4/","Procesor Intel Core i9-13900K, 3 GHz, 36 MB, OEM (CM8071505094011)","2 233,98 zł","https://images.morele.net/i256/13112482_1_i256.jpg","CECHY PRODUKTU
                                                                                                                                
                                                Częstotliwość taktowania procesora:
                                                3 GHz
                                            
                                                                                                                                
                                                Liczba rdzeni:
                                                24 rdzenie
                                            
                                                                                                                                
                                                Odblokowany mnożnik:
                                                Tak
                                            
                                                                                                                                
                                                Typ gniazda:
                                                Socket 1700
                                            
                                                                                                                                
                                                Wynik Benchmark:
                                                5953
                                            
                                                                                Pokaż więcej"
"1746615655-236","https://www.morele.net/kategoria/procesory-45/,,,,,,,,0,,,,/4/","Procesor Intel Core i9-14900F, 2 GHz, 36 MB, BOX (BX8071514900F)","2 475,26 zł","https://images.morele.net/i256/13155883_0_i256.jpg","CECHY PRODUKTU
                                                                                                                                
                                                Częstotliwość taktowania procesora:
                                                2 GHz
                                            
                                                                                                                                
                                                Liczba rdzeni:
                                                24 rdzenie
                                            
                                                                                                                                
                                                Odblokowany mnożnik:
                                                Nie
                                            
                                                                                                                                
                                                Typ gniazda:
                                                Socket 1700
                                            
                                                                                                                                
                                                Wynik Benchmark:
                                                62010
                                            
                                                                                Pokaż więcej"
"1746615655-237","https://www.morele.net/kategoria/procesory-45/,,,,,,,,0,,,,/4/","Procesor AMD Ryzen 5 3600, 3.6 GHz, 32 MB, BOX (100-100000031BOX)","269 zł","https://images.morele.net/i256/5938599_0_i256.jpg","CECHY PRODUKTU
                                                                                                                                
                                                Częstotliwość taktowania procesora:
                                                3.6 GHz
                                            
                                                                                                                                
                                                Liczba rdzeni:
                                                6 rdzeni
                                            
                                                                                                                                
                                                Odblokowany mnożnik:
                                                Tak
                                            
                                                                                                                                
                                                Typ gniazda:
                                                Socket AM4
                                            
                                                                                                                                
                                                Wynik Benchmark:
                                                17779
                                            
                                                                                Pokaż więcej"
"1746615655-238","https://www.morele.net/kategoria/procesory-45/,,,,,,,,0,,,,/4/","Procesor AMD Ryzen 7 3700X, 3.6 GHz, 32 MB, BOX (100-100000071BOX)","","https://images.morele.net/i256/5938597_0_i256.jpg","CECHY PRODUKTU
                                                                                                                                
                                                Częstotliwość taktowania procesora:
                                                3.6 GHz
                                            
                                                                                                                                
                                                Liczba rdzeni:
                                                8 rdzeni
                                            
                                                                                                                                
                                                Odblokowany mnożnik:
                                                Tak
                                            
                                                                                                                                
                                                Typ gniazda:
                                                Socket AM4
                                            
                                                                                                                                
                                                Wynik Benchmark:
                                                22607
                                            
                                                                                Pokaż więcej"
"1746615655-239","https://www.morele.net/kategoria/procesory-45/,,,,,,,,0,,,,/4/","Procesor Intel Pentium G4560, 3.5 GHz, 3 MB, BOX (BX80677G4560)","717 zł","https://images.morele.net/i256/1115886_0_i256.jpg","CECHY PRODUKTU
                                                                                                                                
                                                Częstotliwość taktowania procesora:
                                                3.5 GHz
                                            
                                                                                                                                
                                                Liczba rdzeni:
                                                2 rdzenie
                                            
                                                                                                                                
                                                Odblokowany mnożnik:
                                                Nie
                                            
                                                                                                                                
                                                Typ gniazda:
                                                Socket 1151
                                            
                                                                                                                                
                                                Wynik Benchmark:
                                                3522
                                            
                                                                                Pokaż więcej"
"1746615655-240","https://www.morele.net/kategoria/procesory-45/,,,,,,,,0,,,,/4/","Procesor Intel Core i5-4590, 3.3 GHz, 6 MB, BOX (BX80646I54590)","1 019,01 zł","https://images.morele.net/i256/640864_0_i256.jpg","CECHY PRODUKTU
                                                                                                                                
                                                Częstotliwość taktowania procesora:
                                                3.3 GHz
                                            
                                                                                                                                
                                                Liczba rdzeni:
                                                4 rdzenie
                                            
                                                                                                                                
                                                Odblokowany mnożnik:
                                                Nie
                                            
                                                                                                                                
                                                Typ gniazda:
                                                Socket 1150
                                            
                                                                                                                                
                                                Wynik Benchmark:
                                                5377
                                            
                                                                                Pokaż więcej"
"1746615655-241","https://www.morele.net/kategoria/procesory-45/,,,,,,,,0,,,,/4/","Procesor AMD Ryzen 5 3600, 3.6 GHz, 32 MB, OEM (100-000000031)","276,13 zł","https://images.morele.net/i256/5945158_0_i256.jpg","CECHY PRODUKTU
                                                                                                                                
                                                Częstotliwość taktowania procesora:
                                                3.6 GHz
                                            
                                                                                                                                
                                                Liczba rdzeni:
                                                6 rdzeni
                                            
                                                                                                                                
                                                Odblokowany mnożnik:
                                                Tak
                                            
                                                                                                                                
                                                Typ gniazda:
                                                Socket AM4
                                            
                                                                                                                                
                                                Wynik Benchmark:
                                                17779
                                            
                                                                                Pokaż więcej"
"1746615655-242","https://www.morele.net/kategoria/procesory-45/,,,,,,,,0,,,,/4/","Procesor AMD Ryzen 3 3100, 3.6 GHz, 16 MB, BOX (100-100000284BOX)","204,16 zł","https://images.morele.net/i256/6732966_0_i256.jpg","CECHY PRODUKTU
                                                                                                                                
                                                Częstotliwość taktowania procesora:
                                                3.6 GHz
                                            
                                                                                                                                
                                                Liczba rdzeni:
                                                4 rdzenie
                                            
                                                                                                                                
                                                Odblokowany mnożnik:
                                                Tak
                                            
                                                                                                                                
                                                Typ gniazda:
                                                Socket AM4
                                            
                                                                                                                                
                                                Wynik Benchmark:
                                                1163
                                            
                                                                                Pokaż więcej"
"1746615655-243","https://www.morele.net/kategoria/procesory-45/,,,,,,,,0,,,,/4/","Procesor AMD Ryzen 5 2600X, 3.6 GHz, 16 MB, BOX (YD260XBCAFBOX)","925 zł","https://images.morele.net/i256/980256_0_i256.jpg","CECHY PRODUKTU
                                                                                                                                
                                                Częstotliwość taktowania procesora:
                                                3.6 GHz
                                            
                                                                                                                                
                                                Liczba rdzeni:
                                                6 rdzeni
                                            
                                                                                                                                
                                                Odblokowany mnożnik:
                                                Tak
                                            
                                                                                                                                
                                                Typ gniazda:
                                                Socket AM4
                                            
                                                                                                                                
                                                Wynik Benchmark:
                                                13949
                                            
                                                                                Pokaż więcej"
"1746615655-244","https://www.morele.net/kategoria/procesory-45/,,,,,,,,0,,,,/4/","Procesor Intel Core i3-9100F, 3.6 GHz, 6 MB, BOX (BX80684I39100F)","706 zł","https://images.morele.net/i256/5954267_0_i256.jpg","CECHY PRODUKTU
                                                                                                                                
                                                Częstotliwość taktowania procesora:
                                                3.6 GHz
                                            
                                                                                                                                
                                                Liczba rdzeni:
                                                4 rdzenie
                                            
                                                                                                                                
                                                Odblokowany mnożnik:
                                                Nie
                                            
                                                                                                                                
                                                Typ gniazda:
                                                Socket 1151 (Coffee Lake)
                                            
                                                                                                                                
                                                Wynik Benchmark:
                                                675
                                            
                                                                                Pokaż więcej"
"1746615655-245","https://www.morele.net/kategoria/procesory-45/,,,,,,,,0,,,,/4/","Procesor AMD Ryzen 7 7700, 3.8 GHz, 32 MB, OEM (100-000000592)","841,76 zł","https://images.morele.net/i256/12984669_1_i256.jpg","CECHY PRODUKTU
                                                                                                                                
                                                Częstotliwość taktowania procesora:
                                                3.8 GHz
                                            
                                                                                                                                
                                                Liczba rdzeni:
                                                8 rdzeni
                                            
                                                                                                                                
                                                Odblokowany mnożnik:
                                                Tak
                                            
                                                                                                                                
                                                Typ gniazda:
                                                Socket AM5
                                            
                                                                                                                                
                                                Wynik Benchmark:
                                                34798
                                            
                                                                                Pokaż więcej"
"1746615655-246","https://www.morele.net/kategoria/procesory-45/,,,,,,,,0,,,,/4/","Procesor AMD Ryzen 3 2200G, 3.5 GHz, 4 MB, BOX (YD2200C5FBBOX)","364,99 zł","https://images.morele.net/i256/979761_2_i256.jpg","CECHY PRODUKTU
                                                                                                                                
                                                Częstotliwość taktowania procesora:
                                                3.5 GHz
                                            
                                                                                                                                
                                                Liczba rdzeni:
                                                4 rdzenie
                                            
                                                                                                                                
                                                Odblokowany mnożnik:
                                                Tak
                                            
                                                                                                                                
                                                Typ gniazda:
                                                Socket AM4
                                            
                                                                                                                                
                                                Wynik Benchmark:
                                                6767
                                            
                                                                                Pokaż więcej"
"1746615655-247","https://www.morele.net/kategoria/procesory-45/,,,,,,,,0,,,,/4/","Procesor Intel Core i5-10600K, 4.1 GHz, 12 MB, BOX (BX8070110600K)","1 245,99 zł","https://images.morele.net/i256/6731004_1_i256.jpg","CECHY PRODUKTU
                                                                                                                                
                                                Częstotliwość taktowania procesora:
                                                4.1 GHz
                                            
                                                                                                                                
                                                Liczba rdzeni:
                                                6 rdzeni
                                            
                                                                                                                                
                                                Odblokowany mnożnik:
                                                Tak
                                            
                                                                                                                                
                                                Typ gniazda:
                                                Socket 1200
                                            
                                                                                                                                
                                                Wynik Benchmark:
                                                14358
                                            
                                                                                Pokaż więcej"
"1746615655-248","https://www.morele.net/kategoria/procesory-45/,,,,,,,,0,,,,/4/","Procesor Intel Core i5-12600KF, 3.7 GHz, 20 MB, BOX (BX8071512600KF)","779 zł","https://images.morele.net/i256/9502212_1_i256.jpg","CECHY PRODUKTU
                                                                                                                                
                                                Częstotliwość taktowania procesora:
                                                3.7 GHz
                                            
                                                                                                                                
                                                Liczba rdzeni:
                                                10 rdzeni
                                            
                                                                                                                                
                                                Odblokowany mnożnik:
                                                Tak
                                            
                                                                                                                                
                                                Typ gniazda:
                                                Socket 1700
                                            
                                                                                                                                
                                                Wynik Benchmark:
                                                27479
                                            
                                                                                Pokaż więcej"
"1746615655-249","https://www.morele.net/kategoria/procesory-45/,,,,,,,,0,,,,/4/","Procesor Intel Core i5-10600KF, 4.1 GHz, 12 MB, BOX (BX8070110600KF)","514,60 zł","https://images.morele.net/i256/6731003_1_i256.jpg","CECHY PRODUKTU
                                                                                                                                
                                                Częstotliwość taktowania procesora:
                                                4.1 GHz
                                            
                                                                                                                                
                                                Liczba rdzeni:
                                                6 rdzeni
                                            
                                                                                                                                
                                                Odblokowany mnożnik:
                                                Tak
                                            
                                                                                                                                
                                                Typ gniazda:
                                                Socket 1200
                                            
                                                                                                                                
                                                Wynik Benchmark:
                                                14358
                                            
                                                                                Pokaż więcej"
"1746615655-250","https://www.morele.net/kategoria/procesory-45/,,,,,,,,0,,,,/4/","Procesor AMD Ryzen 5 3600, 3.6 GHz, 32 MB, MPK (100-100000031MPK)","551,99 zł","https://images.morele.net/i256/5947306_0_i256.jpg","CECHY PRODUKTU
                                                                                                                                
                                                Częstotliwość taktowania procesora:
                                                3.6 GHz
                                            
                                                                                                                                
                                                Liczba rdzeni:
                                                6 rdzeni
                                            
                                                                                                                                
                                                Odblokowany mnożnik:
                                                Tak
                                            
                                                                                                                                
                                                Typ gniazda:
                                                Socket AM4
                                            
                                                                                                                                
                                                Wynik Benchmark:
                                                17779
                                            
                                                                                Pokaż więcej"
"1746615655-251","https://www.morele.net/kategoria/procesory-45/,,,,,,,,0,,,,/4/","Procesor AMD Ryzen 9 5950X, 3.4 GHz, 64 MB, BOX (100-100000059WOF)","1 378,69 zł","https://images.morele.net/i256/7267020_0_i256.jpg","CECHY PRODUKTU
                                                                                                                                
                                                Częstotliwość taktowania procesora:
                                                3.4 GHz
                                            
                                                                                                                                
                                                Liczba rdzeni:
                                                16 rdzeni
                                            
                                                                                                                                
                                                Odblokowany mnożnik:
                                                Tak
                                            
                                                                                                                                
                                                Typ gniazda:
                                                Socket AM4
                                            
                                                                                                                                
                                                Wynik Benchmark:
                                                45796
                                            
                                                                                Pokaż więcej"
"1746615655-252","https://www.morele.net/kategoria/procesory-45/,,,,,,,,0,,,,/4/","Procesor Intel Core i7-13700K, 3.4 GHz, 30 MB, BOX (BX8071513700K)","1 722,25 zł","https://images.morele.net/i256/11789666_0_i256.jpg","CECHY PRODUKTU
                                                                                                                                
                                                Częstotliwość taktowania procesora:
                                                3.4 GHz
                                            
                                                                                                                                
                                                Liczba rdzeni:
                                                16 rdzeni
                                            
                                                                                                                                
                                                Odblokowany mnożnik:
                                                Tak
                                            
                                                                                                                                
                                                Typ gniazda:
                                                Socket 1700
                                            
                                                                                                                                
                                                Wynik Benchmark:
                                                46699
                                            
                                                                                Pokaż więcej"
"1746615655-253","https://www.morele.net/kategoria/procesory-45/,,,,,,,,0,,,,/4/","Procesor AMD Ryzen 5 5600X, 3.7 GHz, 32 MB, MPK (100-100000065MPK)","1 490,49 zł","https://images.morele.net/i256/5947227_0_i256.jpg","CECHY PRODUKTU
                                                                                                                                
                                                Częstotliwość taktowania procesora:
                                                3.7 GHz
                                            
                                                                                                                                
                                                Liczba rdzeni:
                                                6 rdzeni
                                            
                                                                                                                                
                                                Odblokowany mnożnik:
                                                Tak
                                            
                                                                                                                                
                                                Typ gniazda:
                                                Socket AM4
                                            
                                                                                                                                
                                                Wynik Benchmark:
                                                21926
                                            
                                                                                Pokaż więcej"
"1746615655-254","https://www.morele.net/kategoria/procesory-45/,,,,,,,,0,,,,/4/","Procesor AMD Ryzen 9 7900X, 4.7 GHz, 64 MB, BOX (100-100000589WOF)","1 484,99 zł","https://images.morele.net/i256/11788489_5_i256.jpg","CECHY PRODUKTU
                                                                                                                                
                                                Częstotliwość taktowania procesora:
                                                4.7 GHz
                                            
                                                                                                                                
                                                Liczba rdzeni:
                                                12 rdzeni
                                            
                                                                                                                                
                                                Odblokowany mnożnik:
                                                Tak
                                            
                                                                                                                                
                                                Typ gniazda:
                                                Socket AM5
                                            
                                                                                                                                
                                                Wynik Benchmark:
                                                52113
                                            
                                                                                Pokaż więcej"
"1746615655-255","https://www.morele.net/kategoria/procesory-45/,,,,,,,,0,,,,/4/","Procesor AMD Ryzen 5 7600, 3.8 GHz, 32 MB, OEM (100-000001015)","844,04 zł","https://images.morele.net/i256/13120350_1_i256.jpg","CECHY PRODUKTU
                                                                                                                                
                                                Częstotliwość taktowania procesora:
                                                3.8 GHz
                                            
                                                                                                                                
                                                Liczba rdzeni:
                                                6 rdzeni
                                            
                                                                                                                                
                                                Odblokowany mnożnik:
                                                Tak
                                            
                                                                                                                                
                                                Typ gniazda:
                                                Socket AM5
                                            
                                                                                                                                
                                                Wynik Benchmark:
                                                27474
                                            
                                                                                Pokaż więcej"
"1746615655-256","https://www.morele.net/kategoria/procesory-45/,,,,,,,,0,,,,/4/","Procesor AMD Ryzen 7 9800X3D, 4.7 GHz, 96 MB, BOX (100-100001084WOF)","2 349 zł","https://images.morele.net/i256/14209713_2_i256.jpg","CECHY PRODUKTU
                                                                                                                                
                                                Częstotliwość taktowania procesora:
                                                4.7 GHz
                                            
                                                                                                                                
                                                Liczba rdzeni:
                                                8 rdzeni
                                            
                                                                                                                                
                                                Odblokowany mnożnik:
                                                Tak
                                            
                                                                                                                                
                                                Typ gniazda:
                                                Socket AM5
                                            
                                                                                                                                
                                                Wynik Benchmark:
                                                40195
                                            
                                                                                Pokaż więcej"
"1746615655-257","https://www.morele.net/kategoria/procesory-45/,,,,,,,,0,,,,/4/","Procesor AMD Ryzen 7 7800X3D, 4.2 GHz, 96 MB, OEM (100-000000910)","1 699 zł","https://images.morele.net/i256/12807924_0_i256.jpg","CECHY PRODUKTU
                                                                                                                                
                                                Częstotliwość taktowania procesora:
                                                4.2 GHz
                                            
                                                                                                                                
                                                Liczba rdzeni:
                                                8 rdzeni
                                            
                                                                                                                                
                                                Odblokowany mnożnik:
                                                Tak
                                            
                                                                                                                                
                                                Typ gniazda:
                                                Socket AM5
                                            
                                                                                                                                
                                                Wynik Benchmark:
                                                34243
                                            
                                                                                Pokaż więcej"
"1746615655-258","https://www.morele.net/kategoria/procesory-45/,,,,,,,,0,,,,/4/","Procesor AMD Ryzen 3 1200 AF, 3.1 GHz, 8 MB, OEM (YD1200BBM4KAF)","299 zł","https://images.morele.net/i256/5942968_3_i256.jpg","CECHY PRODUKTU
                                                                                                                                
                                                Częstotliwość taktowania procesora:
                                                3.1 GHz
                                            
                                                                                                                                
                                                Liczba rdzeni:
                                                4 rdzenie
                                            
                                                                                                                                
                                                Odblokowany mnożnik:
                                                Tak
                                            
                                                                                                                                
                                                Typ gniazda:
                                                Socket AM4
                                            
                                                                                                                                
                                                Wynik Benchmark:
                                                Brak danych
                                            
                                                                                Pokaż więcej"
"1746615666-259","https://www.morele.net/kategoria/procesory-45/,,,,,,,,0,,,,/3/","Procesor Intel Core i5-12500, 3 GHz, 18 MB, BOX (BX8071512500)","819 zł","https://images.morele.net/i256/9643267_1_i256.jpg","CECHY PRODUKTU
                                                                                                                                
                                                Częstotliwość taktowania procesora:
                                                3 GHz
                                            
                                                                                                                                
                                                Liczba rdzeni:
                                                6 rdzeni
                                            
                                                                                                                                
                                                Odblokowany mnożnik:
                                                Nie
                                            
                                                                                                                                
                                                Typ gniazda:
                                                Socket 1700
                                            
                                                                                                                                
                                                Wynik Benchmark:
                                                19985
                                            
                                                                                Pokaż więcej"
"1746615666-260","https://www.morele.net/kategoria/procesory-45/,,,,,,,,0,,,,/3/","Procesor Intel Core i7-13700F, 1.5 GHz, 30 MB, BOX (BX8071513700F)","1 299 zł","https://images.morele.net/i256/12462060_0_i256.jpg","CECHY PRODUKTU
                                                                                                                                
                                                Częstotliwość taktowania procesora:
                                                1.5 GHz
                                            
                                                                                                                                
                                                Liczba rdzeni:
                                                16 rdzeni
                                            
                                                                                                                                
                                                Odblokowany mnożnik:
                                                Nie
                                            
                                                                                                                                
                                                Typ gniazda:
                                                Socket 1700
                                            
                                                                                                                                
                                                Wynik Benchmark:
                                                39541
                                            
                                                                                Pokaż więcej"
"1746615666-261","https://www.morele.net/kategoria/procesory-45/,,,,,,,,0,,,,/3/","Procesor AMD Ryzen 5 7600X, 4.7 GHz, 32 MB, OEM (100-000000593)","819 zł","https://images.morele.net/i256/13115159_0_i256.jpg","CECHY PRODUKTU
                                                                                                                                
                                                Częstotliwość taktowania procesora:
                                                4.7 GHz
                                            
                                                                                                                                
                                                Liczba rdzeni:
                                                6 rdzeni
                                            
                                                                                                                                
                                                Odblokowany mnożnik:
                                                Tak
                                            
                                                                                                                                
                                                Typ gniazda:
                                                Socket AM5
                                            
                                                                                                                                
                                                Wynik Benchmark:
                                                28703
                                            
                                                                                Pokaż więcej"
"1746615666-262","https://www.morele.net/kategoria/procesory-45/,,,,,,,,0,,,,/3/","Procesor AMD Ryzen 9 9900X, 4.4 GHz, 64 MB, BOX (100-100000662WOF)","1 899 zł","https://images.morele.net/i256/13331757_0_i256.jpg","CECHY PRODUKTU
                                                                                                                                
                                                Częstotliwość taktowania procesora:
                                                4.4 GHz
                                            
                                                                                                                                
                                                Liczba rdzeni:
                                                12 rdzeni
                                            
                                                                                                                                
                                                Odblokowany mnożnik:
                                                Tak
                                            
                                                                                                                                
                                                Typ gniazda:
                                                Socket AM5
                                            
                                                                                                                                
                                                Wynik Benchmark:
                                                54860
                                            
                                                                                Pokaż więcej"
"1746615666-263","https://www.morele.net/kategoria/procesory-45/,,,,,,,,0,,,,/3/","Procesor AMD Ryzen 3 4100, 3.8 GHz, 4 MB, BOX (100-100000510BOX)","200,56 zł","https://images.morele.net/i256/10120234_0_i256.jpg","CECHY PRODUKTU
                                                                                                                                
                                                Częstotliwość taktowania procesora:
                                                3.8 GHz
                                            
                                                                                                                                
                                                Liczba rdzeni:
                                                4 rdzenie
                                            
                                                                                                                                
                                                Odblokowany mnożnik:
                                                Nie
                                            
                                                                                                                                
                                                Typ gniazda:
                                                Socket AM4
                                            
                                                                                                                                
                                                Wynik Benchmark:
                                                11097
                                            
                                                                                Pokaż więcej"
"1746615666-264","https://www.morele.net/kategoria/procesory-45/,,,,,,,,0,,,,/3/","Procesor Intel Core i5-14600KF, 3.5 GHz, 24 MB, OEM (CM8071504821014)","862,51 zł","https://images.morele.net/i256/13133235_0_i256.jpg","CECHY PRODUKTU
                                                                                                                                
                                                Częstotliwość taktowania procesora:
                                                3.5 GHz
                                            
                                                                                                                                
                                                Liczba rdzeni:
                                                14 rdzeni
                                            
                                                                                                                                
                                                Odblokowany mnożnik:
                                                Tak
                                            
                                                                                                                                
                                                Typ gniazda:
                                                Socket 1700
                                            
                                                                                                                                
                                                Wynik Benchmark:
                                                38894
                                            
                                                                                Pokaż więcej"
"1746615666-265","https://www.morele.net/kategoria/procesory-45/,,,,,,,,0,,,,/3/","Procesor Intel Core i7-12700, 2.1 GHz, 25 MB, BOX (BX8071512700)","1 180 zł","https://images.morele.net/i256/9643934_3_i256.jpg","CECHY PRODUKTU
                                                                                                                                
                                                Częstotliwość taktowania procesora:
                                                2.1 GHz
                                            
                                                                                                                                
                                                Liczba rdzeni:
                                                12 rdzeni
                                            
                                                                                                                                
                                                Odblokowany mnożnik:
                                                Nie
                                            
                                                                                                                                
                                                Typ gniazda:
                                                Socket 1700
                                            
                                                                                                                                
                                                Wynik Benchmark:
                                                30877
                                            
                                                                                Pokaż więcej"
"1746615666-266","https://www.morele.net/kategoria/procesory-45/,,,,,,,,0,,,,/3/","Procesor Intel Core i7-14700F, 2.1 GHz, 33 MB, BOX (BX8071514700F)","1 357,99 zł","https://images.morele.net/i256/13155884_0_i256.jpg","CECHY PRODUKTU
                                                                                                                                
                                                Częstotliwość taktowania procesora:
                                                2.1 GHz
                                            
                                                                                                                                
                                                Liczba rdzeni:
                                                20 rdzeni
                                            
                                                                                                                                
                                                Odblokowany mnożnik:
                                                Nie
                                            
                                                                                                                                
                                                Typ gniazda:
                                                Socket 1700
                                            
                                                                                                                                
                                                Wynik Benchmark:
                                                47379
                                            
                                                                                Pokaż więcej"
"1746615666-267","https://www.morele.net/kategoria/procesory-45/,,,,,,,,0,,,,/3/","Procesor AMD Ryzen 5 8600G, 4.3 GHz, 16 MB, BOX (100-100001237BOX)","760,03 zł","https://images.morele.net/i256/13170049_0_i256.jpg","CECHY PRODUKTU
                                                                                                                                
                                                Częstotliwość taktowania procesora:
                                                4.3 GHz
                                            
                                                                                                                                
                                                Liczba rdzeni:
                                                6 rdzeni
                                            
                                                                                                                                
                                                Odblokowany mnożnik:
                                                Tak
                                            
                                                                                                                                
                                                Typ gniazda:
                                                Socket AM5
                                            
                                                                                                                                
                                                Wynik Benchmark:
                                                25928
                                            
                                                                                Pokaż więcej"
"1746615666-268","https://www.morele.net/kategoria/procesory-45/,,,,,,,,0,,,,/3/","Procesor AMD Ryzen 5 7500F, 3.7 GHz, 32 MB, MPK (100-100000597MPK)","753,99 zł","https://images.morele.net/i256/13113439_1_i256.jpg","CECHY PRODUKTU
                                                                                                                                
                                                Częstotliwość taktowania procesora:
                                                3.7 GHz
                                            
                                                                                                                                
                                                Liczba rdzeni:
                                                6 rdzeni
                                            
                                                                                                                                
                                                Odblokowany mnożnik:
                                                Tak
                                            
                                                                                                                                
                                                Typ gniazda:
                                                Socket AM5
                                            
                                                                                                                                
                                                Wynik Benchmark:
                                                26993
                                            
                                                                                Pokaż więcej"
"1746615666-269","https://www.morele.net/kategoria/procesory-45/,,,,,,,,0,,,,/3/","Procesor AMD Ryzen 5 5500GT, 3.6 GHz, 16 MB, BOX (100-100001489BOX)","542,32 zł","https://images.morele.net/i256/13170041_0_i256.jpg","CECHY PRODUKTU
                                                                                                                                
                                                Częstotliwość taktowania procesora:
                                                3.6 GHz
                                            
                                                                                                                                
                                                Liczba rdzeni:
                                                6 rdzeni
                                            
                                                                                                                                
                                                Odblokowany mnożnik:
                                                Tak
                                            
                                                                                                                                
                                                Typ gniazda:
                                                Socket AM4
                                            
                                                                                                                                
                                                Wynik Benchmark:
                                                20241
                                            
                                                                                Pokaż więcej"
"1746615666-270","https://www.morele.net/kategoria/procesory-45/,,,,,,,,0,,,,/3/","Procesor Intel Core i7-13700, 1.5 GHz, 30 MB, BOX (BX8071513700)","1 366,79 zł","https://images.morele.net/i256/12462059_0_i256.jpg","CECHY PRODUKTU
                                                                                                                                
                                                Częstotliwość taktowania procesora:
                                                1.5 GHz
                                            
                                                                                                                                
                                                Liczba rdzeni:
                                                16 rdzeni
                                            
                                                                                                                                
                                                Odblokowany mnożnik:
                                                Nie
                                            
                                                                                                                                
                                                Typ gniazda:
                                                Socket 1700
                                            
                                                                                                                                
                                                Wynik Benchmark:
                                                38316
                                            
                                                                                Pokaż więcej"
"1746615666-271","https://www.morele.net/kategoria/procesory-45/,,,,,,,,0,,,,/3/","Procesor Intel Core i7-14700, 2.1 GHz, 33 MB, BOX (BX8071514700)","1 421,95 zł","https://images.morele.net/i256/13155878_0_i256.jpg","CECHY PRODUKTU
                                                                                                                                
                                                Częstotliwość taktowania procesora:
                                                2.1 GHz
                                            
                                                                                                                                
                                                Liczba rdzeni:
                                                20 rdzeni
                                            
                                                                                                                                
                                                Odblokowany mnożnik:
                                                Nie
                                            
                                                                                                                                
                                                Typ gniazda:
                                                Socket 1700
                                            
                                                                                                                                
                                                Wynik Benchmark:
                                                49008
                                            
                                                                                Pokaż więcej"
"1746615666-272","https://www.morele.net/kategoria/procesory-45/,,,,,,,,0,,,,/3/","Procesor Intel Core Ultra 7 265K, 3.3 GHz, 30 MB, BOX (BX80768265K)","1 449,52 zł","https://images.morele.net/i256/14201780_0_i256.jpg","CECHY PRODUKTU
                                                                                                                                
                                                Częstotliwość taktowania procesora:
                                                3.3 GHz
                                            
                                                                                                                                
                                                Liczba rdzeni:
                                                20 rdzeni
                                            
                                                                                                                                
                                                Odblokowany mnożnik:
                                                Tak
                                            
                                                                                                                                
                                                Typ gniazda:
                                                Socket 1851
                                            
                                                                                                                                
                                                Wynik Benchmark:
                                                Brak danych
                                            
                                                                                Pokaż więcej"
"1746615666-273","https://www.morele.net/kategoria/procesory-45/,,,,,,,,0,,,,/3/","Procesor Intel Core i3-13100, 3.4 GHz, 12 MB, BOX (BX8071513100)","529 zł","https://images.morele.net/i256/12462056_1_i256.jpg","CECHY PRODUKTU
                                                                                                                                
                                                Częstotliwość taktowania procesora:
                                                3.4 GHz
                                            
                                                                                                                                
                                                Liczba rdzeni:
                                                4 rdzenie
                                            
                                                                                                                                
                                                Odblokowany mnożnik:
                                                Nie
                                            
                                                                                                                                
                                                Typ gniazda:
                                                Socket 1700
                                            
                                                                                                                                
                                                Wynik Benchmark:
                                                14717
                                            
                                                                                Pokaż więcej"
"1746615666-274","https://www.morele.net/kategoria/procesory-45/,,,,,,,,0,,,,/3/","Procesor Intel Core i5-13400F, 2.5 GHz, 20 MB, OEM (CM8071505093005)","584,73 zł","https://images.morele.net/i256/13112504_0_i256.jpg","CECHY PRODUKTU
                                                                                                                                
                                                Częstotliwość taktowania procesora:
                                                2.5 GHz
                                            
                                                                                                                                
                                                Liczba rdzeni:
                                                10 rdzeni
                                            
                                                                                                                                
                                                Odblokowany mnożnik:
                                                Nie
                                            
                                                                                                                                
                                                Rodzaj:
                                                Procesor
                                            
                                                                                                                                
                                                Typ gniazda:
                                                Socket 1700
                                            
                                                                                                                                
                                                Wynik Benchmark:
                                                2543
                                            
                                                                                Pokaż więcej"
"1746615666-275","https://www.morele.net/kategoria/procesory-45/,,,,,,,,0,,,,/3/","Procesor AMD Ryzen 3 4300G, 3.8 GHz, 4 MB, BOX (100-100000144BOX)","341,80 zł","https://images.morele.net/i256/12002717_1_i256.jpg","CECHY PRODUKTU
                                                                                                                                
                                                Częstotliwość taktowania procesora:
                                                3.8 GHz
                                            
                                                                                                                                
                                                Liczba rdzeni:
                                                4 rdzenie
                                            
                                                                                                                                
                                                Odblokowany mnożnik:
                                                Tak
                                            
                                                                                                                                
                                                Typ gniazda:
                                                Socket AM4
                                            
                                                                                                                                
                                                Wynik Benchmark:
                                                10946
                                            
                                                                                Pokaż więcej"
"1746615666-276","https://www.morele.net/kategoria/procesory-45/,,,,,,,,0,,,,/3/","Procesor Intel Core i9-14900KS, 3.2 GHz, 36 MB, BOX (BX8071514900KS )","2 999 zł","https://images.morele.net/i256/13183308_4_i256.jpg","CECHY PRODUKTU
                                                                                                                                
                                                Częstotliwość taktowania procesora:
                                                3.2 GHz
                                            
                                                                                                                                
                                                Liczba rdzeni:
                                                24 rdzenie
                                            
                                                                                                                                
                                                Odblokowany mnożnik:
                                                Tak
                                            
                                                                                                                                
                                                Typ gniazda:
                                                Socket 1700
                                            
                                                                                                                                
                                                Wynik Benchmark:
                                                62465
                                            
                                                                                Pokaż więcej"
"1746615666-277","https://www.morele.net/kategoria/procesory-45/,,,,,,,,0,,,,/3/","Procesor AMD Ryzen 5 5600GT, 3.6 GHz, 16 MB, BOX (100-100001488BOX)","533,08 zł","https://images.morele.net/i256/13170044_0_i256.jpg","CECHY PRODUKTU
                                                                                                                                
                                                Częstotliwość taktowania procesora:
                                                3.6 GHz
                                            
                                                                                                                                
                                                Liczba rdzeni:
                                                6 rdzeni
                                            
                                                                                                                                
                                                Odblokowany mnożnik:
                                                Tak
                                            
                                                                                                                                
                                                Typ gniazda:
                                                Socket AM4
                                            
                                                                                                                                
                                                Wynik Benchmark:
                                                20717
                                            
                                                                                Pokaż więcej"
"1746615666-278","https://www.morele.net/kategoria/procesory-45/,,,,,,,,0,,,,/3/","Procesor Intel Core i5-14400, 2.5 GHz, 20 MB, BOX (BX8071514400)","719 zł","https://images.morele.net/i256/13155881_0_i256.jpg","CECHY PRODUKTU
                                                                                                                                
                                                Częstotliwość taktowania procesora:
                                                2.5 GHz
                                            
                                                                                                                                
                                                Liczba rdzeni:
                                                10 rdzeni
                                            
                                                                                                                                
                                                Odblokowany mnożnik:
                                                Nie
                                            
                                                                                                                                
                                                Typ gniazda:
                                                Socket 1700
                                            
                                                                                                                                
                                                Wynik Benchmark:
                                                27235
                                            
                                                                                Pokaż więcej"
"1746615666-279","https://www.morele.net/kategoria/procesory-45/,,,,,,,,0,,,,/3/","Procesor AMD Ryzen 7 7700X, 4.5 GHz, 32 MB, OEM (100-000000591)","1 253,99 zł","https://images.morele.net/i256/12984668_0_i256.jpg","CECHY PRODUKTU
                                                                                                                                
                                                Częstotliwość taktowania procesora:
                                                4.5 GHz
                                            
                                                                                                                                
                                                Liczba rdzeni:
                                                8 rdzeni
                                            
                                                                                                                                
                                                Odblokowany mnożnik:
                                                Tak
                                            
                                                                                                                                
                                                Typ gniazda:
                                                Socket AM5
                                            
                                                                                                                                
                                                Wynik Benchmark:
                                                36159
                                            
                                                                                Pokaż więcej"
"1746615666-280","https://www.morele.net/kategoria/procesory-45/,,,,,,,,0,,,,/3/","Procesor AMD Ryzen 5 8400F, 4.2 GHz, 16 MB, BOX (100-100001591BOX)","568,84 zł","https://images.morele.net/i256/13232700_0_i256.jpg","CECHY PRODUKTU
                                                                                                                                
                                                Częstotliwość taktowania procesora:
                                                4.2 GHz
                                            
                                                                                                                                
                                                Liczba rdzeni:
                                                6 rdzeni
                                            
                                                                                                                                
                                                Odblokowany mnożnik:
                                                Tak
                                            
                                                                                                                                
                                                Typ gniazda:
                                                Socket AM5
                                            
                                                                                                                                
                                                Wynik Benchmark:
                                                23635
                                            
                                                                                Pokaż więcej"
"1746615666-281","https://www.morele.net/kategoria/procesory-45/,,,,,,,,0,,,,/3/","Procesor Intel Core i7-12700KF, 3.6 GHz, 25 MB, OEM (CM8071504553829)","995,78 zł","https://images.morele.net/i256/9496681_0_i256.jpg","CECHY PRODUKTU
                                                                                                                                
                                                Częstotliwość taktowania procesora:
                                                3.6 GHz
                                            
                                                                                                                                
                                                Liczba rdzeni:
                                                12 rdzeni
                                            
                                                                                                                                
                                                Odblokowany mnożnik:
                                                Tak
                                            
                                                                                                                                
                                                Typ gniazda:
                                                Socket 1700
                                            
                                                                                                                                
                                                Wynik Benchmark:
                                                34461
                                            
                                                                                Pokaż więcej"
"1746615666-282","https://www.morele.net/kategoria/procesory-45/,,,,,,,,0,,,,/3/","Procesor Intel Celeron G6900, 3.4 GHz, 4 MB, BOX (BX80715G6900)","352,90 zł","https://images.morele.net/i256/9643519_0_i256.jpg","CECHY PRODUKTU
                                                                                                                                
                                                Częstotliwość taktowania procesora:
                                                3.4 GHz
                                            
                                                                                                                                
                                                Liczba rdzeni:
                                                2 rdzenie
                                            
                                                                                                                                
                                                Odblokowany mnożnik:
                                                Nie
                                            
                                                                                                                                
                                                Typ gniazda:
                                                Socket 1700
                                            
                                                                                                                                
                                                Wynik Benchmark:
                                                4578
                                            
                                                                                Pokaż więcej"
"1746615666-283","https://www.morele.net/kategoria/procesory-45/,,,,,,,,0,,,,/3/","Procesor Intel Core Ultra 7 265K, 3.3 GHz, 30 MB, OEM (AT8076806412)","1 354,99 zł","https://images.morele.net/i256/14201773_0_i256.jpg","CECHY PRODUKTU
                                                                                                                                
                                                Częstotliwość taktowania procesora:
                                                3.3 GHz
                                            
                                                                                                                                
                                                Liczba rdzeni:
                                                20 rdzeni
                                            
                                                                                                                                
                                                Odblokowany mnożnik:
                                                Tak
                                            
                                                                                                                                
                                                Typ gniazda:
                                                Socket 1851
                                            
                                                                                                                                
                                                Wynik Benchmark:
                                                Brak danych
                                            
                                                                                Pokaż więcej"
"1746615666-284","https://www.morele.net/kategoria/procesory-45/,,,,,,,,0,,,,/3/","Procesor AMD Ryzen 7 5700G, 3.8 GHz, 16 MB, OEM (100-000000263)","613,31 zł","https://images.morele.net/i256/8536078_2_i256.jpg","CECHY PRODUKTU
                                                                                                                                
                                                Częstotliwość taktowania procesora:
                                                3.8 GHz
                                            
                                                                                                                                
                                                Liczba rdzeni:
                                                8 rdzeni
                                            
                                                                                                                                
                                                Odblokowany mnożnik:
                                                Tak
                                            
                                                                                                                                
                                                Typ gniazda:
                                                Socket AM4
                                            
                                                                                                                                
                                                Wynik Benchmark:
                                                24654
                                            
                                                                                Pokaż więcej"
"1746615666-285","https://www.morele.net/kategoria/procesory-45/,,,,,,,,0,,,,/3/","Procesor AMD Ryzen 9 7900, 3.7 GHz, 64 MB, OEM (100-000000590)","2 382,17 zł","https://images.morele.net/i256/13113444_1_i256.jpg","CECHY PRODUKTU
                                                                                                                                
                                                Częstotliwość taktowania procesora:
                                                3.7 GHz
                                            
                                                                                                                                
                                                Liczba rdzeni:
                                                12 rdzeni
                                            
                                                                                                                                
                                                Odblokowany mnożnik:
                                                Tak
                                            
                                                                                                                                
                                                Typ gniazda:
                                                Socket AM5
                                            
                                                                                                                                
                                                Wynik Benchmark:
                                                49043
                                            
                                                                                Pokaż więcej"
"1746615666-286","https://www.morele.net/kategoria/procesory-45/,,,,,,,,0,,,,/3/","Procesor Intel Core i9-14900K, 3.2 GHz, 36 MB, OEM (CM8071505094017)","2 083,28 zł","https://images.morele.net/i256/13133238_1_i256.jpg","CECHY PRODUKTU
                                                                                                                                
                                                Częstotliwość taktowania procesora:
                                                3.2 GHz
                                            
                                                                                                                                
                                                Liczba rdzeni:
                                                24 rdzenie
                                            
                                                                                                                                
                                                Odblokowany mnożnik:
                                                Tak
                                            
                                                                                                                                
                                                Typ gniazda:
                                                Socket 1700
                                            
                                                                                                                                
                                                Wynik Benchmark:
                                                61357
                                            
                                                                                Pokaż więcej"
"1746615666-287","https://www.morele.net/kategoria/procesory-45/,,,,,,,,0,,,,/3/","Procesor Intel Core i3-14100F, 3.5 GHz, 12 MB, OEM (CM8071505092207)","383,94 zł","https://images.morele.net/i256/13172902_0_i256.jpg","CECHY PRODUKTU
                                                                                                                                
                                                Częstotliwość taktowania procesora:
                                                3.5 GHz
                                            
                                                                                                                                
                                                Liczba rdzeni:
                                                4 rdzenie
                                            
                                                                                                                                
                                                Odblokowany mnożnik:
                                                Nie
                                            
                                                                                                                                
                                                Typ gniazda:
                                                Socket 1700
                                            
                                                                                                                                
                                                Wynik Benchmark:
                                                15052
                                            
                                                                                Pokaż więcej"
"1746615666-288","https://www.morele.net/kategoria/procesory-45/,,,,,,,,0,,,,/3/","Procesor Intel Core i5-13400F, 2.5 GHz, 20 MB, BOX + Endorfy Fera 5 ARGB","738 zł","https://images.morele.net/i256/9831228_0_i256.jpg","CECHY PRODUKTU
                                                                                                                                
                                                Częstotliwość taktowania procesora:
                                                2.5 GHz
                                            
                                                                                                                                
                                                Liczba rdzeni:
                                                10 rdzeni
                                            
                                                                                                                                
                                                Odblokowany mnożnik:
                                                Nie
                                            
                                                                                                                                
                                                Typ gniazda:
                                                Socket 1700
                                            
                                                                                                                                
                                                Wynik Benchmark:
                                                2543
                                            
                                                                                Pokaż więcej"
"1746615675-289","https://www.morele.net/kategoria/procesory-45/,,,,,,,,0,,,,/2/","Procesor Intel Core i5-13500, 2.5 GHz, 24 MB, BOX (BX8071513500)","1 079 zł","https://images.morele.net/i256/12462058_0_i256.jpg","CECHY PRODUKTU
                                                                                                                                
                                                Częstotliwość taktowania procesora:
                                                2.5 GHz
                                            
                                                                                                                                
                                                Liczba rdzeni:
                                                14 rdzeni
                                            
                                                                                                                                
                                                Odblokowany mnożnik:
                                                Nie
                                            
                                                                                                                                
                                                Typ gniazda:
                                                Socket 1700
                                            
                                                                                                                                
                                                Wynik Benchmark:
                                                32318
                                            
                                                                                Pokaż więcej"
"1746615675-290","https://www.morele.net/kategoria/procesory-45/,,,,,,,,0,,,,/2/","Procesor Intel Core i7-12700KF, 3.6 GHz, 25 MB, BOX (BX8071512700KF)","1 046,67 zł","https://images.morele.net/i256/5949744_0_i256.jpg","CECHY PRODUKTU
                                                                                                                                
                                                Częstotliwość taktowania procesora:
                                                3.6 GHz
                                            
                                                                                                                                
                                                Liczba rdzeni:
                                                12 rdzeni
                                            
                                                                                                                                
                                                Odblokowany mnożnik:
                                                Tak
                                            
                                                                                                                                
                                                Typ gniazda:
                                                Socket 1700
                                            
                                                                                                                                
                                                Wynik Benchmark:
                                                34461
                                            
                                                                                Pokaż więcej"
"1746615675-291","https://www.morele.net/kategoria/procesory-45/,,,,,,,,0,,,,/2/","Procesor Intel Core i7-12700K, 3.6 GHz, 25 MB, BOX (BX8071512700K)","1 161,46 zł","https://images.morele.net/i256/5949747_0_i256.jpg","CECHY PRODUKTU
                                                                                                                                
                                                Częstotliwość taktowania procesora:
                                                3.6 GHz
                                            
                                                                                                                                
                                                Liczba rdzeni:
                                                12 rdzeni
                                            
                                                                                                                                
                                                Odblokowany mnożnik:
                                                Tak
                                            
                                                                                                                                
                                                Typ gniazda:
                                                Socket 1700
                                            
                                                                                                                                
                                                Wynik Benchmark:
                                                34713
                                            
                                                                                Pokaż więcej"
"1746615675-292","https://www.morele.net/kategoria/procesory-45/,,,,,,,,0,,,,/2/","Procesor Intel Core i5-11400, 2.6 GHz, 12 MB, BOX (BX8070811400)","863,77 zł","https://images.morele.net/i256/7732026_0_i256.jpg","CECHY PRODUKTU
                                                                                                                                
                                                Częstotliwość taktowania procesora:
                                                2.6 GHz
                                            
                                                                                                                                
                                                Liczba rdzeni:
                                                6 rdzeni
                                            
                                                                                                                                
                                                Odblokowany mnożnik:
                                                Nie
                                            
                                                                                                                                
                                                Typ gniazda:
                                                Socket 1200 (Rocket Lake)
                                            
                                                                                                                                
                                                Wynik Benchmark:
                                                17103
                                            
                                                                                Pokaż więcej"
"1746615675-293","https://www.morele.net/kategoria/procesory-45/,,,,,,,,0,,,,/2/","Procesor Intel Core i3-10105F, 3.7 GHz, 6 MB, BOX (BX8070110105F)","317,83 zł","https://images.morele.net/i256/7732036_3_i256.jpg","CECHY PRODUKTU
                                                                                                                                
                                                Częstotliwość taktowania procesora:
                                                3.7 GHz
                                            
                                                                                                                                
                                                Liczba rdzeni:
                                                4 rdzenie
                                            
                                                                                                                                
                                                Odblokowany mnożnik:
                                                Nie
                                            
                                                                                                                                
                                                Typ gniazda:
                                                Socket 1200
                                            
                                                                                                                                
                                                Wynik Benchmark:
                                                9008
                                            
                                                                                Pokaż więcej"
"1746615675-294","https://www.morele.net/kategoria/procesory-45/,,,,,,,,0,,,,/2/","Procesor AMD Ryzen 7 7700X, 4.5 GHz, 32 MB, BOX (100-100000591WOF)","1 234,64 zł","https://images.morele.net/i256/11788490_4_i256.jpg","CECHY PRODUKTU
                                                                                                                                
                                                Częstotliwość taktowania procesora:
                                                4.5 GHz
                                            
                                                                                                                                
                                                Liczba rdzeni:
                                                8 rdzeni
                                            
                                                                                                                                
                                                Odblokowany mnożnik:
                                                Tak
                                            
                                                                                                                                
                                                Typ gniazda:
                                                Socket AM5
                                            
                                                                                                                                
                                                Wynik Benchmark:
                                                36159
                                            
                                                                                Pokaż więcej"
"1746615675-295","https://www.morele.net/kategoria/procesory-45/,,,,,,,,0,,,,/2/","Procesor Intel Core i3-10100, 3.6 GHz, 6 MB, BOX (BX8070110100)","423,78 zł","https://images.morele.net/i256/6731011_1_i256.jpg","CECHY PRODUKTU
                                                                                                                                
                                                Częstotliwość taktowania procesora:
                                                3.6 GHz
                                            
                                                                                                                                
                                                Liczba rdzeni:
                                                4 rdzenie
                                            
                                                                                                                                
                                                Odblokowany mnożnik:
                                                Nie
                                            
                                                                                                                                
                                                Typ gniazda:
                                                Socket 1200
                                            
                                                                                                                                
                                                Wynik Benchmark:
                                                8689
                                            
                                                                                Pokaż więcej"
"1746615675-296","https://www.morele.net/kategoria/procesory-45/,,,,,,,,0,,,,/2/","Procesor Intel Core i7-14700KF, 3.4 GHz, 33 MB, BOX (BX8071514700KF)","1 399 zł","https://images.morele.net/i256/13123070_0_i256.jpg","CECHY PRODUKTU
                                                                                                                                
                                                Częstotliwość taktowania procesora:
                                                3.4 GHz
                                            
                                                                                                                                
                                                Liczba rdzeni:
                                                20 rdzeni
                                            
                                                                                                                                
                                                Odblokowany mnożnik:
                                                Tak
                                            
                                                                                                                                
                                                Typ gniazda:
                                                Socket 1700
                                            
                                                                                                                                
                                                Wynik Benchmark:
                                                53464
                                            
                                                                                Pokaż więcej"
"1746615675-297","https://www.morele.net/kategoria/procesory-45/,,,,,,,,0,,,,/2/","Procesor AMD Ryzen 5 5600X, 3.7 GHz, 32 MB, OEM (100-000000065)","439 zł","https://images.morele.net/i256/7267027_0_i256.jpg","CECHY PRODUKTU
                                                                                                                                
                                                Częstotliwość taktowania procesora:
                                                3.7 GHz
                                            
                                                                                                                                
                                                Liczba rdzeni:
                                                6 rdzeni
                                            
                                                                                                                                
                                                Odblokowany mnożnik:
                                                Tak
                                            
                                                                                                                                
                                                Typ gniazda:
                                                Socket AM4
                                            
                                                                                                                                
                                                Wynik Benchmark:
                                                21926
                                            
                                                                                Pokaż więcej"
"1746615675-298","https://www.morele.net/kategoria/procesory-45/,,,,,,,,0,,,,/2/","Procesor AMD Ryzen 5 4500, 3.6 GHz, 8 MB, BOX (100-100000644BOX)","249 zł","https://images.morele.net/i256/10120237_0_i256.jpg","CECHY PRODUKTU
                                                                                                                                
                                                Częstotliwość taktowania procesora:
                                                3.6 GHz
                                            
                                                                                                                                
                                                Liczba rdzeni:
                                                6 rdzeni
                                            
                                                                                                                                
                                                Odblokowany mnożnik:
                                                Nie
                                            
                                                                                                                                
                                                Typ gniazda:
                                                Socket AM4
                                            
                                                                                                                                
                                                Wynik Benchmark:
                                                16183
                                            
                                                                                Pokaż więcej"
"1746615675-299","https://www.morele.net/kategoria/procesory-45/,,,,,,,,0,,,,/2/","Procesor AMD Ryzen 9 7950X3D, 4.2 GHz, 128 MB, BOX (100-100000908WOF)","3 974,99 zł","https://images.morele.net/i256/12668823_0_i256.jpg","CECHY PRODUKTU
                                                                                                                                
                                                Częstotliwość taktowania procesora:
                                                4.2 GHz
                                            
                                                                                                                                
                                                Liczba rdzeni:
                                                16 rdzeni
                                            
                                                                                                                                
                                                Odblokowany mnożnik:
                                                Tak
                                            
                                                                                                                                
                                                Typ gniazda:
                                                Socket AM5
                                            
                                                                                                                                
                                                Wynik Benchmark:
                                                62567
                                            
                                                                                Pokaż więcej"
"1746615675-300","https://www.morele.net/kategoria/procesory-45/,,,,,,,,0,,,,/2/","Procesor AMD Ryzen 7 5700X, 3.4 GHz, 32 MB, OEM (100-000000926)","518,79 zł","https://images.morele.net/i256/10120246_0_i256.jpg","CECHY PRODUKTU
                                                                                                                                
                                                Częstotliwość taktowania procesora:
                                                3.4 GHz
                                            
                                                                                                                                
                                                Liczba rdzeni:
                                                8 rdzeni
                                            
                                                                                                                                
                                                Odblokowany mnożnik:
                                                Tak
                                            
                                                                                                                                
                                                Typ gniazda:
                                                Socket AM4
                                            
                                                                                                                                
                                                Wynik Benchmark:
                                                26749
                                            
                                                                                Pokaż więcej"
"1746615675-301","https://www.morele.net/kategoria/procesory-45/,,,,,,,,0,,,,/2/","Procesor Intel Core i9-12900K, 3.2 GHz, 30 MB, BOX (BX8071512900K)","1 787,55 zł","https://images.morele.net/i256/5949745_0_i256.jpg","CECHY PRODUKTU
                                                                                                                                
                                                Częstotliwość taktowania procesora:
                                                3.2 GHz
                                            
                                                                                                                                
                                                Liczba rdzeni:
                                                16 rdzeni
                                            
                                                                                                                                
                                                Odblokowany mnożnik:
                                                Tak
                                            
                                                                                                                                
                                                Typ gniazda:
                                                Socket 1700
                                            
                                                                                                                                
                                                Wynik Benchmark:
                                                41403
                                            
                                                                                Pokaż więcej"
"1746615675-302","https://www.morele.net/kategoria/procesory-45/,,,,,,,,0,,,,/2/","Procesor Intel Core i5-12400, 2.5 GHz, 18 MB, BOX (BX8071512400)","599,99 zł","https://images.morele.net/i256/9643269_1_i256.jpg","CECHY PRODUKTU
                                                                                                                                
                                                Częstotliwość taktowania procesora:
                                                2.5 GHz
                                            
                                                                                                                                
                                                Liczba rdzeni:
                                                6 rdzeni
                                            
                                                                                                                                
                                                Odblokowany mnożnik:
                                                Nie
                                            
                                                                                                                                
                                                Rodzaj:
                                                Pozostałe
                                            
                                                                                                                                
                                                Typ gniazda:
                                                Socket 1700
                                            
                                                                                                                                
                                                Wynik Benchmark:
                                                19456
                                            
                                                                                Pokaż więcej"
"1746615675-303","https://www.morele.net/kategoria/procesory-45/,,,,,,,,0,,,,/2/","Procesor Intel Core i5-12400F, 2.5 GHz, 18 MB, OEM (CM8071504650609)","448,83 zł","https://images.morele.net/i256/9914280_0_i256.jpg","CECHY PRODUKTU
                                                                                                                                
                                                Częstotliwość taktowania procesora:
                                                2.5 GHz
                                            
                                                                                                                                
                                                Liczba rdzeni:
                                                6 rdzeni
                                            
                                                                                                                                
                                                Odblokowany mnożnik:
                                                Nie
                                            
                                                                                                                                
                                                Typ gniazda:
                                                Socket 1700
                                            
                                                                                                                                
                                                Wynik Benchmark:
                                                19588
                                            
                                                                                Pokaż więcej"
"1746615675-304","https://www.morele.net/kategoria/procesory-45/,,,,,,,,0,,,,/2/","Procesor Intel Core i5-14400F, 2.5 GHz, 20 MB, BOX (BX8071514400F)","569 zł","https://images.morele.net/i256/13155885_0_i256.jpg","CECHY PRODUKTU
                                                                                                                                
                                                Częstotliwość taktowania procesora:
                                                2.5 GHz
                                            
                                                                                                                                
                                                Liczba rdzeni:
                                                10 rdzeni
                                            
                                                                                                                                
                                                Odblokowany mnożnik:
                                                Nie
                                            
                                                                                                                                
                                                Typ gniazda:
                                                Socket 1700
                                            
                                                                                                                                
                                                Wynik Benchmark:
                                                25548
                                            
                                                                                Pokaż więcej"
"1746615675-305","https://www.morele.net/kategoria/procesory-45/,,,,,,,,0,,,,/2/","Procesor AMD Ryzen 7 5700X3D, 3 GHz, 96 MB, BOX (100-100001503WOF)","1 049 zł","https://images.morele.net/i256/13170053_0_i256.jpg","CECHY PRODUKTU
                                                                                                                                
                                                Częstotliwość taktowania procesora:
                                                3 GHz
                                            
                                                                                                                                
                                                Liczba rdzeni:
                                                8 rdzeni
                                            
                                                                                                                                
                                                Odblokowany mnożnik:
                                                Tak
                                            
                                                                                                                                
                                                Typ gniazda:
                                                Socket AM4
                                            
                                                                                                                                
                                                Wynik Benchmark:
                                                26526
                                            
                                                                                Pokaż więcej"
"1746615675-306","https://www.morele.net/kategoria/procesory-45/,,,,,,,,0,,,,/2/","Procesor AMD Ryzen 5 3600, 3.6 GHz, 32 MB, BOX (100-100000031SBX)","269 zł","https://images.morele.net/i256/13261587_1_i256.jpg","CECHY PRODUKTU
                                                                                                                                
                                                Częstotliwość taktowania procesora:
                                                3.6 GHz
                                            
                                                                                                                                
                                                Liczba rdzeni:
                                                6 rdzeni
                                            
                                                                                                                                
                                                Odblokowany mnożnik:
                                                Tak
                                            
                                                                                                                                
                                                Typ gniazda:
                                                Socket AM4
                                            
                                                                                                                                
                                                Wynik Benchmark:
                                                17779
                                            
                                                                                Pokaż więcej"
"1746615675-307","https://www.morele.net/kategoria/procesory-45/,,,,,,,,0,,,,/2/","Procesor AMD Ryzen 5 8400F, 4.2 GHz, 16 MB, OEM (100-000001591)","438,78 zł","https://images.morele.net/i256/13467338_0_i256.jpg","CECHY PRODUKTU
                                                                                                                                
                                                Częstotliwość taktowania procesora:
                                                4.2 GHz
                                            
                                                                                                                                
                                                Liczba rdzeni:
                                                6 rdzeni
                                            
                                                                                                                                
                                                Odblokowany mnożnik:
                                                Tak
                                            
                                                                                                                                
                                                Typ gniazda:
                                                Socket AM5
                                            
                                                                                                                                
                                                Wynik Benchmark:
                                                24375
                                            
                                                                                Pokaż więcej"
"1746615675-308","https://www.morele.net/kategoria/procesory-45/,,,,,,,,0,,,,/2/","Procesor Intel Core i9-13900KF, 3 GHz, 36 MB, BOX (BX8071513900KF)","2 411,94 zł","https://images.morele.net/i256/11789723_0_i256.jpg","CECHY PRODUKTU
                                                                                                                                
                                                Częstotliwość taktowania procesora:
                                                3 GHz
                                            
                                                                                                                                
                                                Liczba rdzeni:
                                                24 rdzenie
                                            
                                                                                                                                
                                                Odblokowany mnożnik:
                                                Tak
                                            
                                                                                                                                
                                                Typ gniazda:
                                                Socket 1700
                                            
                                                                                                                                
                                                Wynik Benchmark:
                                                58829
                                            
                                                                                Pokaż więcej"
"1746615675-309","https://www.morele.net/kategoria/procesory-45/,,,,,,,,0,,,,/2/","Procesor Intel Core i3-12100, 3.3 GHz, 12 MB, BOX (BX8071512100)","469 zł","https://images.morele.net/i256/9643521_0_i256.jpg","CECHY PRODUKTU
                                                                                                                                
                                                Częstotliwość taktowania procesora:
                                                3.3 GHz
                                            
                                                                                                                                
                                                Liczba rdzeni:
                                                4 rdzenie
                                            
                                                                                                                                
                                                Odblokowany mnożnik:
                                                Nie
                                            
                                                                                                                                
                                                Rodzaj:
                                                Procesor
                                            
                                                                                                                                
                                                Typ gniazda:
                                                Socket 1700
                                            
                                                                                                                                
                                                Wynik Benchmark:
                                                13497
                                            
                                                                                Pokaż więcej"
"1746615675-310","https://www.morele.net/kategoria/procesory-45/,,,,,,,,0,,,,/2/","Procesor Intel Core i9-14900KF, 3.2 GHz, 36 MB, BOX (BX8071514900KF)","1 828,44 zł","https://images.morele.net/i256/13123068_0_i256.jpg","CECHY PRODUKTU
                                                                                                                                
                                                Częstotliwość taktowania procesora:
                                                3.2 GHz
                                            
                                                                                                                                
                                                Liczba rdzeni:
                                                24 rdzenie
                                            
                                                                                                                                
                                                Odblokowany mnożnik:
                                                Tak
                                            
                                                                                                                                
                                                Typ gniazda:
                                                Socket 1700
                                            
                                                                                                                                
                                                Wynik Benchmark:
                                                61093
                                            
                                                                                Pokaż więcej"
"1746615675-311","https://www.morele.net/kategoria/procesory-45/,,,,,,,,0,,,,/2/","Procesor Intel Core i5-14600K, 3.5 GHz, 24 MB, BOX (BX8071514600K)","949 zł","https://images.morele.net/i256/13123071_0_i256.jpg","CECHY PRODUKTU
                                                                                                                                
                                                Częstotliwość taktowania procesora:
                                                3.5 GHz
                                            
                                                                                                                                
                                                Liczba rdzeni:
                                                14 rdzeni
                                            
                                                                                                                                
                                                Odblokowany mnożnik:
                                                Tak
                                            
                                                                                                                                
                                                Typ gniazda:
                                                Socket 1700
                                            
                                                                                                                                
                                                Wynik Benchmark:
                                                39732
                                            
                                                                                Pokaż więcej"
"1746615675-312","https://www.morele.net/kategoria/procesory-45/,,,,,,,,0,,,,/2/","Procesor Intel Core i3-10105, 3.7 GHz, 6 MB, BOX (BX8070110105)","411,71 zł","https://images.morele.net/i256/7732035_3_i256.jpg","CECHY PRODUKTU
                                                                                                                                
                                                Częstotliwość taktowania procesora:
                                                3.7 GHz
                                            
                                                                                                                                
                                                Liczba rdzeni:
                                                4 rdzenie
                                            
                                                                                                                                
                                                Odblokowany mnożnik:
                                                Nie
                                            
                                                                                                                                
                                                Typ gniazda:
                                                Socket 1200
                                            
                                                                                                                                
                                                Wynik Benchmark:
                                                8647
                                            
                                                                                Pokaż więcej"
"1746615675-313","https://www.morele.net/kategoria/procesory-45/,,,,,,,,0,,,,/2/","Procesor Intel Core i3-13100F, 3.4 GHz, 12 MB, BOX (BX8071513100F)","339 zł","https://images.morele.net/i256/12462057_1_i256.jpg","CECHY PRODUKTU
                                                                                                                                
                                                Częstotliwość taktowania procesora:
                                                3.4 GHz
                                            
                                                                                                                                
                                                Liczba rdzeni:
                                                4 rdzenie
                                            
                                                                                                                                
                                                Odblokowany mnożnik:
                                                Nie
                                            
                                                                                                                                
                                                Typ gniazda:
                                                Socket 1700
                                            
                                                                                                                                
                                                Wynik Benchmark:
                                                14643
                                            
                                                                                Pokaż więcej"
"1746615675-314","https://www.morele.net/kategoria/procesory-45/,,,,,,,,0,,,,/2/","Procesor Intel Core i5-12400, 2.5 GHz, 18 MB, OEM (CM8071504650608)","574,84 zł","https://images.morele.net/i256/9893331_0_i256.jpg","CECHY PRODUKTU
                                                                                                                                
                                                Częstotliwość taktowania procesora:
                                                2.5 GHz
                                            
                                                                                                                                
                                                Liczba rdzeni:
                                                6 rdzeni
                                            
                                                                                                                                
                                                Odblokowany mnożnik:
                                                Nie
                                            
                                                                                                                                
                                                Typ gniazda:
                                                Socket 1700
                                            
                                                                                                                                
                                                Wynik Benchmark:
                                                19456
                                            
                                                                                Pokaż więcej"
"1746615675-315","https://www.morele.net/kategoria/procesory-45/,,,,,,,,0,,,,/2/","Procesor Intel Core i9-12900KF, 3.2 GHz, 30 MB, BOX (BX8071512900KF)","1 340,75 zł","https://images.morele.net/i256/9502211_1_i256.jpg","CECHY PRODUKTU
                                                                                                                                
                                                Częstotliwość taktowania procesora:
                                                3.2 GHz
                                            
                                                                                                                                
                                                Liczba rdzeni:
                                                16 rdzeni
                                            
                                                                                                                                
                                                Odblokowany mnożnik:
                                                Tak
                                            
                                                                                                                                
                                                Typ gniazda:
                                                Socket 1700
                                            
                                                                                                                                
                                                Wynik Benchmark:
                                                41245
                                            
                                                                                Pokaż więcej"
"1746615675-316","https://www.morele.net/kategoria/procesory-45/,,,,,,,,0,,,,/2/","Procesor AMD Ryzen 5 9600X, 3.9 GHz, 32 MB, BOX (100-100001405WOF)","940,89 zł","https://images.morele.net/i256/13331760_0_i256.jpg","CECHY PRODUKTU
                                                                                                                                
                                                Częstotliwość taktowania procesora:
                                                3.9 GHz
                                            
                                                                                                                                
                                                Liczba rdzeni:
                                                6 rdzeni
                                            
                                                                                                                                
                                                Odblokowany mnożnik:
                                                Tak
                                            
                                                                                                                                
                                                Typ gniazda:
                                                Socket AM5
                                            
                                                                                                                                
                                                Wynik Benchmark:
                                                30089
                                            
                                                                                Pokaż więcej"
"1746615675-317","https://www.morele.net/kategoria/procesory-45/,,,,,,,,0,,,,/2/","Procesor AMD Ryzen 5 8500G, 3.5 GHz, 16 MB, BOX (100-100000931BOX)","629 zł","https://images.morele.net/i256/13170046_0_i256.jpg","CECHY PRODUKTU
                                                                                                                                
                                                Częstotliwość taktowania procesora:
                                                3.5 GHz
                                            
                                                                                                                                
                                                Liczba rdzeni:
                                                6 rdzeni
                                            
                                                                                                                                
                                                Odblokowany mnożnik:
                                                Tak
                                            
                                                                                                                                
                                                Typ gniazda:
                                                Socket AM5
                                            
                                                                                                                                
                                                Wynik Benchmark:
                                                21807
                                            
                                                                                Pokaż więcej"
"1746615675-318","https://www.morele.net/kategoria/procesory-45/,,,,,,,,0,,,,/2/","Procesor Intel Celeron G5905, 3.5 GHz, 4 MB, BOX (BX80701G5905 99A6MR)","238,87 zł","https://images.morele.net/i256/7070053_0_i256.jpg","CECHY PRODUKTU
                                                                                                                                
                                                Częstotliwość taktowania procesora:
                                                3.5 GHz
                                            
                                                                                                                                
                                                Liczba rdzeni:
                                                2 rdzenie
                                            
                                                                                                                                
                                                Odblokowany mnożnik:
                                                Nie
                                            
                                                                                                                                
                                                Typ gniazda:
                                                Socket 1200
                                            
                                                                                                                                
                                                Wynik Benchmark:
                                                2809
                                            
                                                                                Pokaż więcej"
"1746615684-319","https://www.morele.net/kategoria/procesory-45/","Procesor Intel Core i5-12400F, 2.5 GHz, 18 MB, BOX (BX8071512400F)","469 zł","https://images.morele.net/i256/9643517_4_i256.jpg","CECHY PRODUKTU
                                                                                                                                
                                                Częstotliwość taktowania procesora:
                                                2.5 GHz
                                            
                                                                                                                                
                                                Liczba rdzeni:
                                                6 rdzeni
                                            
                                                                                                                                
                                                Odblokowany mnożnik:
                                                Nie
                                            
                                                                                                                                
                                                Typ gniazda:
                                                Socket 1700
                                            
                                                                                                                                
                                                Wynik Benchmark:
                                                19588
                                            
                                                                                Pokaż więcej"
"1746615684-320","https://www.morele.net/kategoria/procesory-45/","Procesor Intel Core i7-14700K, 3.4 GHz, 33 MB, BOX (BX8071514700K)","1 499 zł","https://images.morele.net/i256/13123069_0_i256.jpg","CECHY PRODUKTU
                                                                                                                                
                                                Częstotliwość taktowania procesora:
                                                3.4 GHz
                                            
                                                                                                                                
                                                Liczba rdzeni:
                                                20 rdzeni
                                            
                                                                                                                                
                                                Odblokowany mnożnik:
                                                Tak
                                            
                                                                                                                                
                                                Typ gniazda:
                                                Socket 1700
                                            
                                                                                                                                
                                                Wynik Benchmark:
                                                53237
                                            
                                                                                Pokaż więcej"
"1746615684-321","https://www.morele.net/kategoria/procesory-45/","Procesor Intel Core i9-14900K, 3.2 GHz, 36 MB, BOX (BX8071514900K)","2 081,81 zł","https://images.morele.net/i256/13123067_0_i256.jpg","CECHY PRODUKTU
                                                                                                                                
                                                Częstotliwość taktowania procesora:
                                                3.2 GHz
                                            
                                                                                                                                
                                                Liczba rdzeni:
                                                24 rdzenie
                                            
                                                                                                                                
                                                Odblokowany mnożnik:
                                                Tak
                                            
                                                                                                                                
                                                Typ gniazda:
                                                Socket 1700
                                            
                                                                                                                                
                                                Wynik Benchmark:
                                                61357
                                            
                                                                                Pokaż więcej"
"1746615684-322","https://www.morele.net/kategoria/procesory-45/","Procesor Intel Core i5-13600K, 3.5 GHz, 24 MB, BOX (BX8071513600K)","1 332,35 zł","https://images.morele.net/i256/11789603_0_i256.jpg","CECHY PRODUKTU
                                                                                                                                
                                                Częstotliwość taktowania procesora:
                                                3.5 GHz
                                            
                                                                                                                                
                                                Liczba rdzeni:
                                                14 rdzeni
                                            
                                                                                                                                
                                                Odblokowany mnożnik:
                                                Tak
                                            
                                                                                                                                
                                                Typ gniazda:
                                                Socket 1700
                                            
                                                                                                                                
                                                Wynik Benchmark:
                                                38278
                                            
                                                                                Pokaż więcej"
"1746615684-323","https://www.morele.net/kategoria/procesory-45/","Procesor AMD Ryzen 5 5600, 3.5 GHz, 32 MB, BOX (100-100000927BOX)","436,89 zł","https://images.morele.net/i256/10120243_0_i256.jpg","CECHY PRODUKTU
                                                                                                                                
                                                Częstotliwość taktowania procesora:
                                                3.5 GHz
                                            
                                                                                                                                
                                                Liczba rdzeni:
                                                6 rdzeni
                                            
                                                                                                                                
                                                Odblokowany mnożnik:
                                                Tak
                                            
                                                                                                                                
                                                Typ gniazda:
                                                Socket AM4
                                            
                                                                                                                                
                                                Wynik Benchmark:
                                                21596
                                            
                                                                                Pokaż więcej"
"1746615684-324","https://www.morele.net/kategoria/procesory-45/","Procesor Intel Core i9-13900K, 3 GHz, 36 MB, BOX (BX8071513900K)","3 080,22 zł","https://images.morele.net/i256/11789699_0_i256.jpg","CECHY PRODUKTU
                                                                                                                                
                                                Częstotliwość taktowania procesora:
                                                3 GHz
                                            
                                                                                                                                
                                                Liczba rdzeni:
                                                24 rdzenie
                                            
                                                                                                                                
                                                Odblokowany mnożnik:
                                                Tak
                                            
                                                                                                                                
                                                Typ gniazda:
                                                Socket 1700
                                            
                                                                                                                                
                                                Wynik Benchmark:
                                                5953
                                            
                                                                                Pokaż więcej"
"1746615684-325","https://www.morele.net/kategoria/procesory-45/","Procesor AMD Ryzen 5 5600G, 3.9 GHz, 16 MB, BOX (100-100000252BOX)","611,01 zł","https://images.morele.net/i256/8536079_0_i256.jpg","CECHY PRODUKTU
                                                                                                                                
                                                Częstotliwość taktowania procesora:
                                                3.9 GHz
                                            
                                                                                                                                
                                                Liczba rdzeni:
                                                6 rdzeni
                                            
                                                                                                                                
                                                Odblokowany mnożnik:
                                                Tak
                                            
                                                                                                                                
                                                Typ gniazda:
                                                Socket AM4
                                            
                                                                                                                                
                                                Wynik Benchmark:
                                                19903
                                            
                                                                                Pokaż więcej"
"1746615684-326","https://www.morele.net/kategoria/procesory-45/","Procesor Intel Core Ultra 5 245KF, 3.6 GHz, 24 MB, BOX (BX80768245KF)","1 299,99 zł","https://images.morele.net/i256/14201770_3_i256.jpg","CECHY PRODUKTU
                                                                                                                                
                                                Częstotliwość taktowania procesora:
                                                3.6 GHz
                                            
                                                                                                                                
                                                Liczba rdzeni:
                                                14 rdzeni
                                            
                                                                                                                                
                                                Odblokowany mnożnik:
                                                Tak
                                            
                                                                                                                                
                                                Typ gniazda:
                                                Socket 1851
                                            
                                                                                                                                
                                                Wynik Benchmark:
                                                42561
                                            
                                                                                Pokaż więcej"
"1746615684-327","https://www.morele.net/kategoria/procesory-45/","Procesor AMD Ryzen 9 7950X, 4.5 GHz, 64 MB, BOX (100-100000514WOF)","2 099 zł","https://images.morele.net/i256/11788488_5_i256.jpg","CECHY PRODUKTU
                                                                                                                                
                                                Częstotliwość taktowania procesora:
                                                4.5 GHz
                                            
                                                                                                                                
                                                Liczba rdzeni:
                                                16 rdzeni
                                            
                                                                                                                                
                                                Odblokowany mnożnik:
                                                Tak
                                            
                                                                                                                                
                                                Typ gniazda:
                                                Socket AM5
                                            
                                                                                                                                
                                                Wynik Benchmark:
                                                63187
                                            
                                                                                Pokaż więcej"
"1746615684-328","https://www.morele.net/kategoria/procesory-45/","Procesor AMD Ryzen 3 3200G, 3.6 GHz, 4 MB, BOX (YD3200C5FHBOX)","240,64 zł","https://images.morele.net/i256/5938601_0_i256.jpg","CECHY PRODUKTU
                                                                                                                                
                                                Częstotliwość taktowania procesora:
                                                3.6 GHz
                                            
                                                                                                                                
                                                Liczba rdzeni:
                                                4 rdzenie
                                            
                                                                                                                                
                                                Odblokowany mnożnik:
                                                Tak
                                            
                                                                                                                                
                                                Typ gniazda:
                                                Socket AM4
                                            
                                                                                                                                
                                                Wynik Benchmark:
                                                7153
                                            
                                                                                Pokaż więcej"
"1746615684-329","https://www.morele.net/kategoria/procesory-45/","Procesor AMD Ryzen 5 5600X, 3.7 GHz, 32 MB, BOX (100-100000065BOX)","538,28 zł","https://images.morele.net/i256/7267026_0_i256.jpg","CECHY PRODUKTU
                                                                                                                                
                                                Częstotliwość taktowania procesora:
                                                3.7 GHz
                                            
                                                                                                                                
                                                Liczba rdzeni:
                                                6 rdzeni
                                            
                                                                                                                                
                                                Odblokowany mnożnik:
                                                Tak
                                            
                                                                                                                                
                                                Typ gniazda:
                                                Socket AM4
                                            
                                                                                                                                
                                                Wynik Benchmark:
                                                21926
                                            
                                                                                Pokaż więcej"
"1746615684-330","https://www.morele.net/kategoria/procesory-45/","Procesor Intel Core i5-10400F, 2.9 GHz, 12 MB, BOX (BX8070110400F)","429 zł","https://images.morele.net/i256/6731007_2_i256.jpg","CECHY PRODUKTU
                                                                                                                                
                                                Częstotliwość taktowania procesora:
                                                2.9 GHz
                                            
                                                                                                                                
                                                Liczba rdzeni:
                                                6 rdzeni
                                            
                                                                                                                                
                                                Odblokowany mnożnik:
                                                Nie
                                            
                                                                                                                                
                                                Typ gniazda:
                                                Socket 1200
                                            
                                                                                                                                
                                                Wynik Benchmark:
                                                12208
                                            
                                                                                Pokaż więcej"
"1746615684-331","https://www.morele.net/kategoria/procesory-45/","Procesor AMD Ryzen 7 5700G, 3.8 GHz, 16 MB, BOX (100-100000263BOX)","649 zł","https://images.morele.net/i256/8536076_0_i256.jpg","CECHY PRODUKTU
                                                                                                                                
                                                Częstotliwość taktowania procesora:
                                                3.8 GHz
                                            
                                                                                                                                
                                                Liczba rdzeni:
                                                8 rdzeni
                                            
                                                                                                                                
                                                Odblokowany mnożnik:
                                                Tak
                                            
                                                                                                                                
                                                Rodzaj:
                                                Pozostałe
                                            
                                                                                                                                
                                                Typ gniazda:
                                                Socket AM4
                                            
                                                                                                                                
                                                Wynik Benchmark:
                                                24654
                                            
                                                                                Pokaż więcej"
"1746615684-332","https://www.morele.net/kategoria/procesory-45/","Procesor Intel Core i9-13900F, 2 GHz, 36 MB, BOX (BX8071513900F)","2 844,74 zł","https://images.morele.net/i256/12486212_0_i256.jpg","CECHY PRODUKTU
                                                                                                                                
                                                Częstotliwość taktowania procesora:
                                                2 GHz
                                            
                                                                                                                                
                                                Liczba rdzeni:
                                                24 rdzenie
                                            
                                                                                                                                
                                                Odblokowany mnożnik:
                                                Nie
                                            
                                                                                                                                
                                                Typ gniazda:
                                                Socket 1700
                                            
                                                                                                                                
                                                Wynik Benchmark:
                                                52505
                                            
                                                                                Pokaż więcej"
"1746615684-333","https://www.morele.net/kategoria/procesory-45/","Procesor AMD Ryzen 7 5800X, 3.8 GHz, 32 MB, BOX (100-100000063WOF)","672 zł","https://images.morele.net/i256/7267024_0_i256.jpg","CECHY PRODUKTU
                                                                                                                                
                                                Częstotliwość taktowania procesora:
                                                3.8 GHz
                                            
                                                                                                                                
                                                Liczba rdzeni:
                                                8 rdzeni
                                            
                                                                                                                                
                                                Odblokowany mnożnik:
                                                Tak
                                            
                                                                                                                                
                                                Typ gniazda:
                                                Socket AM4
                                            
                                                                                                                                
                                                Wynik Benchmark:
                                                27857
                                            
                                                                                Pokaż więcej"
"1746615684-334","https://www.morele.net/kategoria/procesory-45/","Procesor AMD Ryzen 7 7800X3D, 4.2 GHz, 96 MB, BOX (100-100000910WOF)","1 799 zł","https://images.morele.net/i256/12668825_0_i256.jpg","CECHY PRODUKTU
                                                                                                                                
                                                Częstotliwość taktowania procesora:
                                                4.2 GHz
                                            
                                                                                                                                
                                                Liczba rdzeni:
                                                8 rdzeni
                                            
                                                                                                                                
                                                Odblokowany mnożnik:
                                                Tak
                                            
                                                                                                                                
                                                Typ gniazda:
                                                Socket AM5
                                            
                                                                                                                                
                                                Wynik Benchmark:
                                                34243
                                            
                                                                                Pokaż więcej"
"1746615684-335","https://www.morele.net/kategoria/procesory-45/","Procesor AMD Ryzen 5 7500F, 3.7 GHz, 32 MB, OEM (100-000000597)","661,67 zł","https://images.morele.net/i256/13113437_1_i256.jpg","CECHY PRODUKTU
                                                                                                                                
                                                Częstotliwość taktowania procesora:
                                                3.7 GHz
                                            
                                                                                                                                
                                                Liczba rdzeni:
                                                6 rdzeni
                                            
                                                                                                                                
                                                Odblokowany mnożnik:
                                                Tak
                                            
                                                                                                                                
                                                Typ gniazda:
                                                Socket AM5
                                            
                                                                                                                                
                                                Wynik Benchmark:
                                                26993
                                            
                                                                                Pokaż więcej"
"1746615684-336","https://www.morele.net/kategoria/procesory-45/","Procesor AMD Ryzen 5 5600, 3.5 GHz, 32 MB, OEM (100-000000927)","370,48 zł","https://images.morele.net/i256/10120244_1_i256.jpg","CECHY PRODUKTU
                                                                                                                                
                                                Częstotliwość taktowania procesora:
                                                3.5 GHz
                                            
                                                                                                                                
                                                Liczba rdzeni:
                                                6 rdzeni
                                            
                                                                                                                                
                                                Odblokowany mnożnik:
                                                Tak
                                            
                                                                                                                                
                                                Typ gniazda:
                                                Socket AM4
                                            
                                                                                                                                
                                                Wynik Benchmark:
                                                21596
                                            
                                                                                Pokaż więcej"
"1746615684-337","https://www.morele.net/kategoria/procesory-45/","Procesor Intel Core i3-12100F, 3.3 GHz, 12 MB, BOX (BX8071512100F)","329 zł","https://images.morele.net/i256/9643936_1_i256.jpg","CECHY PRODUKTU
                                                                                                                                
                                                Częstotliwość taktowania procesora:
                                                3.3 GHz
                                            
                                                                                                                                
                                                Liczba rdzeni:
                                                4 rdzenie
                                            
                                                                                                                                
                                                Odblokowany mnożnik:
                                                Nie
                                            
                                                                                                                                
                                                Typ gniazda:
                                                Socket 1700
                                            
                                                                                                                                
                                                Wynik Benchmark:
                                                14207
                                            
                                                                                Pokaż więcej"
"1746615684-338","https://www.morele.net/kategoria/procesory-45/","Procesor AMD Ryzen 5 5500, 3.6 GHz, 16 MB, BOX (100-100000457BOX)","327 zł","https://images.morele.net/i256/10120240_0_i256.jpg","CECHY PRODUKTU
                                                                                                                                
                                                Częstotliwość taktowania procesora:
                                                3.6 GHz
                                            
                                                                                                                                
                                                Liczba rdzeni:
                                                6 rdzeni
                                            
                                                                                                                                
                                                Odblokowany mnożnik:
                                                Tak
                                            
                                                                                                                                
                                                Typ gniazda:
                                                Socket AM4
                                            
                                                                                                                                
                                                Wynik Benchmark:
                                                19525
                                            
                                                                                Pokaż więcej"
"1746615684-339","https://www.morele.net/kategoria/procesory-45/","Procesor AMD Ryzen 9 5900X, 3.7 GHz, 64 MB, BOX (100-100000061WOF)","1 087,33 zł","https://images.morele.net/i256/7267022_0_i256.jpg","CECHY PRODUKTU
                                                                                                                                
                                                Częstotliwość taktowania procesora:
                                                3.7 GHz
                                            
                                                                                                                                
                                                Liczba rdzeni:
                                                12 rdzeni
                                            
                                                                                                                                
                                                Odblokowany mnożnik:
                                                Tak
                                            
                                                                                                                                
                                                Typ gniazda:
                                                Socket AM4
                                            
                                                                                                                                
                                                Wynik Benchmark:
                                                39224
                                            
                                                                                Pokaż więcej"
"1746615684-340","https://www.morele.net/kategoria/procesory-45/","Procesor AMD Ryzen 7 5700X, 3.4 GHz, 32 MB, BOX (100-100000926WOF)","645,04 zł","https://images.morele.net/i256/10120245_0_i256.jpg","CECHY PRODUKTU
                                                                                                                                
                                                Częstotliwość taktowania procesora:
                                                3.4 GHz
                                            
                                                                                                                                
                                                Liczba rdzeni:
                                                8 rdzeni
                                            
                                                                                                                                
                                                Odblokowany mnożnik:
                                                Tak
                                            
                                                                                                                                
                                                Rodzaj:
                                                Pozostałe
                                            
                                                                                                                                
                                                Typ gniazda:
                                                Socket AM4
                                            
                                                                                                                                
                                                Wynik Benchmark:
                                                26749
                                            
                                                                                Pokaż więcej"
"1746615684-341","https://www.morele.net/kategoria/procesory-45/","Procesor AMD Ryzen 5 7600, 3.8 GHz, 32 MB, BOX (100-100001015BOX)","869 zł","https://images.morele.net/i256/12491803_0_i256.jpg","CECHY PRODUKTU
                                                                                                                                
                                                Częstotliwość taktowania procesora:
                                                3.8 GHz
                                            
                                                                                                                                
                                                Liczba rdzeni:
                                                6 rdzeni
                                            
                                                                                                                                
                                                Odblokowany mnożnik:
                                                Tak
                                            
                                                                                                                                
                                                Typ gniazda:
                                                Socket AM5
                                            
                                                                                                                                
                                                Wynik Benchmark:
                                                27474
                                            
                                                                                Pokaż więcej"
"1746615684-342","https://www.morele.net/kategoria/procesory-45/","Procesor AMD Ryzen 5 7600X, 4.7 GHz, 32 MB, BOX (100-100000593WOF)","829 zł","https://images.morele.net/i256/11788491_5_i256.jpg","CECHY PRODUKTU
                                                                                                                                
                                                Częstotliwość taktowania procesora:
                                                4.7 GHz
                                            
                                                                                                                                
                                                Liczba rdzeni:
                                                6 rdzeni
                                            
                                                                                                                                
                                                Odblokowany mnożnik:
                                                Tak
                                            
                                                                                                                                
                                                Rodzaj:
                                                Pozostałe
                                            
                                                                                                                                
                                                Typ gniazda:
                                                Socket AM5
                                            
                                                                                                                                
                                                Wynik Benchmark:
                                                28703
                                            
                                                                                Pokaż więcej"
"1746615684-343","https://www.morele.net/kategoria/procesory-45/","Procesor AMD Ryzen 5 3500X, 3.6 GHz, 32 MB, BOX (100-100000158BOX)","14 180,70 zł","https://images.morele.net/i256/5944068_0_i256.jpg","CECHY PRODUKTU
                                                                                                                                
                                                Częstotliwość taktowania procesora:
                                                3.6 GHz
                                            
                                                                                                                                
                                                Liczba rdzeni:
                                                6 rdzeni
                                            
                                                                                                                                
                                                Odblokowany mnożnik:
                                                Tak
                                            
                                                                                                                                
                                                Typ gniazda:
                                                Socket AM4
                                            
                                                                                                                                
                                                Wynik Benchmark:
                                                13201
                                            
                                                                                Pokaż więcej"
"1746615684-344","https://www.morele.net/kategoria/procesory-45/","Procesor Intel Core i5-10400, 2.9 GHz, 12 MB, BOX (BX8070110400)","589 zł","https://images.morele.net/i256/6731008_1_i256.jpeg","CECHY PRODUKTU
                                                                                                                                
                                                Częstotliwość taktowania procesora:
                                                2.9 GHz
                                            
                                                                                                                                
                                                Liczba rdzeni:
                                                6 rdzeni
                                            
                                                                                                                                
                                                Odblokowany mnożnik:
                                                Nie
                                            
                                                                                                                                
                                                Typ gniazda:
                                                Socket 1200
                                            
                                                                                                                                
                                                Wynik Benchmark:
                                                12169
                                            
                                                                                Pokaż więcej"
"1746615684-345","https://www.morele.net/kategoria/procesory-45/","Procesor Intel Core i5-12600K, 3.7 GHz, 20 MB, BOX (BX8071512600K)","799 zł","https://images.morele.net/i256/5949746_0_i256.jpg","CECHY PRODUKTU
                                                                                                                                
                                                Częstotliwość taktowania procesora:
                                                3.7 GHz
                                            
                                                                                                                                
                                                Liczba rdzeni:
                                                10 rdzeni
                                            
                                                                                                                                
                                                Odblokowany mnożnik:
                                                Tak
                                            
                                                                                                                                
                                                Typ gniazda:
                                                Socket 1700
                                            
                                                                                                                                
                                                Wynik Benchmark:
                                                27792
                                            
                                                                                Pokaż więcej"
"1746615684-346","https://www.morele.net/kategoria/procesory-45/","Procesor Intel Core i5-14600KF, 3.5 GHz, 24 MB, BOX (BX8071514600KF)","979 zł","https://images.morele.net/i256/13123072_0_i256.jpg","CECHY PRODUKTU
                                                                                                                                
                                                Częstotliwość taktowania procesora:
                                                3.5 GHz
                                            
                                                                                                                                
                                                Liczba rdzeni:
                                                14 rdzeni
                                            
                                                                                                                                
                                                Odblokowany mnożnik:
                                                Tak
                                            
                                                                                                                                
                                                Typ gniazda:
                                                Socket 1700
                                            
                                                                                                                                
                                                Wynik Benchmark:
                                                38894
                                            
                                                                                Pokaż więcej"
"1746615684-347","https://www.morele.net/kategoria/procesory-45/","Procesor Intel Core i5-13400F, 2.5 GHz, 20 MB, BOX (BX8071513400F)","569 zł","https://images.morele.net/i256/12486214_0_i256.jpg","CECHY PRODUKTU
                                                                                                                                
                                                Częstotliwość taktowania procesora:
                                                2.5 GHz
                                            
                                                                                                                                
                                                Liczba rdzeni:
                                                10 rdzeni
                                            
                                                                                                                                
                                                Odblokowany mnożnik:
                                                Nie
                                            
                                                                                                                                
                                                Typ gniazda:
                                                Socket 1700
                                            
                                                                                                                                
                                                Wynik Benchmark:
                                                2543
                                            
                                                                                Pokaż więcej"
"1746615684-348","https://www.morele.net/kategoria/procesory-45/","Procesor AMD Ryzen 5 3400G, 3.7 GHz, 4 MB, BOX (YD3400C5FHBOX)","267,96 zł","https://images.morele.net/i256/5938600_0_i256.jpg","CECHY PRODUKTU
                                                                                                                                
                                                Częstotliwość taktowania procesora:
                                                3.7 GHz
                                            
                                                                                                                                
                                                Liczba rdzeni:
                                                4 rdzenie
                                            
                                                                                                                                
                                                Odblokowany mnożnik:
                                                Tak
                                            
                                                                                                                                
                                                Typ gniazda:
                                                Socket AM4
                                            
                                                                                                                                
                                                Wynik Benchmark:
                                                9284
                                            
                                                                                Pokaż więcej"
