Part Number,brand,Model,Rank,Benchmark,Samples,Title,Price,Image URL,Frequency,Cores,Socket,Unlocked Multiplier
BX8071514900KS,Intel,Core i9-14900KS,1,133.0,1592,"Procesor Intel Core i9-14900KS, 3.2 GHz, 36 MB, OEM (CM8071504820506)","2 980,99 zł",https://images.morele.net/i256/13221540_0_i256.jpg,3.2 GHz,24 rdzenie,Socket 1700,Tak
BX8071514900KS,Intel,Core i9-14900KS,1,133.0,1592,"Procesor Intel Core i9-14900KS, 3.2 GHz, 36 MB, BOX (BX8071514900KS )",2 999 zł,https://images.morele.net/i256/13183308_4_i256.jpg,3.2 GHz,24 rdzenie,Socket 1700,Tak
BX8071514900KF,Intel,Core i9-14900KF,2,131.0,7773,"Procesor Intel Core i9-14900KF, 3.2 GHz, 36 MB, OEM (CM8071505094018)","1 983,88 zł",https://images.morele.net/i256/13133239_1_i256.jpg,3.2 GHz,24 rdzenie,Socket 1700,Tak
BX8071514900KF,Intel,Core i9-14900KF,2,131.0,7773,"Procesor Intel Core i9-14900KF, 3.2 GHz, 36 MB, BOX (BX8071514900KF)","1 828,44 zł",https://images.morele.net/i256/13123068_0_i256.jpg,3.2 GHz,24 rdzenie,Socket 1700,Tak
BX8071514900K,Intel,Core i9-14900K,3,131.0,19876,"Procesor Intel Core i9-14900K, 3.2 GHz, 36 MB, OEM (CM8071505094017)","2 083,28 zł",https://images.morele.net/i256/13133238_1_i256.jpg,3.2 GHz,24 rdzenie,Socket 1700,Tak
BX8071514900K,Intel,Core i9-14900K,3,131.0,19876,"Procesor Intel Core i9-14900K, 3.2 GHz, 36 MB, BOX (BX8071514900K)","2 081,81 zł",https://images.morele.net/i256/13123067_0_i256.jpg,3.2 GHz,24 rdzenie,Socket 1700,Tak
BX8071513900KS,Intel,Core i9-13900KS,4,131.0,4204,"Procesor Intel Core i9-13900KS, 3.2 GHz, 36 MB, BOX (BX8071513900KS)","3 646,49 zł",https://images.morele.net/i256/12580400_1_i256.jpg,3.2 GHz,24 rdzenie,Socket 1700,Tak
BX8071514700KF,Intel,Core i7-14700KF,5,130.0,4842,"Procesor Intel Core i7-14700KF, 3.4 GHz, 33 MB, OEM (CM8071504820722)","1 438,36 zł",https://images.morele.net/i256/13133237_1_i256.jpg,3.4 GHz,20 rdzeni,Socket 1700,Tak
BX8071514700KF,Intel,Core i7-14700KF,5,130.0,4842,"Procesor Intel Core i7-14700KF, 3.4 GHz, 33 MB, BOX (BX8071514700KF)",1 399 zł,https://images.morele.net/i256/13123070_0_i256.jpg,3.4 GHz,20 rdzeni,Socket 1700,Tak
BX8071514700K,Intel,Core i7-14700K,6,130.0,10287,"Procesor Intel Core i7-14700K, 3.4 GHz, 33 MB, OEM (CM8071504820721)","1 648,31 zł",https://images.morele.net/i256/13133372_1_i256.jpg,3.4 GHz,20 rdzeni,Socket 1700,Tak
BX8071514700K,Intel,Core i7-14700K,6,130.0,10287,"Procesor Intel Core i7-14700K, 3.4 GHz, 33 MB, BOX (BX8071514700K)",1 499 zł,https://images.morele.net/i256/13123069_0_i256.jpg,3.4 GHz,20 rdzeni,Socket 1700,Tak
BX8071513900KF,Intel,Core i9-13900KF,7,129.0,16914,"Procesor Intel Core i9-13900KF, 3 GHz, 36 MB, OEM (CM8071505094012)","2 069,54 zł",https://images.morele.net/i256/13112517_0_i256.jpg,3 GHz,24 rdzenie,Socket 1700,Tak
BX8071513900KF,Intel,Core i9-13900KF,7,129.0,16914,"Procesor Intel Core i9-13900KF, 3 GHz, 36 MB, BOX (BX8071513900KF)","2 411,94 zł",https://images.morele.net/i256/11789723_0_i256.jpg,3 GHz,24 rdzenie,Socket 1700,Tak
BX8071513900K,Intel,Core i9-13900K,8,129.0,49132,"Procesor Intel Core i9-13900K, 3 GHz, 36 MB, OEM (CM8071505094011)","2 233,98 zł",https://images.morele.net/i256/13112482_1_i256.jpg,3 GHz,24 rdzenie,Socket 1700,Tak
BX8071513900K,Intel,Core i9-13900K,8,129.0,49132,"Procesor Intel Core i9-13900K, 3 GHz, 36 MB, BOX (BX8071513900K)","3 080,22 zł",https://images.morele.net/i256/11789699_0_i256.jpg,3 GHz,24 rdzenie,Socket 1700,Tak
BX8071513700KF,Intel,Core i7-13700KF,9,126.0,20009,"Procesor Intel Core i7-13700KF, 3.4 GHz, 30 MB, OEM (CM8071504820706)","1 786,87 zł",https://images.morele.net/i256/13112511_0_i256.jpg,3.4 GHz,16 rdzeni,Socket 1700,Tak
BX8071513700K,Intel,Core i7-13700K,10,126.0,38490,"Procesor Intel Core i7-13700K, 3.4 GHz, 30 MB, OEM (CM8071504820705)","1 663,99 zł",https://images.morele.net/i256/13112509_0_i256.jpg,3.4 GHz,16 rdzeni,Socket 1700,Tak
BX8071513700K,Intel,Core i7-13700K,10,126.0,38490,"Procesor Intel Core i7-13700K, 3.4 GHz, 30 MB, BOX (BX8071513700K)","1 722,25 zł",https://images.morele.net/i256/11789666_0_i256.jpg,3.4 GHz,16 rdzeni,Socket 1700,Tak
BX8071514900,Intel,Core i9-14900,11,124.0,226,"Procesor Intel Core i9-14900, 2 GHz, 36 MB, BOX (BX8071514900)","2 598,74 zł",https://images.morele.net/i256/13155877_0_i256.jpg,2 GHz,24 rdzenie,Socket 1700,Nie
BX8071514900,Intel,Core i9-14900,11,124.0,226,"Procesor Intel Core i9-14900, 2 GHz, 36 MB, OEM (CM8071504820609)","2 689,62 zł",https://images.morele.net/i256/13172919_0_i256.jpg,2 GHz,24 rdzenie,Socket 1700,Nie
BX8071514900F,Intel,Core i9-14900F,12,124.0,1023,"Procesor Intel Core i9-14900F, 2 GHz, 36 MB, OEM (CM8071504820610)","2 641,24 zł",https://images.morele.net/i256/13172920_0_i256.jpg,2 GHz,24 rdzenie,Socket 1700,Nie
BX8071514900F,Intel,Core i9-14900F,12,124.0,1023,"Procesor Intel Core i9-14900F, 2 GHz, 36 MB, BOX (BX8071514900F)","2 475,26 zł",https://images.morele.net/i256/13155883_0_i256.jpg,2 GHz,24 rdzenie,Socket 1700,Nie
BX8071514600KF,Intel,Core i5-14600KF,13,124.0,4869,"Procesor Intel Core i5-14600KF, 3.5 GHz, 24 MB, OEM (CM8071504821014)","862,51 zł",https://images.morele.net/i256/13133235_0_i256.jpg,3.5 GHz,14 rdzeni,Socket 1700,Tak
BX8071514600KF,Intel,Core i5-14600KF,13,124.0,4869,"Procesor Intel Core i5-14600KF, 3.5 GHz, 24 MB, BOX (BX8071514600KF)",979 zł,https://images.morele.net/i256/13123072_0_i256.jpg,3.5 GHz,14 rdzeni,Socket 1700,Tak
BX8071513900F,Intel,Core i9-13900F,14,124.0,824,"Procesor Intel Core i9-13900F, 2 GHz, 36 MB, OEM (CM8071504820606)","2 004,69 zł",https://images.morele.net/i256/13112523_0_i256.jpg,2 GHz,24 rdzenie,Socket 1700,Nie
BX8071513900F,Intel,Core i9-13900F,14,124.0,824,"Procesor Intel Core i9-13900F, 2 GHz, 36 MB, BOX (BX8071513900F)","2 844,74 zł",https://images.morele.net/i256/12486212_0_i256.jpg,2 GHz,24 rdzenie,Socket 1700,Nie
BX8071514600K,Intel,Core i5-14600K,15,124.0,3343,"Procesor Intel Core i5-14600K, 3.5 GHz, 24 MB, OEM (CM8071504821015)","1 130,99 zł",https://images.morele.net/i256/13133234_1_i256.jpg,3.5 GHz,14 rdzeni,Socket 1700,Tak
BX8071514600K,Intel,Core i5-14600K,15,124.0,3343,"Procesor Intel Core i5-14600K, 3.5 GHz, 24 MB, BOX (BX8071514600K)",949 zł,https://images.morele.net/i256/13123071_0_i256.jpg,3.5 GHz,14 rdzeni,Socket 1700,Tak
BX8071513900,Intel,Core i9-13900,16,123.0,1007,"Procesor Intel Core i9-13900, 2 GHz, 36 MB, OEM (CM8071504820605)","2 758,09 zł",https://images.morele.net/i256/13112514_0_i256.jpg,2 GHz,24 rdzenie,Socket 1700,Nie
BX8071513900,Intel,Core i9-13900,16,123.0,1007,"Procesor Intel Core i9-13900, 2 GHz, 36 MB, BOX (BX8071513900)",2 719 zł,https://images.morele.net/i256/12486211_0_i256.jpg,2 GHz,24 rdzenie,Socket 1700,Nie
100-100001084WOF,AMD,Ryzen 7 9800X3D,17,122.0,2321,"Procesor AMD Ryzen 7 9800X3D, 4.7 GHz, 96 MB, OEM (100-000001084)",2 299 zł,https://images.morele.net/i256/14209712_0_i256.jpg,4.7 GHz,8 rdzeni,Socket AM5,Tak
100-100001084WOF,AMD,Ryzen 7 9800X3D,17,122.0,2321,"Procesor AMD Ryzen 7 9800X3D, 4.7 GHz, 96 MB, BOX (100-100001084WOF)",2 349 zł,https://images.morele.net/i256/14209713_2_i256.jpg,4.7 GHz,8 rdzeni,Socket AM5,Tak
BX8071513600K,Intel,Core i5-13600K,18,122.0,27559,"Procesor Intel Core i5-13600K, 3.5 GHz, 24 MB, OEM (CM8071504821005)","958,16 zł",https://images.morele.net/i256/13099603_0_i256.jpg,3.5 GHz,14 rdzeni,Socket 1700,Tak
BX8071513600K,Intel,Core i5-13600K,18,122.0,27559,"Procesor Intel Core i5-13600K, 3.5 GHz, 24 MB, BOX (BX8071513600K)","1 332,35 zł",https://images.morele.net/i256/11789603_0_i256.jpg,3.5 GHz,14 rdzeni,Socket 1700,Tak
BX8071513600KF,Intel,Core i5-13600KF,19,122.0,33334,"Procesor Intel Core i5-13600KF, 3.5 GHz, 24 MB, OEM (CM8071504821006)","858,80 zł",https://images.morele.net/i256/13094168_0_i256.jpg,3.5 GHz,14 rdzeni,Socket 1700,Tak
BX80768285K,Intel,Core Ultra 9 285K,20,121.0,93,"Procesor Intel Core Ultra 9 285K, 3.2 GHz, 36 MB, BOX (BX80768285K)",2 570 zł,https://images.morele.net/i256/14386800_1_i256.jpg,3.2 GHz,24 rdzenie,Socket 1851,Tak
BX8071514700F,Intel,Core i7-14700F,21,121.0,7379,"Procesor Intel Core i7-14700F, 2.1 GHz, 33 MB, OEM (CM8071504820816)","1 357,26 zł",https://images.morele.net/i256/13172900_0_i256.jpg,2.1 GHz,20 rdzeni,Socket 1700,Nie
BX8071514700F,Intel,Core i7-14700F,21,121.0,7379,"Procesor Intel Core i7-14700F, 2.1 GHz, 33 MB, BOX (BX8071514700F)","1 357,99 zł",https://images.morele.net/i256/13155884_0_i256.jpg,2.1 GHz,20 rdzeni,Socket 1700,Nie
BX8071514700,Intel,Core i7-14700,22,121.0,1584,"Procesor Intel Core i7-14700, 2.1 GHz, 33 MB, OEM (CM8071504820817)","1 531,65 zł",https://images.morele.net/i256/13172915_1_i256.jpg,2.1 GHz,20 rdzeni,Socket 1700,Nie
BX8071514700,Intel,Core i7-14700,22,121.0,1584,"Procesor Intel Core i7-14700, 2.1 GHz, 33 MB, BOX (BX8071514700)","1 421,95 zł",https://images.morele.net/i256/13155878_0_i256.jpg,2.1 GHz,20 rdzeni,Socket 1700,Nie
BX8071513700F,Intel,Core i7-13700F,23,121.0,4561,"Procesor Intel Core i7-13700F, 1.5 GHz, 30 MB, OEM (CM8071504820806)","1 247,99 zł",https://images.morele.net/i256/13112521_0_i256.jpg,1.5 GHz,16 rdzeni,Socket 1700,Nie
BX8071513700F,Intel,Core i7-13700F,23,121.0,4561,"Procesor Intel Core i7-13700F, 1.5 GHz, 30 MB, BOX (BX8071513700F)",1 299 zł,https://images.morele.net/i256/12462060_0_i256.jpg,1.5 GHz,16 rdzeni,Socket 1700,Nie
BX8071513700,Intel,Core i7-13700,24,121.0,2216,"Procesor Intel Core i7-13700, 1.5 GHz, 30 MB, OEM (CM8071504820805)","1 513,28 zł",https://images.morele.net/i256/13112520_0_i256.jpg,1.5 GHz,16 rdzeni,Socket 1700,Nie
BX8071513700,Intel,Core i7-13700,24,121.0,2216,"Procesor Intel Core i7-13700, 1.5 GHz, 30 MB, BOX (BX8071513700)","1 366,79 zł",https://images.morele.net/i256/12462059_0_i256.jpg,1.5 GHz,16 rdzeni,Socket 1700,Nie
100-100000719WOF,AMD,Ryzen 9 9950X3D,25,120.0,134,"Procesor AMD Ryzen 9 9950X3D, 4.3 GHz, 128 MB, BOX (100-100000719WOF)",3 499 zł,https://images.morele.net/i256/14743984_1_i256.jpg,4.3 GHz,16 rdzeni,Socket AM5,Tak
100-100001368WOF,AMD,Ryzen 9 9900X3D,26,119.0,79,"Procesor AMD Ryzen 9 9900X3D, 4.4 GHz, 128 MB, BOX (100-100001368WOF)",2 749 zł,https://images.morele.net/i256/14744282_0_i256.jpg,4.4 GHz,12 rdzeni,Socket AM5,Tak
BX8071512900KS,,Core i9-12900KS,27,119.0,7188,,,,,,,
BX80768265K,Intel,Core Ultra 7 265K,28,119.0,159,"Procesor Intel Core Ultra 7 265K, 3.3 GHz, 30 MB, BOX (BX80768265K S RQCW)","1 625,83 zł",https://images.morele.net/i256/14919798_1_i256.jpg,3.3 GHz,20 rdzeni,Socket 1851,Tak
BX80768265K,Intel,Core Ultra 7 265K,28,119.0,159,"Procesor Intel Core Ultra 7 265K, 3.3 GHz, 30 MB, BOX (BX80768265K)","1 449,52 zł",https://images.morele.net/i256/14201780_0_i256.jpg,3.3 GHz,20 rdzeni,Socket 1851,Tak
BX80768265K,Intel,Core Ultra 7 265K,28,119.0,159,"Procesor Intel Core Ultra 7 265K, 3.3 GHz, 30 MB, OEM (AT8076806412)","1 354,99 zł",https://images.morele.net/i256/14201773_0_i256.jpg,3.3 GHz,20 rdzeni,Socket 1851,Tak
100-100001277WOF,AMD,Ryzen 9 9950X,29,118.0,218,"Procesor AMD Ryzen 9 9950X, 4.3 GHz, 64 MB, BOX (100-100001277WOF)","2 584,80 zł",https://images.morele.net/i256/13331756_0_i256.jpg,4.3 GHz,16 rdzeni,Socket AM5,Tak
,,Core i9-14900HX,30,118.0,3762,,,,,,,
100-100000662WOF,AMD,Ryzen 9 9900X,31,117.0,319,"Procesor AMD Ryzen 9 9900X, 4.4 GHz, 64 MB, BOX (100-100000662WOF)",1 899 zł,https://images.morele.net/i256/13331757_0_i256.jpg,4.4 GHz,12 rdzeni,Socket AM5,Tak
BX80768245K,Intel,Core Ultra 5 245K,32,117.0,36,"Procesor Intel Core Ultra 5 245K, 3.6 GHz, 24 MB, BOX (BX80768245K)",1 249 zł,https://images.morele.net/i256/14201782_5_i256.jpg,3.6 GHz,14 rdzeni,Socket 1851,Tak
BX80768245K,Intel,Core Ultra 5 245K,32,117.0,36,"Procesor Intel Core Ultra 5 245K, 3.6 GHz, 24 MB, OEM (AT807680640F)","1 358,99 zł",https://images.morele.net/i256/14201777_0_i256.jpg,3.6 GHz,14 rdzeni,Socket 1851,Tak
100-100000910WOF,AMD,Ryzen 7 7800X3D,33,117.0,17872,"Procesor AMD Ryzen 7 7800X3D, 4.2 GHz, 96 MB, OEM (100-000000910)",1 699 zł,https://images.morele.net/i256/12807924_0_i256.jpg,4.2 GHz,8 rdzeni,Socket AM5,Tak
100-100000910WOF,AMD,Ryzen 7 7800X3D,33,117.0,17872,"Procesor AMD Ryzen 7 7800X3D, 4.2 GHz, 96 MB, BOX (100-100000910WOF)",1 799 zł,https://images.morele.net/i256/12668825_0_i256.jpg,4.2 GHz,8 rdzeni,Socket AM5,Tak
BX8071512900K,Intel,Core i9-12900K,34,117.0,101563,"Procesor Intel Core i9-12900K, 3.2 GHz, 30 MB, OEM (CM8071504549230)","1 845,20 zł",https://images.morele.net/i256/9496655_0_i256.jpg,3.2 GHz,16 rdzeni,Socket 1700,Tak
BX8071512900K,Intel,Core i9-12900K,34,117.0,101563,"Procesor Intel Core i9-12900K, 3.2 GHz, 30 MB, BOX (BX8071512900K)","1 787,55 zł",https://images.morele.net/i256/5949745_0_i256.jpg,3.2 GHz,16 rdzeni,Socket 1700,Tak
BX8071512900KF,Intel,Core i9-12900KF,35,117.0,15291,"Procesor Intel Core i9-12900KF, 3.2 GHz, 30 MB, OEM (CM8071504549231)","1 494,65 zł",https://images.morele.net/i256/9682843_0_i256.jpg,3.2 GHz,16 rdzeni,Socket 1700,Tak
BX8071512900KF,Intel,Core i9-12900KF,35,117.0,15291,"Procesor Intel Core i9-12900KF, 3.2 GHz, 30 MB, BOX (BX8071512900KF)","1 340,75 zł",https://images.morele.net/i256/9502211_1_i256.jpg,3.2 GHz,16 rdzeni,Socket 1700,Tak
,,Core i9-13980HX,36,117.0,6602,,,,,,,
BX8071513600,Intel,Core i5-13600,37,117.0,97,"Procesor Intel Core i5-13600, 2.7 GHz, 24 MB, OEM (CM8071505092702)","1 286,97 zł",https://images.morele.net/i256/13112519_0_i256.jpg,2.7 GHz,14 rdzeni,Socket 1700,Nie
100-100001404WOF,AMD,Ryzen 7 9700X,38,116.0,421,"Procesor AMD Ryzen 7 9700X, 3.8 GHz, 32 MB, BOX (100-100001404WOF)",1 361 zł,https://images.morele.net/i256/13331758_0_i256.jpg,3.8 GHz,8 rdzeni,Socket AM5,Tak
100-100000908WOF,AMD,Ryzen 9 7950X3D,39,116.0,1499,"Procesor AMD Ryzen 9 7950X3D, 4.2 GHz, 128 MB, BOX (100-100000908WOF)","3 974,99 zł",https://images.morele.net/i256/12668823_0_i256.jpg,4.2 GHz,16 rdzeni,Socket AM5,Tak
BX8071514600,Intel,Core i5-14600,40,116.0,95,"Procesor Intel Core i5-14600, 2.7 GHz, 24 MB, OEM (CM8071504821018)","1 457,44 zł",https://images.morele.net/i256/13172912_0_i256.jpg,2.7 GHz,14 rdzeni,Socket 1700,Nie
,,Core i9-13950HX,41,116.0,1007,,,,,,,
100-100000909WOF,,Ryzen 9 7900X3D,42,115.0,2814,,,,,,,
,,Core i9-13900HX,43,115.0,8200,,,,,,,
100-100000514WOF,AMD,Ryzen 9 7950X,44,114.0,2969,"Procesor AMD Ryzen 9 7950X, 4.5 GHz, 64 MB, OEM (100-000000514)","3 353,99 zł",https://images.morele.net/i256/13127996_0_i256.jpg,4.5 GHz,16 rdzeni,Socket AM5,Tak
100-100000514WOF,AMD,Ryzen 9 7950X,44,114.0,2969,"Procesor AMD Ryzen 9 7950X, 4.5 GHz, 64 MB, BOX (100-100000514WOF)",2 099 zł,https://images.morele.net/i256/11788488_5_i256.jpg,4.5 GHz,16 rdzeni,Socket AM5,Tak
100-100001405WOF,AMD,Ryzen 5 9600X,45,114.0,324,"Procesor AMD Ryzen 5 9600X, 3.9 GHz, 32 MB, BOX (100-100001405WOF)","940,89 zł",https://images.morele.net/i256/13331760_0_i256.jpg,3.9 GHz,6 rdzeni,Socket AM5,Tak
BX8071512700K,Intel,Core i7-12700K,46,114.0,133111,"Procesor Intel Core i7-12700K, 3.6 GHz, 25 MB, OEM (CM8071504553828)","1 079,64 zł",https://images.morele.net/i256/9496678_0_i256.jpg,3.6 GHz,12 rdzeni,Socket 1700,Tak
BX8071512700K,Intel,Core i7-12700K,46,114.0,133111,"Procesor Intel Core i7-12700K, 3.6 GHz, 25 MB, BOX (BX8071512700K)","1 161,46 zł",https://images.morele.net/i256/5949747_0_i256.jpg,3.6 GHz,12 rdzeni,Socket 1700,Tak
BX8071512700KF,Intel,Core i7-12700KF,47,114.0,70812,"Procesor Intel Core i7-12700KF, 3.6 GHz, 25 MB, OEM (CM8071504553829)","995,78 zł",https://images.morele.net/i256/9496681_0_i256.jpg,3.6 GHz,12 rdzeni,Socket 1700,Tak
BX8071512700KF,Intel,Core i7-12700KF,47,114.0,70812,"Procesor Intel Core i7-12700KF, 3.6 GHz, 25 MB, BOX (BX8071512700KF)","1 046,67 zł",https://images.morele.net/i256/5949744_0_i256.jpg,3.6 GHz,12 rdzeni,Socket 1700,Tak
BX8071514500,Intel,Core i5-14500,48,114.0,345,"Procesor Intel Core i5-14500, 2.6 GHz, 24 MB, OEM (CM8071505093104)","1 357,65 zł",https://images.morele.net/i256/13172934_0_i256.jpg,2.6 GHz,14 rdzeni,Socket 1700,Nie
BX8071514500,Intel,Core i5-14500,48,114.0,345,"Procesor Intel Core i5-14500, 2.6 GHz, 24 MB, BOX (BX8071514500)",1 059 zł,https://images.morele.net/i256/13155880_0_i256.jpg,2.6 GHz,14 rdzeni,Socket 1700,Nie
100-100000589WOF,AMD,Ryzen 9 7900X,49,113.0,6076,"Procesor AMD Ryzen 9 7900X, 4.7 GHz, 64 MB, OEM (100-000000589)","1 479,41 zł",https://images.morele.net/i256/12887429_0_i256.jpg,4.7 GHz,12 rdzeni,Socket AM5,Tak
100-100000589WOF,AMD,Ryzen 9 7900X,49,113.0,6076,"Procesor AMD Ryzen 9 7900X, 4.7 GHz, 64 MB, BOX (100-100000589WOF)","1 484,99 zł",https://images.morele.net/i256/11788489_5_i256.jpg,4.7 GHz,12 rdzeni,Socket AM5,Tak
BX8071512900F,Intel,Core i9-12900F,50,113.0,2318,"Procesor Intel Core i9-12900F, 2.4 GHz, 30 MB, BOX (BX8071512900F)","1 728,15 zł",https://images.morele.net/i256/9658362_0_i256.jpg,2.4 GHz,16 rdzeni,Socket 1700,Nie
BX8071513500,Intel,Core i5-13500,51,113.0,4279,"Procesor Intel Core i5-13500, 2.5 GHz, 24 MB, OEM (CM8071505093101)","1 071,50 zł",https://images.morele.net/i256/13127353_0_i256.jpg,2.5 GHz,14 rdzeni,Socket 1700,Nie
BX8071513500,Intel,Core i5-13500,51,113.0,4279,"Procesor Intel Core i5-13500, 2.5 GHz, 24 MB, BOX (BX8071513500)",1 079 zł,https://images.morele.net/i256/12462058_0_i256.jpg,2.5 GHz,14 rdzeni,Socket 1700,Nie
100-100000591WOF,AMD,Ryzen 7 7700X,52,112.0,7256,"Procesor AMD Ryzen 7 7700X, 4.5 GHz, 32 MB, OEM (100-000000591)","1 253,99 zł",https://images.morele.net/i256/12984668_0_i256.jpg,4.5 GHz,8 rdzeni,Socket AM5,Tak
100-100000591WOF,AMD,Ryzen 7 7700X,52,112.0,7256,"Procesor AMD Ryzen 7 7700X, 4.5 GHz, 32 MB, BOX (100-100000591WOF)","1 234,64 zł",https://images.morele.net/i256/11788490_4_i256.jpg,4.5 GHz,8 rdzeni,Socket AM5,Tak
,,Core i7-14700HX,53,112.0,1072,,,,,,,
,,Core i7-13850HX,54,111.0,183,,,,,,,
BX8071512900,Intel,Core i9-12900,55,111.0,2410,"Procesor Intel Core i9-12900, 2.4 GHz, 30 MB, BOX (BX8071512900 99ARGF)","2 020,31 zł",https://images.morele.net/i256/9979126_0_i256.jpg,2.4 GHz,16 rdzeni,Socket 1700,Nie
100-100000593WOF,AMD,Ryzen 5 7600X,56,110.0,7902,"Procesor AMD Ryzen 5 7600X, 4.7 GHz, 32 MB, OEM (100-000000593)",819 zł,https://images.morele.net/i256/13115159_0_i256.jpg,4.7 GHz,6 rdzeni,Socket AM5,Tak
100-100000593WOF,AMD,Ryzen 5 7600X,56,110.0,7902,"Procesor AMD Ryzen 5 7600X, 4.7 GHz, 32 MB, BOX (100-100000593WOF)",829 zł,https://images.morele.net/i256/11788491_5_i256.jpg,4.7 GHz,6 rdzeni,Socket AM5,Tak
BX8071512600KF,Intel,Core i5-12600KF,57,109.0,40032,"Procesor Intel Core i5-12600KF, 3.7 GHz, 20 MB, BOX (BX8071512600KF) + Endorfy Fortis 5 (EY3A008)",978 zł,https://images.morele.net/i256/9078169_0_i256.jpg,3.7 GHz,10 rdzeni,Socket 1700,Tak
BX8071512600KF,Intel,Core i5-12600KF,57,109.0,40032,"Procesor Intel Core i5-12600KF, 3.7 GHz, 20 MB, BOX (BX8071512600KF) + ""Endorfy Fortis 5 ARGB (EY3A010)","931,88 zł",https://images.morele.net/i256/9078239_0_i256.jpg,3.7 GHz,10 rdzeni,Socket 1700,Tak
BX8071512600KF,Intel,Core i5-12600KF,57,109.0,40032,"Procesor Intel Core i5-12600KF, 3.7 GHz, 20 MB, OEM (CM8071504555228)","698,82 zł",https://images.morele.net/i256/9682844_0_i256.jpg,3.7 GHz,10 rdzeni,Socket 1700,Tak
BX8071512600KF,Intel,Core i5-12600KF,57,109.0,40032,"Procesor Intel Core i5-12600KF, 3.7 GHz, 20 MB, BOX (BX8071512600KF) + Endorfy Fortis 5 Dual Fan (EY3A009)","1 022,19 zł",https://images.morele.net/i256/9078235_0_i256.jpg,3.7 GHz,10 rdzeni,Socket 1700,Tak
BX8071512600KF,Intel,Core i5-12600KF,57,109.0,40032,"Procesor Intel Core i5-12600KF, 3.7 GHz, 20 MB, BOX (BX8071512600KF)",779 zł,https://images.morele.net/i256/9502212_1_i256.jpg,3.7 GHz,10 rdzeni,Socket 1700,Tak
BX8071512700F,Intel,Core i7-12700F,58,109.0,31910,"Procesor Intel Core i7-12700F, 2.1 GHz, 25 MB, OEM (CM8071504555020)","1 028,29 zł",https://images.morele.net/i256/9893332_0_i256.jpg,2.1 GHz,12 rdzeni,Socket 1700,Nie
BX8071512700F,Intel,Core i7-12700F,58,109.0,31910,"Procesor Intel Core i7-12700F, 2.1 GHz, 25 MB, BOX (BX8071512700F)",999 zł,https://images.morele.net/i256/9704858_1_i256.jpg,2.1 GHz,12 rdzeni,Socket 1700,Nie
BX8071512600K,Intel,Core i5-12600K,59,109.0,101563,"Procesor Intel Core i5-12600K, 3.7 GHz, 20 MB, OEM (CM8071504555227)","891,25 zł",https://images.morele.net/i256/9496734_0_i256.jpg,3.7 GHz,10 rdzeni,Socket 1700,Tak
BX8071512600K,Intel,Core i5-12600K,59,109.0,101563,"Procesor Intel Core i5-12600K, 3.7 GHz, 20 MB, BOX (BX8071512600K)",799 zł,https://images.morele.net/i256/5949746_0_i256.jpg,3.7 GHz,10 rdzeni,Socket 1700,Tak
100-100000592BOX,AMD,Ryzen 7 7700,60,109.0,2291,"Procesor AMD Ryzen 7 7700, 3.8 GHz, 32 MB, MPK (100-100000592MPK)","1 824,90 zł",https://images.morele.net/i256/13129745_0_i256.jpg,3.8 GHz,8 rdzeni,Socket AM5,Tak
100-100000592BOX,AMD,Ryzen 7 7700,60,109.0,2291,"Procesor AMD Ryzen 7 7700, 3.8 GHz, 32 MB, BOX (100-100000592BOX)",1 089 zł,https://images.morele.net/i256/12491802_0_i256.jpg,3.8 GHz,8 rdzeni,Socket AM5,Tak
100-100000592BOX,AMD,Ryzen 7 7700,60,109.0,2291,"Procesor AMD Ryzen 7 7700, 3.8 GHz, 32 MB, OEM (100-000000592)","841,76 zł",https://images.morele.net/i256/12984669_1_i256.jpg,3.8 GHz,8 rdzeni,Socket AM5,Tak
100-100000590BOX,AMD,Ryzen 9 7900,61,109.0,939,"Procesor AMD Ryzen 9 7900, 3.7 GHz, 64 MB, MPK (100-100000590MPK)","2 258,98 zł",https://images.morele.net/i256/13113443_0_i256.jpg,3.7 GHz,12 rdzeni,Socket AM5,Tak
100-100000590BOX,AMD,Ryzen 9 7900,61,109.0,939,"Procesor AMD Ryzen 9 7900, 3.7 GHz, 64 MB, BOX (100-100000590BOX)","1 375,87 zł",https://images.morele.net/i256/12491801_0_i256.jpg,3.7 GHz,12 rdzeni,Socket AM5,Tak
100-100000590BOX,AMD,Ryzen 9 7900,61,109.0,939,"Procesor AMD Ryzen 9 7900, 3.7 GHz, 64 MB, OEM (100-000000590)","2 382,17 zł",https://images.morele.net/i256/13113444_1_i256.jpg,3.7 GHz,12 rdzeni,Socket AM5,Tak
BX8071512700,Intel,Core i7-12700,62,108.0,25535,"Procesor Intel Core i7-12700, 2.1 GHz, 25 MB, OEM (CM8071504555019)","1 134,24 zł",https://images.morele.net/i256/9658382_0_i256.jpg,2.1 GHz,12 rdzeni,Socket 1700,Nie
BX8071512700,Intel,Core i7-12700,62,108.0,25535,"Procesor Intel Core i7-12700, 2.1 GHz, 25 MB, BOX (BX8071512700)",1 180 zł,https://images.morele.net/i256/9643934_3_i256.jpg,2.1 GHz,12 rdzeni,Socket 1700,Nie
,,Core i7-13700HX,63,108.0,4526,,,,,,,
,,Core i9-13900H,64,107.0,4699,,,,,,,
BX8071514400F,Intel,Core i5-14400F,65,107.0,1254,"Procesor Intel Core i5-14400F, 2.5 GHz, 20 MB, OEM (CM8071505093011)","619,62 zł",https://images.morele.net/i256/13191020_1_i256.jpg,2.5 GHz,10 rdzeni,Socket 1700,Nie
BX8071514400F,Intel,Core i5-14400F,65,107.0,1254,"Procesor Intel Core i5-14400F, 2.5 GHz, 20 MB, OEM (CM8071504821113)","636,11 zł",https://images.morele.net/i256/13172923_1_i256.jpg,2.5 GHz,10 rdzeni,Socket 1700,Nie
BX8071514400F,Intel,Core i5-14400F,65,107.0,1254,"Procesor Intel Core i5-14400F, 2.5 GHz, 20 MB, BOX (BX8071514400F)",569 zł,https://images.morele.net/i256/13155885_0_i256.jpg,2.5 GHz,10 rdzeni,Socket 1700,Nie
BX8071514400,Intel,Core i5-14400,66,107.0,129,"Procesor Intel Core i5-14400, 2.5 GHz, 20 MB, OEM (CM8071505093012)","750,99 zł",https://images.morele.net/i256/13191038_1_i256.jpg,2.5 GHz,10 rdzeni,Socket 1700,Nie
BX8071514400,Intel,Core i5-14400,66,107.0,129,"Procesor Intel Core i5-14400, 2.5 GHz, 20 MB, OEM (CM8071504821112)","777,09 zł",https://images.morele.net/i256/13172933_0_i256.jpg,2.5 GHz,10 rdzeni,Socket 1700,Nie
BX8071514400,Intel,Core i5-14400,66,107.0,129,"Procesor Intel Core i5-14400, 2.5 GHz, 20 MB, BOX (BX8071514400)",719 zł,https://images.morele.net/i256/13155881_0_i256.jpg,2.5 GHz,10 rdzeni,Socket 1700,Nie
,,Core i9-12950HX,67,107.0,515,,,,,,,
100-000001721,AMD,Ryzen 5 7600X3D,68,106.0,324,"Procesor AMD Ryzen 5 7600X3D, 4.1 GHz, 96 MB, OEM (100-100001721)","1 462,49 zł",https://images.morele.net/i256/14461469_1_i256.jpg,4.1 GHz,6 rdzeni,Socket AM5,Nie
100-000001721,AMD,Ryzen 5 7600X3D,68,106.0,324,"Procesor AMD Ryzen 5 7600X3D, 4.1 GHz, 96 MB, BOX (100-100001721WOF)","1 684,99 zł",https://images.morele.net/i256/14627687_1_i256.jpg,4.1 GHz,6 rdzeni,Socket AM5,Nie
,,Core Ultra 9 288V,69,106.0,23,,,,,,,
BX8071513400F,Intel,Core i5-13400F,70,106.0,9951,"Procesor Intel Core i5-13400F, 2.5 GHz, 20 MB, BOX + Endorfy Fera 5 Dual Fan",728 zł,https://images.morele.net/i256/9078610_0_i256.jpg,2.5 GHz,10 rdzeni,Socket 1700,Nie
BX8071513400F,Intel,Core i5-13400F,70,106.0,9951,"Procesor Intel Core i5-13400F, 2.5 GHz, 20 MB, BOX + Endorfy Fera 5","633,12 zł",https://images.morele.net/i256/9078605_0_i256.jpg,2.5 GHz,10 rdzeni,Socket 1700,Nie
BX8071513400F,Intel,Core i5-13400F,70,106.0,9951,"Procesor Intel Core i5-13400F, 2.5 GHz, 20 MB, OEM (CM8071504821107)","564,39 zł",https://images.morele.net/i256/13112500_0_i256.jpg,2.5 GHz,10 rdzeni,Socket 1700,Nie
BX8071513400F,Intel,Core i5-13400F,70,106.0,9951,"Procesor Intel Core i5-13400F, 2.5 GHz, 20 MB, OEM (CM8071505093005)","584,73 zł",https://images.morele.net/i256/13112504_0_i256.jpg,2.5 GHz,10 rdzeni,Socket 1700,Nie
BX8071513400F,Intel,Core i5-13400F,70,106.0,9951,"Procesor Intel Core i5-13400F, 2.5 GHz, 20 MB, BOX + Endorfy Fera 5 ARGB",738 zł,https://images.morele.net/i256/9831228_0_i256.jpg,2.5 GHz,10 rdzeni,Socket 1700,Nie
BX8071513400F,Intel,Core i5-13400F,70,106.0,9951,"Procesor Intel Core i5-13400F, 2.5 GHz, 20 MB, BOX (BX8071513400F)",569 zł,https://images.morele.net/i256/12486214_0_i256.jpg,2.5 GHz,10 rdzeni,Socket 1700,Nie
,,Core i7-14650HX,71,106.0,705,,,,,,,
,,Core i7-13800H,72,106.0,298,,,,,,,
100-000001015BOX,AMD,Ryzen 5 7600,73,106.0,5938,"Procesor AMD Ryzen 5 7600, 3.8 GHz, 32 MB, MPK (100-100001015MPK)","889,43 zł",https://images.morele.net/i256/13136072_1_i256.jpg,3.8 GHz,6 rdzeni,Socket AM5,Tak
100-000001015BOX,AMD,Ryzen 5 7600,73,106.0,5938,"Procesor AMD Ryzen 5 7600, 3.8 GHz, 32 MB, OEM (100-000001015)","844,04 zł",https://images.morele.net/i256/13120350_1_i256.jpg,3.8 GHz,6 rdzeni,Socket AM5,Tak
100-000001015BOX,AMD,Ryzen 5 7600,73,106.0,5938,"Procesor AMD Ryzen 5 7600, 3.8 GHz, 32 MB, BOX (100-100001015BOX)",869 zł,https://images.morele.net/i256/12491803_0_i256.jpg,3.8 GHz,6 rdzeni,Socket AM5,Tak
BX8071513400,Intel,Core i5-13400,74,106.0,2742,"Procesor Intel Core i5-13400, 2.5 GHz, 20 MB, OEM (CM8071505093004)","651,08 zł",https://images.morele.net/i256/13112503_1_i256.jpg,2.5 GHz,10 rdzeni,Socket 1700,Nie
BX8071513400,Intel,Core i5-13400,74,106.0,2742,"Procesor Intel Core i5-13400, 2.5 GHz, 20 MB, BOX (BX8071513400)",688 zł,https://images.morele.net/i256/12486213_0_i256.jpg,2.5 GHz,10 rdzeni,Socket 1700,Nie
,,Core i9-12900HX,75,105.0,1278,,,,,,,
100-100000651WOF,,Ryzen 7 5800X3D,76,104.0,23248,,,,,,,
,,Core i7-13650HX,77,104.0,5188,,,,,,,
BX8070811900KF,,Core i9-11900KF,78,104.0,17778,,,,,,,
,,Core i7-13700H,79,104.0,4749,,,,,,,
BX8070811900K,,Core i9-11900K,80,103.0,44319,,,,,,,
100-000000597,AMD,Ryzen 5 7500F,81,103.0,5284,"Procesor AMD Ryzen 5 7500F, 3.7 GHz, 32 MB, MPK (100-100000597MPK)","753,99 zł",https://images.morele.net/i256/13113439_1_i256.jpg,3.7 GHz,6 rdzeni,Socket AM5,Tak
100-000000597,AMD,Ryzen 5 7500F,81,103.0,5284,"Procesor AMD Ryzen 5 7500F, 3.7 GHz, 32 MB, OEM (100-000000597)","661,67 zł",https://images.morele.net/i256/13113437_1_i256.jpg,3.7 GHz,6 rdzeni,Socket AM5,Tak
,,Core i7-13620H,82,103.0,7517,,,,,,,
,,Core Ultra 7 258V,83,102.0,187,,,,,,,
BX8071512600,Intel,Core i5-12600,84,102.0,4164,"Procesor Intel Core i5-12600, 3.3 GHz, 18 MB, BOX (BX8071512600)","1 198,50 zł",https://images.morele.net/i256/9643265_0_i256.jpg,3.3 GHz,6 rdzeni,Socket 1700,Nie
BX8070811700KF,,Core i7-11700KF,85,102.0,17565,,,,,,,
,,Core Ultra 7 256V,86,102.0,96,,,,,,,
,,Core i5-14500HX,87,102.0,93,,,,,,,
BX8070811700K,,Core i7-11700K,88,101.0,65651,,,,,,,
100-100000059WOF,AMD,Ryzen 9 5950X,89,100.0,33026,"Procesor AMD Ryzen 9 5950X, 3.4 GHz, 64 MB, OEM (100-000000059)","3 840,99 zł",https://images.morele.net/i256/7267021_0_i256.jpg,3.4 GHz,16 rdzeni,Socket AM4,Tak
100-100000059WOF,AMD,Ryzen 9 5950X,89,100.0,33026,"Procesor AMD Ryzen 9 5950X, 3.4 GHz, 64 MB, BOX (100-100000059WOF)","1 378,69 zł",https://images.morele.net/i256/7267020_0_i256.jpg,3.4 GHz,16 rdzeni,Socket AM4,Tak
100-100001176WOF,,Ryzen 5 5600X3D,90,100.0,1473,,,,,,,
BX8070811900F,,Core i9-11900F,91,100.0,3566,,,,,,,
,,Core i5-13500H,92,99.9,2399,,,,,,,
BX8070811900,,Core i9-11900,93,99.9,3353,,,,,,,
,,Core i9-12900HK,94,99.7,2176,,,,,,,
BX8070110900K,,Core i9-10900K,95,99.6,107269,,,,,,,
BX8070110900KF,,Core i9-10900KF,96,99.5,21040,,,,,,,
BX8070811600K,,Core i5-11600K,97,99.3,43966,,,,,,,
BX8071512500,Intel,Core i5-12500,98,99.2,3715,"Procesor Intel Core i5-12500, 3 GHz, 18 MB, OEM (CM8071504647605)","877,58 zł",https://images.morele.net/i256/9658397_0_i256.jpg,3 GHz,6 rdzeni,Socket 1700,Nie
BX8071512500,Intel,Core i5-12500,98,99.2,3715,"Procesor Intel Core i5-12500, 3 GHz, 18 MB, BOX (BX8071512500)",819 zł,https://images.morele.net/i256/9643267_1_i256.jpg,3 GHz,6 rdzeni,Socket 1700,Nie
BX8070811600KF,,Core i5-11600KF,99,99.1,9286,,,,,,,
,,Core i9-12900H,100,99.0,15403,,,,,,,
100-100000061WOF,AMD,Ryzen 9 5900X,101,99.0,37992,"Procesor AMD Ryzen 9 5900X, 3.7 GHz, 64 MB, OEM (100-000000061)","2 975,91 zł",https://images.morele.net/i256/7267023_0_i256.jpg,3.7 GHz,12 rdzeni,Socket AM4,Tak
100-100000061WOF,AMD,Ryzen 9 5900X,101,99.0,37992,"Procesor AMD Ryzen 9 5900X, 3.7 GHz, 64 MB, BOX (100-100000061WOF)","1 087,33 zł",https://images.morele.net/i256/7267022_0_i256.jpg,3.7 GHz,12 rdzeni,Socket AM4,Tak
BX8070110850K,,Core i9-10850K,102,98.9,84873,,,,,,,
BX80684I99900KS,,Core i9-9900KS,103,98.8,12840,,,,,,,
BX8071512400,Intel,Core i5-12400,104,98.2,17352,"Procesor Intel Core i5-12400, 2.5 GHz, 18 MB, BOX (BX8071512400)","599,99 zł",https://images.morele.net/i256/9643269_1_i256.jpg,2.5 GHz,6 rdzeni,Socket 1700,Nie
BX8071512400,Intel,Core i5-12400,104,98.2,17352,"Procesor Intel Core i5-12400, 2.5 GHz, 18 MB, OEM (CM8071504650608)","574,84 zł",https://images.morele.net/i256/9893331_0_i256.jpg,2.5 GHz,6 rdzeni,Socket 1700,Nie
BX8070811700F,,Core i7-11700F,105,98.2,37740,,,,,,,
BX8070811700,,Core i7-11700,106,98.1,20430,,,,,,,
BX8071512400F,Intel,Core i5-12400F,107,98.1,54052,"Procesor Intel Core i5-12400F, 2.5 GHz, 18 MB (BX8071512400F) + Endorfy Fera 5 Dual Fan (EY3A006)",628 zł,https://images.morele.net/i256/9077220_0_i256.jpg,2.5 GHz,6 rdzeni,Socket 1700,Nie
BX8071512400F,Intel,Core i5-12400F,107,98.1,54052,"Procesor Intel Core i5-12400F, 2.5 GHz, 18 MB (BX8071512400F) + Endorfy Fera 5 (EY3A005)",604 zł,https://images.morele.net/i256/9077219_0_i256.jpg,2.5 GHz,6 rdzeni,Socket 1700,Nie
BX8071512400F,Intel,Core i5-12400F,107,98.1,54052,"Procesor Intel Core i5-12400F, 2.5 GHz, 18 MB (BX8071512400F) + Endorfy Fera 5 Black (EY3A011)",618 zł,https://images.morele.net/i256/9077567_0_i256.jpg,2.5 GHz,6 rdzeni,Socket 1700,Nie
BX8071512400F,Intel,Core i5-12400F,107,98.1,54052,"Procesor Intel Core i5-12400F, 2.5 GHz, 18 MB, OEM (CM8071504650609)","448,83 zł",https://images.morele.net/i256/9914280_0_i256.jpg,2.5 GHz,6 rdzeni,Socket 1700,Nie
BX8071512400F,Intel,Core i5-12400F,107,98.1,54052,"Procesor Intel Core i5-12400F, 2.5 GHz, 18 MB, BOX (BX8071512400F)",469 zł,https://images.morele.net/i256/9643517_4_i256.jpg,2.5 GHz,6 rdzeni,Socket 1700,Nie
,,Core i7-12800H,108,98.0,2192,,,,,,,
BX80684I99900K,,Core i9-9900K,109,97.9,354223,,,,,,,
100-100000063WOF,AMD,Ryzen 7 5800X,110,97.9,89263,"Procesor AMD Ryzen 7 5800X, 3.8 GHz, 32 MB, OEM (100-000000063)","2 068,98 zł",https://images.morele.net/i256/7267025_0_i256.jpg,3.8 GHz,8 rdzeni,Socket AM4,Tak
100-100000063WOF,AMD,Ryzen 7 5800X,110,97.9,89263,"Procesor AMD Ryzen 7 5800X, 3.8 GHz, 32 MB, BOX (100-100000063WOF)",672 zł,https://images.morele.net/i256/7267024_0_i256.jpg,3.8 GHz,8 rdzeni,Socket AM4,Tak
100-100001590BOX,AMD,Ryzen 7 8700F,111,97.8,103,"Procesor AMD Ryzen 7 8700F, 4.1 GHz, 16 MB, OEM (100-000001590)","694,25 zł",https://images.morele.net/i256/13232613_0_i256.jpg,4.1 GHz,8 rdzeni,Socket AM5,Tak
100-100001590BOX,AMD,Ryzen 7 8700F,111,97.8,103,"Procesor AMD Ryzen 7 8700F, 4.1 GHz, 16 MB, BOX (100-100001590BOX)","989,85 zł",https://images.morele.net/i256/13229821_1_i256.jpg,4.1 GHz,8 rdzeni,Socket AM5,Tak
BX80684I99900KF,,Core i9-9900KF,112,97.8,50265,,,,,,,
,,Ryzen 9 5900,113,97.2,1297,,,,,,,
BX8071514100F,Intel,Core i3-14100F,114,97.2,488,"Procesor Intel Core i3-14100F, 3.5 GHz, 12 MB, BOX (BX8071514100F)","361,10 zł",https://images.morele.net/i256/13155886_0_i256.jpg,3.5 GHz,4 rdzenie,Socket 1700,Nie
BX8071514100F,Intel,Core i3-14100F,114,97.2,488,"Procesor Intel Core i3-14100F, 3.5 GHz, 12 MB, OEM (CM8071505092207)","383,94 zł",https://images.morele.net/i256/13172902_0_i256.jpg,3.5 GHz,4 rdzenie,Socket 1700,Nie
BX80684I79700KF,,Core i7-9700KF,115,97.1,32736,,,,,,,
BX8071514100,Intel,Core i3-14100,116,97.1,170,"Procesor Intel Core i3-14100, 3.5 GHz, 12 MB, OEM (CM8071505092206)","519,91 zł",https://images.morele.net/i256/13172932_0_i256.jpg,3.5 GHz,4 rdzenie,Socket 1700,Nie
,,Core i7-12700H,117,97.0,52857,,,,,,,
100-100001503WOF,AMD,Ryzen 7 5700X3D,118,97.0,2015,"Procesor AMD Ryzen 7 5700X3D, 3 GHz, 96 MB, BOX (100-100001503WOF)",1 049 zł,https://images.morele.net/i256/13170053_0_i256.jpg,3 GHz,8 rdzeni,Socket AM4,Tak
BX8070811600,Intel,Core i5-11600,119,97.0,2296,"Procesor Intel Core i5-11600, 2.8 GHz, 12 MB, OEM (CM8070804491513)","651,17 zł",https://images.morele.net/i256/8349707_0_i256.jpg,2.8 GHz,6 rdzeni,Socket 1200 (Rocket Lake),Nie
BX80684I79700K,,Core i7-9700K,120,96.9,550833,,,,,,,
BX8070110700K,,Core i7-10700K,121,96.5,198859,,,,,,,
BX8070110700KF,,Core i7-10700KF,122,96.3,37394,,,,,,,
,,Core Ultra 5 226V,123,96.3,31,,,,,,,
,,Core i5-12600H,124,96.2,83,,,,,,,
,,Core i7-12650HX,125,96.2,17,,,,,,,
,,Core i7-12650H,126,96.2,16339,,,,,,,
100-100000926WOF,AMD,Ryzen 7 5700X,127,96.1,21248,"Procesor AMD Ryzen 7 5700X, 3.4 GHz, 32 MB, MPK (100-100000926SPK)","1 313,12 zł",https://images.morele.net/i256/14689613_0_i256.jpg,3.4 GHz,8 rdzeni,Socket AM4,Tak
100-100000926WOF,AMD,Ryzen 7 5700X,127,96.1,21248,"Procesor AMD Ryzen 7 5700X, 3.4 GHz, 32 MB, OEM (100-100000926SPK)","1 600,66 zł",https://images.morele.net/i256/13189445_0_i256.jpg,3.4 GHz,8 rdzeni,Socket AM4,Tak
100-100000926WOF,AMD,Ryzen 7 5700X,127,96.1,21248,"Procesor AMD Ryzen 7 5700X, 3.4 GHz, 32 MB, OEM (100-000000926)","518,79 zł",https://images.morele.net/i256/10120246_0_i256.jpg,3.4 GHz,8 rdzeni,Socket AM4,Tak
100-100000926WOF,AMD,Ryzen 7 5700X,127,96.1,21248,"Procesor AMD Ryzen 7 5700X, 3.4 GHz, 32 MB, BOX (100-100000926WOF)","645,04 zł",https://images.morele.net/i256/10120245_0_i256.jpg,3.4 GHz,8 rdzeni,Socket AM4,Tak
BX8071513100F,Intel,Core i3-13100F,128,96.0,1933,"Procesor Intel Core i3-13100F, 3.4 GHz, 12 MB, OEM (CM8071505092203)","324,99 zł",https://images.morele.net/i256/13112498_0_i256.jpg,3.4 GHz,4 rdzenie,Socket 1700,Nie
BX8071513100F,Intel,Core i3-13100F,128,96.0,1933,"Procesor Intel Core i3-13100F, 3.4 GHz, 12 MB, BOX (BX8071513100F)",339 zł,https://images.morele.net/i256/12462057_1_i256.jpg,3.4 GHz,4 rdzenie,Socket 1700,Nie
BX8071513100,Intel,Core i3-13100,129,96.0,304,"Procesor Intel Core i3-13100, 3.4 GHz, 12 MB, OEM (CM8071505092202)","489,85 zł",https://images.morele.net/i256/13112518_1_i256.jpg,3.4 GHz,4 rdzenie,Socket 1700,Nie
BX8071513100,Intel,Core i3-13100,129,96.0,304,"Procesor Intel Core i3-13100, 3.4 GHz, 12 MB, BOX (BX8071513100)",529 zł,https://images.morele.net/i256/12462056_1_i256.jpg,3.4 GHz,4 rdzenie,Socket 1700,Nie
100-100000065BOX,AMD,Ryzen 5 5600X,130,95.9,383420,"Procesor AMD Ryzen 5 5600X, 3.7 GHz, 32 MB, MPK (100-100000065MPK)","1 490,49 zł",https://images.morele.net/i256/5947227_0_i256.jpg,3.7 GHz,6 rdzeni,Socket AM4,Tak
100-100000065BOX,AMD,Ryzen 5 5600X,130,95.9,383420,"Procesor AMD Ryzen 5 5600X, 3.7 GHz, 32 MB, OEM (100-000000065)",439 zł,https://images.morele.net/i256/7267027_0_i256.jpg,3.7 GHz,6 rdzeni,Socket AM4,Tak
100-100000065BOX,AMD,Ryzen 5 5600X,130,95.9,383420,"Procesor AMD Ryzen 5 5600X, 3.7 GHz, 32 MB, BOX (100-100000065BOX)","538,28 zł",https://images.morele.net/i256/7267026_0_i256.jpg,3.7 GHz,6 rdzeni,Socket AM4,Tak
BX8070811500,,Core i5-11500,131,95.9,5693,,,,,,,
,,Ryzen 7 5800,132,95.9,1982,,,,,,,
BX8071512300,,Core i3-12300,133,95.5,25,,,,,,,
BX8070110900F,,Core i9-10900F,134,95.4,8499,,,,,,,
,,Core i5-13420H,135,95.1,4686,,,,,,,
,,Core Ultra 9 185H,136,95.0,1832,,,,,,,
100-100001236BOX,AMD,Ryzen 7 8700G,137,95.0,103,"Procesor AMD Ryzen 7 8700G, 4.2 GHz, 16 MB, MPK (100-100001236MPK)","1 578,18 zł",https://images.morele.net/i256/13170055_0_i256.jpg,4.2 GHz,8 rdzeni,Socket AM5,Tak
100-100001236BOX,AMD,Ryzen 7 8700G,137,95.0,103,"Procesor AMD Ryzen 7 8700G, 4.2 GHz, 16 MB, BOX (100-100001236BOX)","1 153,46 zł",https://images.morele.net/i256/13170054_0_i256.jpg,4.2 GHz,8 rdzeni,Socket AM5,Tak
,,Core i5-12500H,138,94.2,18053,,,,,,,
BX8070811400,Intel,Core i5-11400,139,94.2,24459,"Procesor Intel Core i5-11400, 2.6 GHz, 12 MB, Bulk (CM8070804497015)","596,53 zł",https://images.morele.net/i256/10059324_0_i256.jpg,2.6 GHz,6 rdzeni,Socket 1200 (Rocket Lake),Nie
BX8070811400,Intel,Core i5-11400,139,94.2,24459,"Procesor Intel Core i5-11400, 2.6 GHz, 12 MB, OEM (CM8070804497015)","591,67 zł",https://images.morele.net/i256/9240421_0_i256.jpg,2.6 GHz,6 rdzeni,Socket 1200 (Rocket Lake),Nie
BX8070811400,Intel,Core i5-11400,139,94.2,24459,"Procesor Intel Core i5-11400, 2.6 GHz, 12 MB, BOX (BX8070811400)","863,77 zł",https://images.morele.net/i256/7732026_0_i256.jpg,2.6 GHz,6 rdzeni,Socket 1200 (Rocket Lake),Nie
BX8071512100,Intel,Core i3-12100,140,94.2,4192,"Procesor Intel Core i3-12100, 3.3 GHz, 12 MB, OEM (CM8071504651012)","487,67 zł",https://images.morele.net/i256/9993416_0_i256.jpg,3.3 GHz,4 rdzenie,Socket 1700,Nie
BX8071512100,Intel,Core i3-12100,140,94.2,4192,"Procesor Intel Core i3-12100, 3.3 GHz, 12 MB, BOX (BX8071512100)",469 zł,https://images.morele.net/i256/9643521_0_i256.jpg,3.3 GHz,4 rdzenie,Socket 1700,Nie
BX8071512100F,Intel,Core i3-12100F,141,94.1,11860,"Procesor Intel Core i3-12100F, 3.3 GHz, 12 MB, OEM (CM8071504651013)","299,98 zł",https://images.morele.net/i256/9658409_0_i256.jpg,3.3 GHz,4 rdzenie,Socket 1700,Nie
BX8071512100F,Intel,Core i3-12100F,141,94.1,11860,"Procesor Intel Core i3-12100F, 3.3 GHz, 12 MB, BOX (BX8071512100F)",329 zł,https://images.morele.net/i256/9643936_1_i256.jpg,3.3 GHz,4 rdzenie,Socket 1700,Nie
,,Core i9-10900,142,94.0,11130,,,,,,,
BX8070811400F,Intel,Core i5-11400F,143,94.0,84259,"Procesor Intel Core i5-11400F, 2.6 GHz, 12 MB, OEM (CM8070804497016)","422,42 zł",https://images.morele.net/i256/9497192_1_i256.jpg,2.6 GHz,6 rdzeni,Socket 1200 (Rocket Lake),Nie
,,Core i7-1370P,144,93.9,296,,,,,,,
100-100000927BOX,AMD,Ryzen 5 5600,145,93.3,7429,"Procesor AMD Ryzen 5 5600, 3.5 GHz, 32 MB, MPK (100-100000927MPK)","475,09 zł",https://images.morele.net/i256/12805279_0_i256.jpg,3.5 GHz,6 rdzeni,Socket AM4,Tak
100-100000927BOX,AMD,Ryzen 5 5600,145,93.3,7429,"Procesor AMD Ryzen 5 5600, 3.5 GHz, 32 MB, BOX (100-100000927BOX)","436,89 zł",https://images.morele.net/i256/10120243_0_i256.jpg,3.5 GHz,6 rdzeni,Socket AM4,Tak
100-100000927BOX,AMD,Ryzen 5 5600,145,93.3,7429,"Procesor AMD Ryzen 5 5600, 3.5 GHz, 32 MB, OEM (100-000000927)","370,48 zł",https://images.morele.net/i256/10120244_1_i256.jpg,3.5 GHz,6 rdzeni,Socket AM4,Tak
BX80684I59600K,,Core i5-9600K,146,93.2,321194,,,,,,,
BX8070110700F,,Core i7-10700F,147,93.2,44448,,,,,,,
BX80684I59600KF,,Core i5-9600KF,148,93.2,65122,,,,,,,
,,Core i9-11980HK,149,93.0,1579,,,,,,,
100-100001591BOX,AMD,Ryzen 5 8400F,150,92.9,102,"Procesor AMD Ryzen 5 8400F, 4.2 GHz, 16 MB, BOX (100-100001591BOX)","568,84 zł",https://images.morele.net/i256/13232700_0_i256.jpg,4.2 GHz,6 rdzeni,Socket AM5,Tak
100-100001591BOX,AMD,Ryzen 5 8400F,150,92.9,102,"Procesor AMD Ryzen 5 8400F, 4.2 GHz, 16 MB, OEM (100-000001591)","438,78 zł",https://images.morele.net/i256/13467338_0_i256.jpg,4.2 GHz,6 rdzeni,Socket AM5,Tak
BX8070110700,,Core i7-10700,151,92.6,71010,,,,,,,
BX80684I59600,,Core i5-9600,152,92.3,931,,,,,,,
BX8070110600K,Intel,Core i5-10600K,153,92.2,70951,"Procesor Intel Core i5-10600K, 4.1 GHz, 12 MB, OEM (CM8070104282134)","1 145,31 zł",https://images.morele.net/i256/6747483_0_i256.jpg,4.1 GHz,6 rdzeni,Socket 1200,Tak
BX8070110600K,Intel,Core i5-10600K,153,92.2,70951,"Procesor Intel Core i5-10600K, 4.1 GHz, 12 MB, BOX (BX8070110600K)","1 245,99 zł",https://images.morele.net/i256/6731004_1_i256.jpg,4.1 GHz,6 rdzeni,Socket 1200,Tak
,,Core i7-1360P,154,92.2,1172,,,,,,,
100-100001237BOX,AMD,Ryzen 5 8600G,155,92.2,161,"Procesor AMD Ryzen 5 8600G, 4.3 GHz, 16 MB, BOX (100-100001237BOX)","760,03 zł",https://images.morele.net/i256/13170049_0_i256.jpg,4.3 GHz,6 rdzeni,Socket AM5,Tak
BX80684I79700,Intel,Core i7-9700,156,92.0,79875,"Procesor Intel Core i7-9700, 3 GHz, 12 MB, OEM (CM8068403874521)","1 412,90 zł",https://images.morele.net/i256/6051315_2_i256.jpg,3 GHz,8 rdzeni,Socket 1151 (Coffee Lake),Nie
,,Ryzen 9 HX 370,157,92.0,199,,,,,,,
BX80684I79700F,,Core i7-9700F,158,92.0,54980,,,,,,,
,,Core i9-11950H,159,92.0,1090,,,,,,,
BX8070110600KF,Intel,Core i5-10600KF,160,91.9,24257,"Procesor Intel Core i5-10600KF, 4.1 GHz, 12 MB, BOX (BX8070110600KF)","514,60 zł",https://images.morele.net/i256/6731003_1_i256.jpg,4.1 GHz,6 rdzeni,Socket 1200,Tak
BX80684I99900,,Core i9-9900,161,91.4,11853,,,,,,,
BX80684I78086K,,Core i7-8086K,162,90.8,38086,,,,,,,
,,Core Ultra 7 165H,163,90.8,167,,,,,,,
BX80684I58600K,,Core i5-8600K,164,90.7,264837,,,,,,,
BX8070110600,,Core i5-10600,165,90.2,7605,,,,,,,
,,Ryzen 9 7945HX,166,90.1,233,,,,,,,
,,Core i5-12450H,167,90.0,18684,,,,,,,
,,Core i9-11900H,168,90.0,5890,,,,,,,
,,Core i3-10320,169,89.6,620,,,,,,,
100-100000051WOF,,Ryzen 9 3950X,170,89.3,50170,,,,,,,
BX80684I39350KF,,Core i3-9350KF,171,89.3,1442,,,,,,,
,,Core Ultra 7 155H,172,89.1,3014,,,,,,,
100-100000931BOX,AMD,Ryzen 5 8500G,173,89.0,165,"Procesor AMD Ryzen 5 8500G, 3.5 GHz, 16 MB, OEM (100-000000931)","1 107,70 zł",https://images.morele.net/i256/13189446_0_i256.jpg,3.5 GHz,6 rdzeni,Socket AM5,Tak
100-100000931BOX,AMD,Ryzen 5 8500G,173,89.0,165,"Procesor AMD Ryzen 5 8500G, 3.5 GHz, 16 MB, BOX (100-100000931BOX)",629 zł,https://images.morele.net/i256/13170046_0_i256.jpg,3.5 GHz,6 rdzeni,Socket AM5,Tak
,,Core i5-1350P,174,89.0,97,,,,,,,
,,Core i7-11850H,175,88.9,3563,,,,,,,
100-100000277WOF,,Ryzen 9 3900XT,176,88.7,16922,,,,,,,
BX80684I78700K,,Core i7-8700K,177,88.4,746287,,,,,,,
,,Ryzen 9 7845HX,178,88.2,216,,,,,,,
BX80684I58600,,Core i5-8600,179,88.2,18241,,,,,,,
,,Core i7-11800H,180,88.2,79827,,,,,,,
,,Core i5-1340P,181,88.1,667,,,,,,,
100-100000279WOF,,Ryzen 7 3800XT,182,88.1,13898,,,,,,,
100-100000263BOX,AMD,Ryzen 7 5700G,183,88.0,5719,"Procesor AMD Ryzen 7 5700G, 3.8 GHz, 16 MB, MPK (100-100000263MPK)","1 746,69 zł",https://images.morele.net/i256/8536077_0_i256.jpg,3.8 GHz,8 rdzeni,Socket AM4,Tak
100-100000263BOX,AMD,Ryzen 7 5700G,183,88.0,5719,"Procesor AMD Ryzen 7 5700G, 3.8 GHz, 16 MB, OEM (100-000000263)","613,31 zł",https://images.morele.net/i256/8536078_2_i256.jpg,3.8 GHz,8 rdzeni,Socket AM4,Tak
100-100000263BOX,AMD,Ryzen 7 5700G,183,88.0,5719,"Procesor AMD Ryzen 7 5700G, 3.8 GHz, 16 MB, BOX (100-100000263BOX)",649 zł,https://images.morele.net/i256/8536076_0_i256.jpg,3.8 GHz,8 rdzeni,Socket AM4,Tak
100-100000023BOX,,Ryzen 9 3900X,184,87.9,197342,,,,,,,
BX8070110300,,Core i3-10300,185,87.4,391,,,,,,,
100-100000010WOF,,Ryzen TR 3960X,186,87.2,6609,,,,,,,
BX8069510920X,Intel,Core i9-10920X,187,87.2,3007,"Procesor Intel Core i9-10920X, 3.5 GHz, 19.25 MB, OEM (CD8069504382000)","3 449,90 zł",https://images.morele.net/i256/6551006_1_i256.jpg,3.5 GHz,12 rdzeni,Socket 2066,Tak
BX8069510920X,Intel,Core i9-10920X,187,87.2,3007,"Procesor Intel Core i9-10920X, 3.5 GHz, 19.25 MB, BOX (BX8069510920X)","3 612,74 zł",https://images.morele.net/i256/6593035_0_i256.jpg,3.5 GHz,12 rdzeni,Socket 2066,Tak
,,Core i7-1280P,188,87.2,887,,,,,,,
100-100001488BOX,AMD,Ryzen 5 5600GT,189,87.1,146,"Procesor AMD Ryzen 5 5600GT, 3.6 GHz, 16 MB, BOX (100-100001488BOX)","533,08 zł",https://images.morele.net/i256/13170044_0_i256.jpg,3.6 GHz,6 rdzeni,Socket AM4,Tak
100-100000025BOX,,Ryzen 7 3800X,190,87.0,141122,,,,,,,
BX80677I77740X,,Core i7-7740X,191,87.0,5094,,,,,,,
BX80684I78700,,Core i7-8700,192,87.0,349567,,,,,,,
BX80684I59500,,Core i5-9500,193,87.0,9059,,,,,,,
,,Core Ultra 5 125H,194,86.9,492,,,,,,,
BX80671I76950X,,Core i7-6950X,195,86.8,6135,,,,,,,
BX80684I59400,,Core i5-9400,196,86.5,22187,,,,,,,
BX80673I99920X,,Core i9-9920X,197,86.4,1009,,,,,,,
,,Ryzen 9 7940HS,198,86.1,930,,,,,,,
100-100000011WOF,,Ryzen TR 3970X,199,86.1,5130,,,,,,,
100-100000457BOX,AMD,Ryzen 5 5500,200,85.9,7024,"Procesor AMD Ryzen 5 5500, 3.6 GHz, 16 MB, MPK (100-100000457MPK)","307,87 zł",https://images.morele.net/i256/10120241_2_i256.jpg,3.6 GHz,6 rdzeni,Socket AM4,Tak
100-100000457BOX,AMD,Ryzen 5 5500,200,85.9,7024,"Procesor AMD Ryzen 5 5500, 3.6 GHz, 16 MB, OEM (100-000000457)","284,36 zł",https://images.morele.net/i256/10120242_1_i256.jpg,3.6 GHz,6 rdzeni,Socket AM4,Nie
100-100000457BOX,AMD,Ryzen 5 5500,200,85.9,7024,"Procesor AMD Ryzen 5 5500, 3.6 GHz, 16 MB, BOX (100-100000457BOX)",327 zł,https://images.morele.net/i256/10120240_0_i256.jpg,3.6 GHz,6 rdzeni,Socket AM4,Tak
100-100000071BOX,AMD,Ryzen 7 3700X,201,85.9,635419,"Procesor AMD Ryzen 7 3700X, 3.6 GHz, 32 MB, OEM (100-000000071)","614,90 zł",https://images.morele.net/i256/8226637_0_i256.jpg,3.6 GHz,8 rdzeni,Socket AM4,Tak
100-100000071BOX,AMD,Ryzen 7 3700X,201,85.9,635419,"Procesor AMD Ryzen 7 3700X, 3.6 GHz, 32 MB, BOX (100-100000071BOX)",,https://images.morele.net/i256/5938597_0_i256.jpg,3.6 GHz,8 rdzeni,Socket AM4,Tak
100-100000252BOX,AMD,Ryzen 5 5600G,202,85.9,26607,"Procesor AMD Ryzen 5 5600G, 3.9 GHz, 16 MB, MPK (100-100000252MPK)","1 396,98 zł",https://images.morele.net/i256/8536080_2_i256.jpg,3.9 GHz,6 rdzeni,Socket AM4,Tak
100-100000252BOX,AMD,Ryzen 5 5600G,202,85.9,26607,"Procesor AMD Ryzen 5 5600G, 3.9 GHz, 16 MB, OEM (100-000000252)","518,74 zł",https://images.morele.net/i256/8536081_2_i256.jpg,3.9 GHz,6 rdzeni,Socket AM4,Tak
100-100000252BOX,AMD,Ryzen 5 5600G,202,85.9,26607,"Procesor AMD Ryzen 5 5600G, 3.9 GHz, 16 MB, BOX (100-100000252BOX)","611,01 zł",https://images.morele.net/i256/8536079_0_i256.jpg,3.9 GHz,6 rdzeni,Socket AM4,Tak
BX80671I76900K,,Core i7-6900K,203,85.9,6755,,,,,,,
100-000000163,,Ryzen TR 3990X,204,85.8,1222,,,,,,,
BX8069510940X,Intel,Core i9-10940X,205,85.7,1827,"Procesor Intel Core i9-10940X, 3.3 GHz, 19.25 MB, BOX (BX8069510940X)","4 000,38 zł",https://images.morele.net/i256/6686135_0_i256.jpg,3.3 GHz,14 rdzeni,Socket 2066,Tak
,,Core i9-10900T,206,85.5,163,,,,,,,
BX80673I99940X,,Core i9-9940X,207,85.4,1846,,,,,,,
BX8070110400F,Intel,Core i5-10400F,208,85.2,153026,"Procesor Intel Core i5-10400F, 2.9 GHz, 12 MB, OEM (CM8070104290716)","392,94 zł",https://images.morele.net/i256/6747481_0_i256.jpg,2.9 GHz,6 rdzeni,Socket 1200,Nie
BX8070110400F,Intel,Core i5-10400F,208,85.2,153026,"Procesor Intel Core i5-10400F, 2.9 GHz, 12 MB, BOX (BX8070110400F)",429 zł,https://images.morele.net/i256/6731007_2_i256.jpg,2.9 GHz,6 rdzeni,Socket 1200,Nie
,,Core i7-10700T,209,85.2,1608,,,,,,,
,,Core i7-1260P,210,85.1,4690,,,,,,,
BX8069510900X,Intel,Core i9-10900X,211,85.1,6322,"Procesor Intel Core i9-10900X, 3.7 GHz, 19.25 MB, OEM (CD8069504382100)","2 705,50 zł",https://images.morele.net/i256/6551008_0_i256.jpg,3.7 GHz,10 rdzeni,Socket 2066,Tak
BX8069510900X,Intel,Core i9-10900X,211,85.1,6322,"Procesor Intel Core i9-10900X, 3.7 GHz, 19.25 MB, BOX (BX8069510900X)","2 985,96 zł",https://images.morele.net/i256/6484472_0_i256.jpg,3.7 GHz,10 rdzeni,Socket 2066,Tak
BX80658i75775C,,Core i7-5775C,212,84.9,2527,,,,,,,
,,Ryzen 7 7745HX,213,84.9,109,,,,,,,
BX80673I99960X,,Core i9-9960X,214,84.9,850,,,,,,,
100-100000281BOX,,Ryzen 5 3600XT,215,84.8,30318,,,,,,,
BX80684I59400F,Intel,Core i5-9400F,216,84.8,299482,"Procesor Intel Core i5-9400F, 2.9 GHz, 9 MB, OEM (CM8068403358819)","522,01 zł",https://images.morele.net/i256/5955268_0_i256.jpg,2.9 GHz,6 rdzeni,Socket 1151 (Coffee Lake),Nie
,,Core i5-10600T,217,84.7,172,,,,,,,
BX8070110400,Intel,Core i5-10400,218,84.5,71804,"Procesor Intel Core i5-10400, 2.9 GHz, 12 MB, OEM (CM8070104290715)","514,28 zł",https://images.morele.net/i256/6747480_0_i256.jpg,2.9 GHz,6 rdzeni,Socket 1200,Nie
BX8070110400,Intel,Core i5-10400,218,84.5,71804,"Procesor Intel Core i5-10400, 2.9 GHz, 12 MB, BOX (BX8070110400)",589 zł,https://images.morele.net/i256/6731008_1_i256.jpeg,2.9 GHz,6 rdzeni,Socket 1200,Nie
,,Core i9-10980HK,219,84.4,7777,,,,,,,
BX80677I77700K,,Core i7-7700K,220,84.2,712312,,,,,,,
BX8070110500,Intel,Core i5-10500,221,84.2,10180,"Procesor Intel Core i5-10500, 3.1 GHz, 12 MB, BOX (BX8070110500)","1 629,70 zł",https://images.morele.net/i256/6731006_2_i256.jpeg,3.1 GHz,6 rdzeni,Socket 1200,Nie
BX8069510980XE,,Core i9-10980XE,222,84.2,4959,,,,,,,
BX80677I57640X,,Core i5-7640X,223,84.1,2123,,,,,,,
100-100000022BOX,,Ryzen 5 3600X,224,84.1,294959,,,,,,,
100-100001489BOX,AMD,Ryzen 5 5500GT,225,83.9,32,"Procesor AMD Ryzen 5 5500GT, 3.6 GHz, 16 MB, OEM (100-000001489)","673,99 zł",https://images.morele.net/i256/13189444_0_i256.jpg,3.6 GHz,6 rdzeni,Socket AM4,Tak
100-100001489BOX,AMD,Ryzen 5 5500GT,225,83.9,32,"Procesor AMD Ryzen 5 5500GT, 3.6 GHz, 16 MB, BOX (100-100001489BOX)","542,32 zł",https://images.morele.net/i256/13170041_0_i256.jpg,3.6 GHz,6 rdzeni,Socket AM4,Tak
BX80673I99900X,,Core i9-9900X,226,83.7,3521,,,,,,,
BX80671I76850K,,Core i7-6850K,227,83.6,29279,,,,,,,
BX80673I97940X,,Core i9-7940X,228,83.3,4560,,,,,,,
BX80673I97960X,,Core i9-7960X,229,83.2,2322,,,,,,,
100-100000031BOX,AMD,Ryzen 5 3600,230,83.1,1072639,"Procesor AMD Ryzen 5 3600, 3.6 GHz, 32 MB, BOX (100-100000031BOX)",269 zł,https://images.morele.net/i256/5938599_0_i256.jpg,3.6 GHz,6 rdzeni,Socket AM4,Tak
100-100000031BOX,AMD,Ryzen 5 3600,230,83.1,1072639,"Procesor AMD Ryzen 5 3600, 3.6 GHz, 32 MB, OEM (100-000000031)","276,13 zł",https://images.morele.net/i256/5945158_0_i256.jpg,3.6 GHz,6 rdzeni,Socket AM4,Tak
100-100000031BOX,AMD,Ryzen 5 3600,230,83.1,1072639,"Procesor AMD Ryzen 5 3600, 3.6 GHz, 32 MB, MPK (100-100000031MPK)","551,99 zł",https://images.morele.net/i256/5947306_0_i256.jpg,3.6 GHz,6 rdzeni,Socket AM4,Tak
100-100000031BOX,AMD,Ryzen 5 3600,230,83.1,1072639,"Procesor AMD Ryzen 5 3600, 3.6 GHz, 32 MB, BOX (100-100000031SBX)",269 zł,https://images.morele.net/i256/13261587_1_i256.jpg,3.6 GHz,6 rdzeni,Socket AM4,Tak
,,Core i5-1240P,231,83.0,3751,,,,,,,
BX80673I99980X,,Core i9-9980XE,232,83.0,2201,,,,,,,
,AMD,Ryzen 7 PRO 4750G,233,83.0,1521,"Procesor AMD Ryzen 7 Pro 4750G, 3.6 GHz, 8 MB, MPK (100-100000145MPK)","1 644,44 zł",https://images.morele.net/i256/9241021_0_i256.jpg,3.6 GHz,8 rdzeni,Socket AM4,Tak
BX80673I79800X,,Core i7-9800X,234,82.9,4003,,,,,,,
,,Ryzen 7 7840HS,235,82.9,1237,,,,,,,
CM8068403358708,,Core i5-8600T,236,82.2,375,,,,,,,
BX8070110105F,Intel,Core i3-10105F,237,82.2,14843,"Procesor Intel Core i3-10105F, 3.7 GHz, 6 MB, BOX (BX8070110105F)","317,83 zł",https://images.morele.net/i256/7732036_3_i256.jpg,3.7 GHz,4 rdzenie,Socket 1200,Nie
BX80684I58500,,Core i5-8500,238,82.1,43089,,,,,,,
,,Xeon E3-1270 v6,239,81.9,593,,,,,,,
BX80673I97900X,,Core i9-7900X,240,81.9,19432,,,,,,,
BX80673I99820X,,Core i9-9820X,241,81.9,2515,,,,,,,
,,Core i9-9980HK,242,81.8,8965,,,,,,,
BX80684I58400,,Core i5-8400,243,81.8,312220,,,,,,,
100-1000000158,AMD,Ryzen 5 3500X,244,81.7,33544,"Procesor AMD Ryzen 5 3500X, 3.6 GHz, 32 MB, OEM (100-000000158)",199 zł,https://images.morele.net/i256/8513070_0_i256.jpg,3.6 GHz,6 rdzeni,Socket AM4,Tak
100-1000000158,AMD,Ryzen 5 3500X,244,81.7,33544,"Procesor AMD Ryzen 5 3500X, 3.6 GHz, 32 MB, BOX (100-100000158BOX)","14 180,70 zł",https://images.morele.net/i256/5944068_0_i256.jpg,3.6 GHz,6 rdzeni,Socket AM4,Tak
BX80684I38350K,,Core i3-8350K,245,81.7,23493,,,,,,,
,,Xeon E3-1245 v6,246,81.6,562,,,,,,,
BX80673I97920X,,Core i9-7920X,247,81.6,5430,,,,,,,
BX80658i55675C,,Core i5-5675C,248,81.5,945,,,,,,,
,,Ryzen 7 4700G,249,81.3,607,,,,,,,
,,Core i9-10885H,250,81.2,6135,,,,,,,
,,Core i7-1365U,251,81.1,224,,,,,,,
YD295XA8UGAAF,,Ryzen TR 2950X,252,81.1,10169,,,,,,,
BX80671I76800K,,Core i7-6800K,253,80.9,50196,,,,,,,
100-1000000050,AMD,Ryzen 5 3500,254,80.9,16466,"Procesor AMD Ryzen 5 3500, 3.6 GHz, 16 MB, OEM (100-000000050)","164,05 zł",https://images.morele.net/i256/10484464_0_i256.jpg,3.6 GHz,6 rdzeni,Socket AM4,Tak
BX80662I76700K,,Core i7-6700K,255,80.8,588978,,,,,,,
YD292XA8AFWOF,,Ryzen TR 2920X,256,80.7,3902,,,,,,,
,,Core i7-5775R,257,80.5,158,,,,,,,
,,Core i7-8809G,258,80.5,3729,,,,,,,
BX80648I75960X,,Core i7-5960X,259,80.5,15468,,,,,,,
,,Ryzen 9 5980HX,260,80.4,673,,,,,,,
,,Core i7-5950HQ,261,80.4,172,,,,,,,
BX8070110100F,Intel,Core i3-10100F,262,80.4,39812,"Procesor Intel Core i3-10100F, 3.6 GHz, 6 MB, OEM (CM8070104291318)","237,94 zł",https://images.morele.net/i256/5945832_2_i256.jpg,3.6 GHz,4 rdzenie,Socket 1200,Nie
,,Core i5-10500H,263,80.3,12921,,,,,,,
,AMD,Ryzen 5 PRO 4650G,264,80.2,6798,"Procesor AMD Ryzen 5 Pro 4650G, 3.7 GHz, 8 MB, MPK (100-100000143MPK)","1 307,50 zł",https://images.morele.net/i256/8041949_1_i256.jpg,3.7 GHz,6 rdzeni,Socket AM4,Nie
BX80673I77820X,,Core i7-7820X,265,80.1,28524,,,,,,,
BX80673I97980X,,Core i9-7980XE,266,80.1,4653,,,,,,,
,,Core i5-11400H,267,80.1,35470,,,,,,,
BX80684I39100F,Intel,Core i3-9100F,268,80.1,34310,"Procesor Intel Core i3-9100F, 3.6 GHz, 6 MB, BOX (BX80684I39100F)",706 zł,https://images.morele.net/i256/5954267_0_i256.jpg,3.6 GHz,4 rdzenie,Socket 1151 (Coffee Lake),Nie
,,Ryzen 7 4800U,269,80.1,2275,,,,,,,
BX80684I38300,,Core i3-8300,270,79.9,2273,,,,,,,
BX8070110100,Intel,Core i3-10100,271,79.9,24563,"Procesor Intel Core i3-10100, 3.6 GHz, 6 MB, OEM (CM8070104291317)","581,83 zł",https://images.morele.net/i256/6755131_1_i256.jpg,3.6 GHz,4 rdzenie,Socket 1200,Nie
BX8070110100,Intel,Core i3-10100,271,79.9,24563,"Procesor Intel Core i3-10100, 3.6 GHz, 6 MB, BOX (BX8070110100)","423,78 zł",https://images.morele.net/i256/6731011_1_i256.jpg,3.6 GHz,4 rdzenie,Socket 1200,Nie
BX80648I75930K,,Core i7-5930K,272,79.8,34039,,,,,,,
,,Ryzen 9 6900HX,273,79.8,2259,,,,,,,
100-100000159BOX,,Ryzen 3 3300X,274,79.7,15293,,,,,,,
BX80684I39100,,Core i3-9100,275,79.7,7621,,,,,,,
,,Core i7-10850H,276,79.5,6246,,,,,,,
,,Xeon E3-1230 v6,277,79.4,474,,,,,,,
CM8068403358413,,Core i7-8700T,278,79.4,5592,,,,,,,
,,Core i5-10400H,279,79.2,625,,,,,,,
,,Core i7-10870H,280,79.1,23498,,,,,,,
YD297XAZAFWOF,,Ryzen TR 2970WX,281,79.0,1966,,,,,,,
,,Ryzen 7 7735HS,282,79.0,1204,,,,,,,
BX80646I74790K,,Core i7-4790K,283,78.9,455746,,,,,,,
CL8068404069006,,Core i9-9880H,284,78.9,11095,,,,,,,
YD299XAZAFWOF,,Ryzen TR 2990WX,285,78.9,3658,,,,,,,
,,Core i5-9400H,286,78.9,773,,,,,,,
,,Core i7-10875H,287,78.8,35361,,,,,,,
,,Core i3-10300T,288,78.6,25,,,,,,,
BX80633I74960X,,Core i7-4960X,289,78.4,5121,,,,,,,
,,Core i7-11375H,290,78.2,706,,,,,,,
,,Ryzen 9 5900HX,291,78.2,12809,,,,,,,
,,Core i5-10500T,292,78.2,1923,,,,,,,
,,Core i5-10400T,293,78.1,1246,,,,,,,
,,Xeon E3-1286 v3,294,78.1,33,,,,,,,
,,Ryzen 7 6800H,295,78.0,7204,,,,,,,
,AMD,Ryzen 5 4600G,296,78.0,3346,"Procesor AMD Ryzen 5 4600G, 3.7 GHz, 8 MB, OEM (100-000000147)",429 zł,https://images.morele.net/i256/13254422_0_i256.jpg,3.7 GHz,6 rdzeni,Socket AM4,Tak
,,Ryzen 9 5980HS,297,78.0,147,,,,,,,
,,Core i7-3970X,298,77.9,2677,,,,,,,
BX80673I77800X,,Core i7-7800X,299,77.9,22334,,,,,,,
,,Core i7-5850HQ,300,77.8,55,,,,,,,
FH8067703417418,,Core i7-8706G,301,77.7,211,,,,,,,
BX80619I73960X,,Core i7-3960X,302,77.7,2165,,,,,,,
,,Core i7 X 990,303,77.7,4994,,,,,,,
YD192XA8AEWOF,,Ryzen TR 1920X,304,77.6,10440,,,,,,,
FH8068403419332,,Core i7-8559U,305,77.5,2379,,,,,,,
,,Core i3-10100T,306,77.2,423,,,,,,,
,,Xeon E3-1275 v3,307,77.2,384,,,,,,,
BX80646E31276V3,,Xeon E3-1276 v3,308,77.1,297,,,,,,,
,,Core i7-9850H,309,77.1,9974,,,,,,,
100-000000253,AMD,Ryzen 3 5300G,310,77.0,1608,"Procesor AMD Ryzen 3 5300G, 4 GHz, 8 MB, OEM (100-000000253)","663,19 zł",https://images.morele.net/i256/14176815_0_i256.jpg,4 GHz,4 rdzenie,Socket AM4,Tak
100-000000253,AMD,Ryzen 3 5300G,310,77.0,1608,"Procesor AMD Ryzen 3 5300G, 4 GHz, 8 MB, BOX (100-100000253BOX)",489 zł,https://images.morele.net/i256/14466637_1_i256.jpg,4 GHz,4 rdzenie,Socket AM4,Tak
,,Ryzen 5 6600H,311,77.0,1412,,,,,,,
BX80633I74930K,,Core i7-4930K,312,76.9,22204,,,,,,,
,,Xeon W3690,313,76.9,4808,,,,,,,
BX80648I75820K,,Core i7-5820K,314,76.8,101694,,,,,,,
,,Xeon E5-1650 v3,315,76.8,7962,,,,,,,
,,Core i7-10750H,316,76.8,206796,,,,,,,
YD195XA8AEWOF,,Ryzen TR 1950X,317,76.7,23641,,,,,,,
,,Xeon E3-1230 v5,318,76.6,2254,,,,,,,
CL8068403373614,,Core i5-8400H,319,76.6,1303,,,,,,,
YD190XA8AEWOF,,Ryzen TR 1900X,320,76.3,7071,,,,,,,
BX80677I77700,,Core i7-7700,321,76.2,256717,,,,,,,
,,Core i7-1355U,322,76.2,3790,,,,,,,
,AMD,Ryzen 5 4500,323,76.2,2402,"Procesor AMD Ryzen 5 4500, 3.6 GHz, 8 MB, OEM (100-000000644)","641,54 zł",https://images.morele.net/i256/10120239_2_i256.jpg,3.6 GHz,6 rdzeni,Socket AM4,Nie
,AMD,Ryzen 5 4500,323,76.2,2402,"Procesor AMD Ryzen 5 4500, 3.6 GHz, 8 MB, MPK (100-100000644MPK)","670,61 zł",https://images.morele.net/i256/10120238_0_i256.jpg,3.6 GHz,6 rdzeni,Socket AM4,Nie
,AMD,Ryzen 5 4500,323,76.2,2402,"Procesor AMD Ryzen 5 4500, 3.6 GHz, 8 MB, BOX (100-100000644BOX)",249 zł,https://images.morele.net/i256/10120237_0_i256.jpg,3.6 GHz,6 rdzeni,Socket AM4,Nie
,,Ryzen 9 6900HS,324,76.1,1637,,,,,,,
,,Xeon E5-1650 v2,325,76.0,10921,,,,,,,
,,Ryzen 7 6800HS,326,76.0,515,,,,,,,
,,Core i7 X 980,327,76.0,8133,,,,,,,
,,Ryzen 9 5900HS,328,76.0,3016,,,,,,,
,,Xeon E3-1271 v3,329,75.9,1699,,,,,,,
BX80677I57600K,,Core i5-7600K,330,75.8,195006,,,,,,,
YD270XBGAFBOX,,Ryzen 7 2700X,331,75.7,159077,,,,,,,
,,Xeon W3680,332,75.3,6658,,,,,,,
,,Xeon E3-1270 v3,333,75.2,1918,,,,,,,
,,Ryzen 5 7640HS,334,75.2,426,,,,,,,
,,Core i7 980,335,75.2,2215,,,,,,,
100-000000083,,Ryzen 7 4700U,336,75.2,19248,,,,,,,
BX80677I57600T,,Core i5-7600T,337,75.1,477,,,,,,,
,,Ryzen 7 5800H,338,75.0,19785,,,,,,,
BX80701G6600,,Pentium Gold G6600,339,75.0,44,,,,,,,
,,Xeon X5690,340,74.7,4873,,,,,,,
100-000000105,,Ryzen 5 4600U,341,74.7,554,,,,,,,
CM8068403358913,,Core i5-8400T,342,74.7,4624,,,,,,,
100-100000284BOX,AMD,Ryzen 3 3100,343,74.6,50446,"Procesor AMD Ryzen 3 3100, 3.6 GHz, 16 MB, OEM (100-000000284)",209 zł,https://images.morele.net/i256/13239405_0_i256.jpg,3.6 GHz,4 rdzenie,Socket AM4,Tak
100-100000284BOX,AMD,Ryzen 3 3100,343,74.6,50446,"Procesor AMD Ryzen 3 3100, 3.6 GHz, 16 MB, BOX (100-100000284BOX)","204,16 zł",https://images.morele.net/i256/6732966_0_i256.jpg,3.6 GHz,4 rdzenie,Socket AM4,Tak
BX80646E31241V3,,Xeon E3-1241 v3,344,74.5,3580,,,,,,,
CL8068403805708,,Core i9-8950HK,345,74.5,14729,,,,,,,
BX80619I73930K,,Core i7-3930K,346,74.4,33172,,,,,,,
,,Core i5-10300H,347,74.3,82821,,,,,,,
,,Ryzen 9 4900H,348,74.3,1531,,,,,,,
,,Core i5-8279U,349,74.2,740,,,,,,,
,,Xeon E3-1275 V2,350,74.2,461,,,,,,,
,,Xeon E5-2687W 0,351,74.2,868,,,,,,,
100-000000098,,Ryzen 7 4800H,352,74.1,26507,,,,,,,
YD260XBCAFBOX,AMD,Ryzen 5 2600X,353,74.0,142983,"Procesor AMD Ryzen 5 2600X, 3.6 GHz, 16 MB, BOX (YD260XBCAFBOX)",925 zł,https://images.morele.net/i256/980256_0_i256.jpg,3.6 GHz,6 rdzeni,Socket AM4,Tak
,,Core i7-11370H,354,74.0,12227,,,,,,,
,,Core i5-2550K,355,73.9,2925,,,,,,,
YD2700BBAFBOX,,Ryzen 7 2700,356,73.8,123820,,,,,,,
YD160XBCAEWOF,,Ryzen 5 1600X,357,73.7,140440,,,,,,,
BX80646I74770K,,Core i7-4770K,358,73.6,172887,,,,,,,
BX80646I74771,,Core i7-4771,359,73.5,11180,,,,,,,
,,Xeon E3-1220 v5,360,73.4,1202,,,,,,,
,,Core i7 970,361,73.4,4313,,,,,,,
YD2600BBAFBOX,,Ryzen 5 2600,362,73.3,179588,,,,,,,
BX80646E31231V3,,Xeon E3-1231 v3,363,73.3,19313,,,,,,,
CL8068404121817,,Core i7-9750H,364,73.3,328182,,,,,,,
BX80677I37320,,Core i3-7320,365,73.2,423,,,,,,,
FH8068403419522,,Core i5-8259U,366,73.1,4608,,,,,,,
,,Core i5-10200H,367,73.1,5051,,,,,,,
,,Core i5-1335U,368,73.0,2287,,,,,,,
BX80646E31246V3,,Xeon E3-1246 v3,369,73.0,2511,,,,,,,
,,Ryzen 9 4900HS,370,73.0,1924,,,,,,,
BX80623I72700K,,Core i7-2700K,371,73.0,20692,,,,,,,
,,Ryzen 5 5600H,372,73.0,23730,,,,,,,
,AMD,Ryzen 3 4100,373,73.0,1022,"Procesor AMD Ryzen 3 4100, 3.8 GHz, 4 MB, OEM (100-000000510)","454,99 zł",https://images.morele.net/i256/10120236_2_i256.jpg,3.8 GHz,4 rdzenie,Socket AM4,Nie
,AMD,Ryzen 3 4100,373,73.0,1022,"Procesor AMD Ryzen 3 4100, 3.8 GHz, 4 MB, BOX (100-100000510BOX)","200,56 zł",https://images.morele.net/i256/10120234_0_i256.jpg,3.8 GHz,4 rdzenie,Socket AM4,Nie
CM8068403362509,,Core i5-8500T,374,73.0,5135,,,,,,,
,,Core i5-8305G,375,72.9,386,,,,,,,
,,Ryzen 7 5800HS,376,72.9,2861,,,,,,,
,,Core i5-6600T,377,72.9,1363,,,,,,,
BX80646E31230V3,,Xeon E3-1230 v3,378,72.8,8137,,,,,,,
,,Xeon E3-1270 V2,379,72.7,3610,,,,,,,
,,Xeon W3570,380,72.7,423,,,,,,,
,,Xeon E5-1650 0,381,72.7,10189,,,,,,,
,,Xeon E3-1245 V2,382,72.6,2442,,,,,,,
YD250XBBM4KAF,,Ryzen 5 2500X,383,72.6,2214,,,,,,,
,,Core i7-8705G,384,72.5,5922,,,,,,,
,,Core i5-4670S,385,72.4,1661,,,,,,,
BX80637I73770K,,Core i7-3770K,386,72.4,165979,,,,,,,
,,Core i7 975,387,72.4,3143,,,,,,,
BX80662I56600K,,Core i5-6600K,388,72.4,342244,,,,,,,
BX80662I76700,Intel,Core i7-6700,389,72.3,282363,"Procesor Intel Core i7-6700, 3.4 GHz, 8 MB, OEM (CM8066201920103)","1 693,77 zł",https://images.morele.net/i256/778354_0_i256.jpg,3.4 GHz,4 rdzenie,Socket 1151,Nie
,,Xeon E3-1240 v3,390,72.2,3014,,,,,,,
BX80677I57600,,Core i5-7600,391,72.0,39689,,,,,,,
,,Ryzen 7 4800HS,392,72.0,2569,,,,,,,
YD1600BBAFBOX,,Ryzen 5 1600AF,393,72.0,52721,,,,,,,
BX80633I74820K,,Core i7-4820K,394,71.8,23169,,,,,,,
YD180XBCAEWOF,AMD,Ryzen 7 1800X,395,71.8,30050,"Procesor AMD Ryzen 7 1800X, 3.6GHz, 16 MB, BOX  (YD180XBCAEWOZ)","860,84 zł",https://images.morele.net/i256/9417705_1_i256.jpg,3.6 GHz,8 rdzeni,Socket AM4,Tak
,,Core i7-4790S,396,71.8,13224,,,,,,,
,,Core i7-7820HK,397,71.7,18903,,,,,,,
BX80677I77700T,,Core i7-7700T,398,71.7,7380,,,,,,,
BX80677I37350K,,Core i3-7350K,399,71.5,4002,,,,,,,
,,Xeon E3-1245 v3,400,71.5,2834,,,,,,,
,,Xeon E5-2690 v2,401,71.4,1083,,,,,,,
100-000000084,,Ryzen 5 4500U,402,71.4,28533,,,,,,,
BX80646I74790,,Core i7-4790,403,71.4,255027,,,,,,,
,,Xeon E3-1240 V2,404,71.4,4997,,,,,,,
,,Core i7-7920HQ,405,71.4,1337,,,,,,,
,,Xeon E3-1226 v3,406,71.3,2019,,,,,,,
,,Xeon X5660,407,71.3,6950,,,,,,,
,,Xeon E3-1265L v3,408,71.3,187,,,,,,,
,,Core i7-4770S,409,71.2,13157,,,,,,,
BX80701G6500,,Pentium Gold G6500,410,71.2,137,,,,,,,
,,Core i5-11300H,411,71.1,21459,,,,,,,
CM8068403377415,Intel,Core i3-8100T,412,71.1,2145,"Procesor Intel Core i3-8100T, 3.1 GHz, 6 MB, OEM (CM8068403377415)","724,47 zł",https://images.morele.net/i256/4055104_0_i256.jpg,3.1 GHz,4 rdzenie,Socket 1151 (Coffee Lake),Nie
YD170XBCAEWOF,,Ryzen 7 1700X,413,71.0,66470,,,,,,,
,,Xeon E5-1620 v2,414,71.0,10301,,,,,,,
,,Core i7-4790T,415,70.9,1099,,,,,,,
,,Core i5-2450P,416,70.9,222,,,,,,,
,,Xeon X5667,417,70.8,365,,,,,,,
,,Xeon E31270,418,70.7,3539,,,,,,,
CL8068403359725,,Core i7-8850H,419,70.7,20669,,,,,,,
BX80684I38100,,Core i3-8100,420,70.6,81392,,,,,,,
,,Core i7 880,421,70.6,808,,,,,,,
BX80623I72600K,,Core i7-2600K,422,70.6,147533,,,,,,,
BX80646I74770,,Core i7-4770,423,70.5,176321,,,,,,,
,,Xeon E3-1230 V2,424,70.5,8235,,,,,,,
,,Core i7 K 875,425,70.4,2354,,,,,,,
,,Xeon E3-1240,426,70.3,2292,,,,,,,
,,Core i7-4770T,427,70.3,629,,,,,,,
YD1600BBAEBOX,,Ryzen 5 1600,428,70.2,392253,,,,,,,
CL8068403359524,,Core i7-8750H,429,70.1,442631,,,,,,,
100-000000100,,Ryzen 5 4600H,430,70.1,27218,,,,,,,
,,Xeon X5650,431,70.1,13757,,,,,,,
,,Xeon E3-1505M v6,432,70.1,4124,,,,,,,
BX80677I37300,,Core i3-7300,433,70.0,1568,,,,,,,
CM8066201920202,,Core i7-6700T,434,69.9,9225,,,,,,,
,,Xeon E3-1225 V2,435,69.8,2869,,,,,,,
,,Xeon E5-1620 0,436,69.7,17464,,,,,,,
,,Core i7-3940XM,437,69.6,2187,,,,,,,
BX80684G5600,,Pentium Gold G5600,438,69.6,766,,,,,,,
X1E84100,,X Elite 84100,439,69.6,10,,,,,,,
,,Ryzen 5 4600HS,440,69.6,337,,,,,,,
BX80646I54690K,,Core i5-4690K,441,69.6,229359,,,,,,,
,,Core i7-3820,442,69.5,38674,,,,,,,
,,Core i7-6920HQ,443,69.5,3282,,,,,,,
,,Xeon E3-1220 V2,444,69.5,3748,,,,,,,
BX80662I36320,,Core i3-6320,445,69.4,1734,,,,,,,
,,Core i7-1195G7,446,69.4,3862,,,,,,,
,,Xeon E31230,447,69.4,2472,,,,,,,
,,Xeon E3-1220 v3,448,69.4,5273,,,,,,,
,,Core i7-4940MX,449,69.3,2383,,,,,,,
,,Core i7-3770S,450,69.3,10699,,,,,,,
,,Xeon X5570,451,69.2,1343,,,,,,,
BX80684G5500,,Pentium Gold G5500,452,69.1,971,,,,,,,
,,Core i7-4930MX,453,69.1,1497,,,,,,,
,,Xeon E3-1225 v3,454,69.1,4850,,,,,,,
YD1700BBAEBOX,,Ryzen 7 1700,455,69.0,144475,,,,,,,
BX80637I73770,,Core i7-3770,456,69.0,278207,,,,,,,
BX80637I53450S,,Core i5-3450S,457,68.9,1491,,,,,,,
,,Core i7-5700HQ,458,68.8,14004,,,,,,,
,,Core i7-6820HK,459,68.8,20362,,,,,,,
,,Core i5-1145G7,460,68.8,4608,,,,,,,
,,Xeon X3470,461,68.7,8730,,,,,,,
,,Xeon E5-2643 0,462,68.7,1000,,,,,,,
,,Core i5-3550,463,68.6,23599,,,,,,,
,,Xeon E31225,464,68.6,3353,,,,,,,
,,Core i5-3475S,465,68.5,1383,,,,,,,
,,Xeon E5-2630 v3,466,68.5,1838,,,,,,,
BX80701G6400,,Pentium Gold G6400,467,68.4,3112,,,,,,,
,,Core i5-1135G7,468,68.3,82426,,,,,,,
,,Core i7-3920XM,469,68.2,797,,,,,,,
YD3400C5FHBOX,AMD,Ryzen 5 3400G,470,68.1,93718,"Procesor AMD Ryzen 5 3400G, 3.7 GHz, 4 MB, BOX (YD3400C5FHBOX)","267,96 zł",https://images.morele.net/i256/5938600_0_i256.jpg,3.7 GHz,4 rdzenie,Socket AM4,Tak
,,Xeon X5560,471,68.1,520,,,,,,,
BX80715G7400,,Pentium Gold G7400,472,68.1,281,,,,,,,
,,Core i7-10710U,473,68.0,6640,,,,,,,
100-000000085,,Ryzen 3 4300U,474,68.0,4587,,,,,,,
,,Ryzen 7 5800U,475,68.0,1948,,,,,,,
,,Core i7-4960HQ,476,68.0,314,,,,,,,
BX80646I54670K,,Core i5-4670K,477,68.0,128482,,,,,,,
,,Xeon E31220,478,67.9,2507,,,,,,,
,,Ryzen 9 4900U,479,67.8,1,,,,,,,
,,Xeon X3460,480,67.7,780,,,,,,,
,,Core i7 960,481,67.6,16233,,,,,,,
BX80647I74900MQ,,Core i7-4900MQ,482,67.6,5651,,,,,,,
BX80637I53570K,,Core i5-3570K,483,67.6,185516,,,,,,,
BX80662I56600,,Core i5-6600,484,67.6,80688,,,,,,,
,,Xeon L5639,485,67.5,87,,,,,,,
BX80621E52670,,Xeon E5-2670,486,67.3,4803,,,,,,,
,,Core i7-4910MQ,487,67.3,6703,,,,,,,
,,Core i5-4590S,488,67.1,11598,,,,,,,
,,Core i7-1185G7,489,67.1,9588,,,,,,,
BX80623I72600,,Core i7-2600,490,67.1,185630,,,,,,,
BX80646I54690,,Core i5-4690,491,67.1,73695,,,,,,,
,,Xeon E5-2670 v2,492,67.0,831,,,,,,,
,,Ryzen 7 5700U,493,67.0,6833,,,,,,,
,,Xeon W3565,494,67.0,7121,,,,,,,
,,Core i7-2600S,495,67.0,3026,,,,,,,
BX80677I37300T,,Core i3-7300T,496,66.8,75,,,,,,,
BX80677I57500,Intel,Core i5-7500,497,66.8,149467,"Procesor Intel Core i5-7500, 3.4 GHz, 6 MB, OEM (CM8067702868012)",1 149 zł,https://images.morele.net/i256/1113145_5_i256.jpg,3.4 GHz,4 rdzenie,Socket 1151,Nie
BX80677G4620,,Pentium G4620,498,66.7,3147,,,,,,,
BX80662I36300,,Core i3-6300,499,66.7,3672,,,,,,,
,,Core i5-4670,500,66.5,49019,,,,,,,
YD150XBBAEBOX,,Ryzen 5 1500X,501,66.4,70038,,,,,,,
BX80677I57500T,,Core i5-7500T,502,66.3,5419,,,,,,,
,,Core i7-3820QM,503,66.3,3135,,,,,,,
,,Core i5-1130G7,504,66.3,295,,,,,,,
,,Core i5-3450,505,66.3,34199,,,,,,,
,,Core i7-1165G7,506,66.2,51565,,,,,,,
,,Core i5-4570S,507,66.2,11172,,,,,,,
,,Core i5-4460S,508,66.1,10941,,,,,,,
,,Core i5-3340,509,66.1,8792,,,,,,,
,,Core i7 870,510,66.1,37228,,,,,,,
,,Core i7-3840QM,511,66.1,3981,,,,,,,
,,Core i7-4850HQ,512,66.0,818,,,,,,,
,,Xeon X3450,513,66.0,3425,,,,,,,
,,Ryzen 5 5560U,514,66.0,110,,,,,,,
BX80646I34350,,Core i3-4350,515,65.9,512,,,,,,,
BX80623I52500K,,Core i5-2500K,516,65.9,143007,,,,,,,
BX80601950,,Core i7-950,517,65.9,36389,,,,,,,
,,Ryzen 5 5600U,518,65.9,1288,,,,,,,
BX80646I34370,,Core i3-4370,519,65.8,1504,,,,,,,
,,Xeon W3550,520,65.8,7649,,,,,,,
,,Core i7 940,521,65.5,2107,,,,,,,
YD130XBBAEBOX,,Ryzen 3 1300X,522,65.4,38959,,,,,,,
,,Core i7-1160G7,523,65.4,357,,,,,,,
,,Core i5-3470S,524,65.3,14631,,,,,,,
BX80677I57400T,,Core i5-7400T,525,65.3,4070,,,,,,,
,,Core i5-3350P,526,65.3,21413,,,,,,,
BX80662I36300T,,Core i3-6300T,527,65.2,152,,,,,,,
,,Xeon X3440,528,65.2,6034,,,,,,,
,,Core i5-4570R,529,65.2,1007,,,,,,,
,,Ryzen 5 2600H,530,65.2,231,,,,,,,
,,Core i5-4430,531,65.2,24837,,,,,,,
,,Core i5-3570,532,65.1,104858,,,,,,,
FH8068403419422,,Core i3-8109U,533,65.0,2079,,,,,,,
,,Core i5-9300H,534,65.0,116682,,,,,,,
,,Core i7-3720QM,535,64.8,9911,,,,,,,
,,Core i5-2310,536,64.8,15623,,,,,,,
CL8068403373522,,Core i5-8300H,537,64.7,167898,,,,,,,
BX80646I34360,,Core i3-4360,538,64.7,1789,,,,,,,
,,Core i7-2960XM,539,64.6,863,,,,,,,
,,Xeon W3530,540,64.6,5773,,,,,,,
BX80646I34340,,Core i3-4340,541,64.5,866,,,,,,,
,,Core i7-3740QM,542,64.4,14369,,,,,,,
,,Core i5-2500S,543,64.3,3031,,,,,,,
,,Core i7 860,544,64.2,51451,,,,,,,
,,Ryzen 7 2800H,545,64.1,68,,,,,,,
,,Core i5-3330S,546,64.1,4454,,,,,,,
,,Ryzen 5 5500U,547,64.1,16234,,,,,,,
,,Core i5-2300,548,64.0,19722,,,,,,,
,,Core i7-4770HQ,549,64.0,1692,,,,,,,
,,Core i7 930,550,64.0,19497,,,,,,,
,,Core i5-2320,551,63.9,38345,,,,,,,
,,Core i5-2405S,552,63.9,194,,,,,,,
,,Core i7-7567U,553,63.9,1965,,,,,,,
X1E80100,,X Elite 80100,554,63.9,241,,,,,,,
,,Core i5 760,555,63.6,34495,,,,,,,
BX80662I56500,,Core i5-6500,556,63.6,241476,,,,,,,
BX80677I57400,,Core i5-7400,557,63.5,234266,,,,,,,
CM8068403360212,,Pentium G5400T,558,63.5,187,,,,,,,
BX80646I54590,Intel,Core i5-4590,559,63.5,151366,"Procesor Intel Core i5-4590, 3.3 GHz, 6 MB, BOX (BX80646I54590)","1 019,01 zł",https://images.morele.net/i256/640864_0_i256.jpg,3.3 GHz,4 rdzenie,Socket 1150,Nie
,,Core i7-4750HQ,560,63.4,5497,,,,,,,
,,Core i7-4800MQ,561,63.3,22632,,,,,,,
,,Xeon E5540,562,63.1,486,,,,,,,
BX80637I53470,,Core i5-3470,563,63.1,223595,,,,,,,
,,Xeon W3520,564,63.1,6508,,,,,,,
FD9590FHHKWOF,,FX-9590,565,63.1,26109,,,,,,,
,,Core i7-7820HQ,566,63.0,15851,,,,,,,
BX80677G4600,,Pentium G4600,567,62.9,16729,,,,,,,
,,Core i5-2500,568,62.9,82538,,,,,,,
,,Core i5-10310U,569,62.8,4431,,,,,,,
YD3200C5FHBOX,AMD,Ryzen 3 3200G,570,62.7,104122,"Procesor AMD Ryzen 3 3200G, 3.6 GHz, 4 MB, OEM (YD320GC5M4MFH)","312,14 zł",https://images.morele.net/i256/13189447_0_i256.jpg,3.6 GHz,4 rdzenie,Socket AM4,Tak
YD3200C5FHBOX,AMD,Ryzen 3 3200G,570,62.7,104122,"Procesor AMD Ryzen 3 3200G, 3.6 GHz, 4 MB, OEM (YD3200C5M4MFH)","281,99 zł",https://images.morele.net/i256/7813354_0_i256.jpg,3.6 GHz,4 rdzenie,Socket AM4,Tak
YD3200C5FHBOX,AMD,Ryzen 3 3200G,570,62.7,104122,"Procesor AMD Ryzen 3 3200G, 3.6 GHz, 4 MB, BOX (YD3200C5FHBOX)","240,64 zł",https://images.morele.net/i256/5938601_0_i256.jpg,3.6 GHz,4 rdzenie,Socket AM4,Tak
CM8068403377713,,Pentium G5500T,571,62.6,54,,,,,,,
YD2400C5FBBOX,,Ryzen 5 2400G,572,62.5,127344,,,,,,,
X1E78100,,X Elite 78100,573,62.5,128,,,,,,,
FD9370FHHKWOF,,FX-9370,574,62.5,9054,,,,,,,
BX80646I54570,,Core i5-4570,575,62.4,129272,,,,,,,
,,Core i7-3615QM,576,62.4,2657,,,,,,,
,,Core i7-2920XM,577,62.2,906,,,,,,,
BX80646I54460,,Core i5-4460,578,62.1,245403,,,,,,,
FD8370FRHKBOX,,FX-8370,579,62.1,34720,,,,,,,
,,Core i7-3635QM,580,62.1,2986,,,,,,,
BX80684G5400,Intel,Pentium Gold G5400,581,62.1,15354,"Procesor Intel Pentium Gold  G5400, 3.7 GHz, 4 MB, MPK (CM8068403360112)","325,74 zł",https://images.morele.net/i256/14439239_0_i256.jpg,3.7 GHz,2 rdzenie,Socket 1151 (Coffee Lake),Nie
,,Core i7-7700HQ,582,62.0,473208,,,,,,,
AW8063801013511,,Core i7-3610QM,583,62.0,38575,,,,,,,
,,Core i3-6098P,584,62.0,6133,,,,,,,
,,Core i7-4700HQ,585,61.9,42062,,,,,,,
BX80646I34330,,Core i3-4330,586,61.9,6343,,,,,,,
,,Core i7-4702HQ,587,61.8,3582,,,,,,,
,,Core i7-2860QM,588,61.7,4317,,,,,,,
,,Core i7-4810MQ,589,61.7,26927,,,,,,,
BX80601920,,Core i7-920,590,61.6,69074,,,,,,,
,,Core i5-7260U,591,61.5,2757,,,,,,,
BX80605I5750,,Core i5-750,592,61.5,43796,,,,,,,
X1P64100,,X Plus 64100,593,61.4,137,,,,,,,
BX80646I54440,,Core i5-4440,594,61.3,81111,,,,,,,
,,Xeon X3430,595,61.3,4096,,,,,,,
,,Core i5-3330,596,61.3,51926,,,,,,,
,,Xeon E5530,597,61.1,662,,,,,,,
YD1400BBAEBOX,,Ryzen 5 1400,598,61.0,71313,,,,,,,
,,Core i7-4702MQ,599,61.0,21618,,,,,,,
BX80662I56400,,Core i5-6400,600,60.8,171457,,,,,,,
AW8063801106200,,Core i7-3630QM,601,60.8,65927,,,,,,,
FD8350FRHKBOX,,FX-8350,602,60.8,313196,,,,,,,
,,Core i7-4712HQ,603,60.7,5396,,,,,,,
,,Core i7-3632QM,604,60.7,24912,,,,,,,
,,Core i7-5557U,605,60.6,1590,,,,,,,
BX80623I52400,,Core i5-2400,606,60.6,166255,,,,,,,
BX80677I37100T,,Core i3-7100T,607,60.5,2911,,,,,,,
YD2200C5FBBOX,AMD,Ryzen 3 2200G,608,60.5,181631,"Procesor AMD Ryzen 3 2200G, 3.5 GHz, 4 MB, BOX (YD2200C5FBBOX)","364,99 zł",https://images.morele.net/i256/979761_2_i256.jpg,3.5 GHz,4 rdzenie,Socket AM4,Tak
,,Core i7-3612QM,609,60.5,11760,,,,,,,
,,Core i7 X 940,610,60.4,592,,,,,,,
,,Core i5-2400S,611,60.4,10987,,,,,,,
,,Core i3-2125,612,60.3,639,,,,,,,
CM8067703016117,,Pentium G4560T,613,60.2,468,,,,,,,
BX80662G4520,,Pentium G4520,614,60.1,384,,,,,,,
,,Core i7-6820HQ,615,60.1,33920,,,,,,,
,,Core i7-8665U,616,60.0,11139,,,,,,,
,,Core i7-2760QM,617,59.9,10423,,,,,,,
FD837EWMHKBOX,,FX-8370E,618,59.9,5639,,,,,,,
,,Xeon E5-1603 0,619,59.9,3589,,,,,,,
,,Xeon E5-2620 v2,620,59.9,2742,,,,,,,
,,Core i7-4710MQ,621,59.7,15557,,,,,,,
,,Core i7-5550U,622,59.7,102,,,,,,,
,,FX-8310,623,59.6,1697,,,,,,,
,,Xeon L5520,624,59.5,184,,,,,,,
,,Xeon E5620,625,59.4,3527,,,,,,,
,,Xeon E5-2630 0,626,59.3,1768,,,,,,,
,,FX-6350 Six-Core,627,59.2,29222,,,,,,,
,,Core i3-7167U,628,59.2,41,,,,,,,
,,Xeon E5520,629,59.1,1397,,,,,,,
,,Pentium G3470,630,59.1,131,,,,,,,
YD240GC6FBBOX,,Athlon 240GE,631,59.1,487,,,,,,,
,,Core i3-3250,632,58.7,4164,,,,,,,
,,Core i7-6700HQ,633,58.7,320434,,,,,,,
HDE00ZFBGRBOX,,Phenom II X6 1100T,634,58.6,12769,,,,,,,
CW8064701470702,,Core i7-4700MQ,635,58.6,69603,,,,,,,
FD8150FRGUBOX,,FX-8150,636,58.6,22181,,,,,,,
BX80637I33225,,Core i3-3225,637,58.5,3345,,,,,,,
,,Core i7-2820QM,638,58.5,4929,,,,,,,
FD8320FRHKBOX,,FX-8320,639,58.5,106454,,,,,,,
,,Core i3-2105,640,58.5,1052,,,,,,,
,,FX-6200 Six-Core,641,58.5,5908,,,,,,,
,,Ryzen 3 5400U,642,58.4,395,,,,,,,
,,Core i7-4610M,643,58.3,4524,,,,,,,
,,Phenom II X4 B65,644,58.1,226,,,,,,,
,,Core i7-2675QM,645,58.0,1033,,,,,,,
,,Phenom II X4 980,646,58.0,1088,,,,,,,
,,Core i5-5287U,647,58.0,444,,,,,,,
,,Core i7-4710HQ,648,57.9,69536,,,,,,,
,,Core i5-8365U,649,57.8,12935,,,,,,,
,,Core i7-4720HQ,650,57.8,80960,,,,,,,
FD832EWMHKBOX,,FX-8320E,651,57.8,33199,,,,,,,
,,Core i7-4558U,652,57.7,811,,,,,,,
,,Core i5-1035G7,653,57.7,4822,,,,,,,
YD220GC6FBBOX,,Athlon 220GE,654,57.7,578,,,,,,,
,,Core i5-4570T,655,57.7,7298,,,,,,,
,,Core i7-2720QM,656,57.7,7798,,,,,,,
BX80662I36100T,,Core i3-6100T,657,57.6,6076,,,,,,,
,,FX-8300,658,57.6,49767,,,,,,,
,,Pentium G3460,659,57.6,1153,,,,,,,
,,Xeon E5-2620 0,660,57.5,3540,,,,,,,
,,Athlon II X4 555,661,57.5,115,,,,,,,
,,Core i3-2130,662,57.5,6759,,,,,,,
,,Core i7-2635QM,663,57.4,347,,,,,,,
,,Core i7-6567U,664,57.4,456,,,,,,,
BX80677G4560,Intel,Pentium G4560,665,57.3,70054,"Procesor Intel Pentium G4560, 3.5 GHz, 3 MB, BOX (BX80677G4560)",717 zł,https://images.morele.net/i256/1115886_0_i256.jpg,3.5 GHz,2 rdzenie,Socket 1151,Nie
FD4350FRHKBOX,,FX-4350,666,57.3,11995,,,,,,,
,,Core i3-3210,667,57.2,7331,,,,,,,
BX80715G6900,Intel,Celeron G6900,668,57.1,184,"Procesor Intel Celeron G6900, 3.4 GHz, 4 MB, OEM (CM8071504651805)","296,92 zł",https://images.morele.net/i256/9893330_0_i256.jpg,3.4 GHz,2 rdzenie,Socket 1700,Nie
BX80715G6900,Intel,Celeron G6900,668,57.1,184,"Procesor Intel Celeron G6900, 3.4 GHz, 4 MB, BOX (BX80715G6900)","352,90 zł",https://images.morele.net/i256/9643519_0_i256.jpg,3.4 GHz,2 rdzenie,Socket 1700,Nie
BX80646G3440,,Pentium G3440,669,57.1,558,,,,,,,
,,Phenom II X4 975,670,57.0,1372,,,,,,,
,,Phenom II X6 1090T,671,57.0,23506,,,,,,,
BX80677I37100,,Core i3-7100,672,57.0,79299,,,,,,,
,,Ryzen 3 5300U,673,57.0,2860,,,,,,,
YD1200BBAEBOX,,Ryzen 3 1200,674,57.0,83528,,,,,,,
,,Core i5-4200H,675,57.0,11882,,,,,,,
,,Core i5-10210Y,676,57.0,115,,,,,,,
BX80646I34170,,Core i3-4170,677,56.9,48178,,,,,,,
,,Core2 Extreme X9770,678,56.8,522,,,,,,,
,,Core i7 X 920,679,56.6,998,,,,,,,
BX80646G3430,,Pentium G3430,680,56.5,263,,,,,,,
,,Core i5-7300HQ,681,56.5,170871,,,,,,,
,,Core i3-6167U,682,56.5,25,,,,,,,
,,Core i7-10510U,683,56.4,51080,,,,,,,
,,FX-8120,684,56.4,25690,,,,,,,
,,Phenom II X4 970,685,56.3,2539,,,,,,,
,,Core i7-2670QM,686,56.3,51169,,,,,,,
,,Xeon E5-2609 0,687,56.3,759,,,,,,,
BX80662G4500,,Pentium G4500,688,56.3,3191,,,,,,,
,,Core i5-4258U,689,56.3,1278,,,,,,,
BX80677G3950,,Celeron G3950,690,56.2,228,,,,,,,
,,Core i3-4130T,691,56.2,5264,,,,,,,
,,Core i7-5650U,692,56.1,248,,,,,,,
,,Core i7 Q 840,693,56.1,1339,,,,,,,
,Intel,Pentium G3450,694,56.0,1246,"Procesor Intel Pentium G3450, 3.4 GHz, 3 MB, BOX (BX80646G3450)",415 zł,https://images.morele.net/i256/640855_1_i256.jpg,3.4 GHz,2 rdzenie,Socket 1150,Nie
,,Core i7-4600M,695,56.0,7260,,,,,,,
,,Core i7-3540M,696,56.0,6652,,,,,,,
,,Core i5-6260U,697,55.9,1781,,,,,,,
BX80701G5920,Intel,Celeron G5920,698,55.9,68,"Procesor Intel Celeron G5920, 3.5 GHz, 2 MB, BOX (BX80701G5920)",321 zł,https://images.morele.net/i256/6869168_0_i256.jpg,3.5 GHz,2 rdzenie,Socket 1200,Nie
,,Phenom II X6 1075T,699,55.9,4420,,,,,,,
,,Phenom II X4 B60,700,55.8,1386,,,,,,,
,,Core i5-3470T,701,55.8,3684,,,,,,,
,,FX-4170 Quad-Core,702,55.6,4257,,,,,,,
BX80701G5900,,Celeron G5900,703,55.5,415,,,,,,,
,,Core i5-1035G4,704,55.5,13243,,,,,,,
,,FX-6120 Six-Core,705,55.4,1739,,,,,,,
,,Core i5-3380M,706,55.4,2989,,,,,,,
BX80662I36100,,Core i3-6100,707,55.4,110166,,,,,,,
BX80646I34150,,Core i3-4150,708,55.2,36627,,,,,,,
FF8062700837005,,Core i7-2630QM,709,55.2,39605,,,,,,,
FD6300WMHKBOX,,FX-6300,710,55.2,261607,,,,,,,
,,Core i3-3240,711,55.1,37789,,,,,,,
BX80646I34160,,Core i3-4160,712,55.1,48506,,,,,,,
,,Ryzen 3 2300U,713,55.0,3165,,,,,,,
,,Core i7-7560U,714,54.9,1528,,,,,,,
,,Core i3-7130U,715,54.9,4991,,,,,,,
FJ8068404064405,,Core i7-8565U,716,54.7,81207,,,,,,,
,,Core i5-5257U,717,54.6,3465,,,,,,,
,,Core i3-3220T,718,54.6,2218,,,,,,,
,,Ryzen 3 3300U,719,54.5,2913,,,,,,,
,,Xeon X5470,720,54.5,1638,,,,,,,
,,Core i3-6157U,721,54.4,479,,,,,,,
,,Xeon E5506,722,54.2,722,,,,,,,
,,Core i7-7660U,723,54.2,4146,,,,,,,
,,Ryzen 7 3750H,724,54.1,42271,,,,,,,
HDT55TFBGRBOX,,Phenom II X6 1055T,725,54.0,23835,,,,,,,
,,Phenom II X4 B55,726,54.0,3005,,,,,,,
,,Phenom II X4 960T,727,53.9,4461,,,,,,,
,,Core i5-3360M,728,53.9,5754,,,,,,,
,,Core i7 Q 740,729,53.8,13278,,,,,,,
,,Core i5-6300HQ,730,53.7,41531,,,,,,,
,,Core i7-2640M,731,53.7,12152,,,,,,,
,,Pentium G2130,732,53.6,1838,,,,,,,
FD6100WMGUSBX,,FX-6100,733,53.5,44863,,,,,,,
YD200GC6FBBOX,,Athlon 200GE,734,53.5,12631,,,,,,,
BX80646G3420,,Pentium G3420,735,53.5,4757,,,,,,,
,,Phenom II X6 1045T,736,53.5,5709,,,,,,,
,,Core i5-10210U,737,53.4,54859,,,,,,,
,,A10-6790K APU (2013 D.Ri),738,53.3,1723,,,,,,,
,,Core i3-2120T,739,53.3,1170,,,,,,,
,,Core i7-3520M,740,53.2,19660,,,,,,,
,,Ryzen 5 3550H,741,53.2,57853,,,,,,,
,,Core i7-1065G7,742,53.2,58314,,,,,,,
,,Core i5-8250U,743,53.1,234942,,,,,,,
,,Core i7-6650U,744,53.1,6131,,,,,,,
,,Core i7-8550U,745,53.0,184356,,,,,,,
,,Core i5-2435M,746,52.9,524,,,,,,,
YD3000C6FHBOX,AMD,Athlon 3000G,747,52.9,11076,"Procesor AMD Athlon 3000G, 3.5 GHz, 4 MB, OEM (YD3000C6M2OFB)","97,22 zł",https://images.morele.net/i256/14176812_0_i256.jpg,3.5 GHz,2 rdzenie,Socket AM4,Tak
YD3000C6FHBOX,AMD,Athlon 3000G,747,52.9,11076,"Procesor AMD Athlon 3000G, 3.5GHz, 4 MB, BOX (YD3000C6FHBOX)","418,93 zł",https://images.morele.net/i256/5940752_0_i256.jpg,3.5 GHz,2 rdzenie,Socket AM4,Tak
YD3000C6FHBOX,AMD,Athlon 3000G,747,52.9,11076,"Procesor AMD Athlon 3000G, 3.5 GHz, 4 MB, OEM (YD3000C6M2OFH)",249 zł,https://images.morele.net/i256/9009748_0_i256.jpg,3.5 GHz,2 rdzenie,Socket AM4,Tak
,,Phenom II X6 1035T,748,52.9,2528,,,,,,,
,,Phenom II X4 840T,749,52.9,1104,,,,,,,
,,Core i3-8145U,750,52.8,15431,,,,,,,
FJ8068404064604,,Core i5-8265U,751,52.7,87841,,,,,,,
,,Core i7-3687U,752,52.6,2933,,,,,,,
,,Pentium G2120,753,52.6,1827,,,,,,,
BX80646G3258,,Pentium G3258,754,52.6,23497,,,,,,,
,,Core2 Extreme X9650,755,52.6,3122,,,,,,,
,,Core i5-3340M,756,52.6,12487,,,,,,,
HDZ965FBGMBOX,,Phenom II X4 965,757,52.6,43442,,,,,,,
BX80646G1850,Intel,Celeron G1850,758,52.5,342,"Procesor Intel Celeron G1850, 2.9 GHz, 2 MB, OEM (CM8064601483406)","211,96 zł",https://images.morele.net/i256/936943_2_i256.jpg,2.9 GHz,2 rdzenie,Socket 1150,Nie
,,Core i7 Q 820,759,52.5,2269,,,,,,,
BX80646G1830,,Celeron G1830,760,52.4,187,,,,,,,
,,Pentium G870,761,52.4,1800,,,,,,,
BX80646I34130,,Core i3-4130,762,52.3,49509,,,,,,,
,,Core i7-8650U,763,52.3,42414,,,,,,,
,,Core i7-2620M,764,52.2,16111,,,,,,,
,,Phenom II X4 830,765,52.2,1495,,,,,,,
,,Core i3-3220,766,52.1,71790,,,,,,,
BX80684G4900,,Celeron G4900,767,52.1,1971,,,,,,,
,,Ryzen 7 2700U,768,52.1,8291,,,,,,,
,,Xeon E5-2680 v2,769,52.0,56,,,,,,,
,,FX-4130 Quad-Core,770,52.0,8564,,,,,,,
,,Xeon E5504,771,51.9,489,,,,,,,
,,Pentium G3260,772,51.8,9453,,,,,,,
,,Core i5 680,773,51.8,781,,,,,,,
,,Phenom II X4 910e,774,51.8,214,,,,,,,
,,A10-5800B APU (2012 D.Tr),775,51.7,1191,,,,,,,
FD4300WMHKBOX,,FX-4300,776,51.6,55454,,,,,,,
,,Core i5-8350U,777,51.6,19808,,,,,,,
,,Xeon X5460,778,51.6,10360,,,,,,,
,,Phenom II X4 B50,779,51.6,3245,,,,,,,
,,Core i5-2540M,780,51.5,16964,,,,,,,
,,Core i7-3537U,781,51.5,17065,,,,,,,
,,Core i5-4300M,782,51.5,13678,,,,,,,
,,Phenom II X4 945,783,51.5,12746,,,,,,,
HDZ955FBGMBOX,,Phenom II X4 955,784,51.5,41403,,,,,,,
AD680KWOHLBOX,,A10-6800K APU (2013 D.Ri),785,51.5,11295,,,,,,,
,,Athlon II X4 760K (2013 D.Ri),786,51.5,6408,,,,,,,
,,Core i7-2677M,787,51.4,694,,,,,,,
,,Pentium G860,788,51.4,3842,,,,,,,
,,FX-4100,789,51.4,32471,,,,,,,
,,Pentium G840,790,51.3,2557,,,,,,,
,,Core i5-4210M,791,51.3,15981,,,,,,,
,,Pentium G3250,792,51.2,11326,,,,,,,
,,Core i5-2415M,793,51.1,656,,,,,,,
,,Core i7-4650U,794,51.1,4310,,,,,,,
,,Core i7-2637M,795,51.1,599,,,,,,,
,,Core i5-1035G1,796,51.1,53170,,,,,,,
AD750KWOHJBOX,,Athlon II X4 750K,797,51.1,5882,,,,,,,
,,Phenom II X4 B45,798,51.1,1025,,,,,,,
,,Core i3-4000M,799,51.0,7973,,,,,,,
,,Core i3-1115G4,800,51.0,18815,,,,,,,
,,Phenom II X4 B40,801,50.9,465,,,,,,,
,,Pentium G850,802,50.9,2785,,,,,,,
,,Core i7-3667U,803,50.9,3556,,,,,,,
,,Core i3-2100,804,50.9,63701,,,,,,,
,,Xeon X5472,805,50.8,333,,,,,,,
,,Core2 Quad Q9650,806,50.7,16719,,,,,,,
,,Core i3-2120,807,50.7,77810,,,,,,,
,,Core i7 Q 720,808,50.7,13149,,,,,,,
,,Core i7-3517U,809,50.7,8454,,,,,,,
,,Phenom II X4 925,810,50.7,5211,,,,,,,
,,Xeon E5472,811,50.7,771,,,,,,,
,,Pentium G2010,812,50.6,3290,,,,,,,
,,Xeon E5450,813,50.5,10801,,,,,,,
,,Xeon W3505,814,50.5,755,,,,,,,
,,Core i7-4550U,815,50.5,323,,,,,,,
,,Core i5-4250U,816,50.4,1765,,,,,,,
BX80646G3240 ,,Pentium G3240,817,50.2,10752,,,,,,,
,,Phenom II X4 920,818,50.2,1017,,,,,,,
,,Xeon E5-2603 0,819,50.2,224,,,,,,,
,,Core i7-8500Y,820,50.1,528,,,,,,,
,,Core i7-4500U,821,50.1,39249,,,,,,,
,,Core i3-3120M,822,50.1,14372,,,,,,,
,,Pentium G645,823,49.9,5700,,,,,,,
AD580KWOHJBOX,,A10-5800K APU (2012 D.Tr),824,49.9,18312,,,,,,,
,,A8-6600K APU,825,49.8,21890,,,,,,,
,,Core i5 661,826,49.8,2457,,,,,,,
,,Xeon E7- 4870,827,49.8,40,,,,,,,
,,Pentium 5405U,828,49.8,963,,,,,,,
,,A8-6500 APU,829,49.8,7219,,,,,,,
AD6700OKHLBOX,,A10-6700 APU (2013 D.Ri),830,49.7,12547,,,,,,,
,,Core i5-2557M,831,49.7,714,,,,,,,
,,Core i5-4200M,832,49.6,33019,,,,,,,
,,Core i7-7600U,833,49.6,13451,,,,,,,
,,Athlon II X4 651,834,49.6,1008,,,,,,,
,,Core i7-5600U,835,49.6,20423,,,,,,,
,,Xeon X5450,836,49.6,5870,,,,,,,
,,Core i5-2430M,837,49.5,41461,,,,,,,
,,Phenom II X4 810,838,49.5,2243,,,,,,,
,,Celeron G1620,839,49.5,2566,,,,,,,
BX80662G3900,,Celeron G3900,840,49.5,6695,,,,,,,
,,Phenom II X4 850,841,49.4,1360,,,,,,,
,,Ryzen 7 3700U,842,49.4,23686,,,,,,,
,,Core i5-5250U,843,49.4,4386,,,,,,,
,,Core i5-4310U,844,49.4,14648,,,,,,,
BX80646G1820,Intel,Celeron G1820,845,49.2,4011,"Procesor Intel Celeron G1820, 2.7 GHz, 2 MB, OEM (CM8064601483405 930400)","171,47 zł",https://images.morele.net/i256/4092216_1_i256.jpg,2.7 GHz,2 rdzenie,Socket 1150,Nie
,,Core2 Quad Q9450,846,49.2,5335,,,,,,,
,,Core i7-4600U,847,49.1,26548,,,,,,,
,,A8-5600K APU,848,49.1,14744,,,,,,,
,,Pentium 3550M,849,49.1,685,,,,,,,
,,Phenom II X4 940,850,49.0,3675,,,,,,,
,,Core i5-3437U,851,49.0,3817,,,,,,,
,,Xeon E5440,852,49.0,3689,,,,,,,
,,Core2 Quad Q9550,853,48.9,34093,,,,,,,
,,Pentium G2020,854,48.9,15664,,,,,,,
,,Ryzen 5 2500U,855,48.9,61910,,,,,,,
,,Core i3-2370M,856,48.9,10169,,,,,,,
,,Core i5-2450M,857,48.9,51836,,,,,,,
,,Pentium G2030,858,48.9,18277,,,,,,,
,,Xeon W3503,859,48.8,1688,,,,,,,
,,Athlon II X4 740K,860,48.8,4318,,,,,,,
,,Core i3-2348M,861,48.8,5289,,,,,,,
,,Core i5 660,862,48.7,5902,,,,,,,
,,Core i5-3427U,863,48.7,4182,,,,,,,
AW8063801208001,,Core i5-3230M,864,48.7,61311,,,,,,,
FJ8067702739932,,Pentium 4415U,865,48.7,6525,,,,,,,
,,Celeron G1610,866,48.6,5236,,,,,,,
,,Core i5-8200Y,867,48.6,154,,,,,,,
BX80646G1840,,Celeron G1840,868,48.6,7524,,,,,,,
,,Core i5-8210Y,869,48.5,352,,,,,,,
,,Pentium 4417U,870,48.5,2782,,,,,,,
,,Pentium G640,871,48.3,3040,,,,,,,
AD5700OKHJBOX,,A10-5700 APU (2012 D.Tr),872,48.3,6606,,,,,,,
BX80646G3220,,Pentium G3220,873,48.3,19337,,,,,,,
BX80677G3930,,Celeron G3930,874,48.2,9606,,,,,,,
,,Core i3-3110M,875,48.2,34445,,,,,,,
,,Ryzen 5 3500U,876,48.1,78189,,,,,,,
,,Phenom II X3 720,877,48.1,2612,,,,,,,
,,Core i7-7500U,878,48.1,139101,,,,,,,
,,Xeon E5430,879,48.0,1961,,,,,,,
FJ8066201930905,,Pentium 4405U,880,48.0,3663,,,,,,,
,,Core i5-3320M,881,48.0,30496,,,,,,,
,,Phenom II X2 565,882,48.0,383,,,,,,,
,,Athlon II X4 641,883,47.9,1109,,,,,,,
AD5500OKHJBOX,,A8-5500 APU,884,47.9,10478,,,,,,,
,,Core i5-2410M,885,47.9,46742,,,,,,,
,,Core2 Quad Q9500,886,47.9,5111,,,,,,,
AW8063801032301,,Core i5-3210M,887,47.8,79744,,,,,,,
,,Core i3-5015U,888,47.8,3979,,,,,,,
,,Core i3-5010U,889,47.7,11105,,,,,,,
,,Xeon E5462,890,47.6,662,,,,,,,
,,Celeron G550,891,47.6,1902,,,,,,,
,,Core i5-2520M,892,47.6,45308,,,,,,,
FJ8067703282227,,Core i3-8130U,893,47.6,25471,,,,,,,
,,Core i3-2328M,894,47.5,7778,,,,,,,
BX80662G4400,,Pentium G4400,895,47.5,36432,,,,,,,
,,Core m3-8100Y,896,47.4,1387,,,,,,,
,,A8-7670K APU (2014 D.Ka),897,47.4,1733,,,,,,,
,,Phenom II X4 840,898,47.3,5147,,,,,,,
,,Pentium G630,899,47.3,12397,,,,,,,
,,Core i5-3317U,900,47.2,26848,,,,,,,
,,Phenom II X3 710,901,47.2,965,,,,,,,
,,Core i5-7Y54,902,47.2,1509,,,,,,,
,,Core i5-3337U,903,47.2,33616,,,,,,,
,,Core i7-4510U,904,47.1,63054,,,,,,,
,,Core i3-2330M,905,47.0,20066,,,,,,,
,,Core i3 550,906,47.0,19058,,,,,,,
,,Core i3-2350M,907,47.0,24896,,,,,,,
,,Core m3-7Y32,908,47.0,57,,,,,,,
,,Core2 Quad Q9505,909,47.0,2124,,,,,,,
AD789KXDJCHBX,,A10-7890K APU (2014 D.Ka),910,47.0,6638,,,,,,,
,,Core i3-10110U,911,46.9,11481,,,,,,,
,,Xeon E5-2660 v2,912,46.9,32,,,,,,,
,,Celeron G540,913,46.9,1658,,,,,,,
,,Xeon L5420,914,46.7,1165,,,,,,,
,,A10-6700T APU (2013 D.Ri),915,46.7,84,,,,,,,
,,Pentium 2020M,916,46.7,9778,,,,,,,
,,A8-3870 APU,917,46.7,6332,,,,,,,
,,Core2 Extreme Q6850,918,46.7,1078,,,,,,,
,,Core M-5Y10,919,46.5,478,,,,,,,
,,Phenom 9950,920,46.5,2150,,,,,,,
,,Phenom II X2 560,921,46.5,1794,,,,,,,
,,Core i3-2310M,922,46.5,25542,,,,,,,
,,Core m3-7Y30,923,46.4,4585,,,,,,,
,,Athlon II X4 631,924,46.4,1364,,,,,,,
,,Pentium G620,925,46.4,12899,,,,,,,
,,Core i5 650,926,46.3,42063,,,,,,,
,,Athlon II X3 460,927,46.3,1087,,,,,,,
AD870KXBJCSBX,,Athlon II X4 870K,928,46.2,2094,,,,,,,
,,Core i7-5500U,929,46.2,73655,,,,,,,
,,Core2 Extreme Q9300,930,46.1,660,,,,,,,
,,Core2 Quad Q9400,931,46.1,24176,,,,,,,
,,Pentium B980,932,46.1,3640,,,,,,,
AD880KXBJCSBX,,Athlon X4 880K,933,46.1,8721,,,,,,,
,,A8-3850 APU,934,46.0,3108,,,,,,,
,,A6-3670 APU,935,46.0,2400,,,,,,,
,,Athlon II X4 645,936,46.0,5346,,,,,,,
,,Core M-5Y70,937,46.0,792,,,,,,,
,,Phenom 9850,938,45.9,2080,,,,,,,
,,Core i3 540,939,45.9,24563,,,,,,,
,,Celeron G530,940,45.9,3833,,,,,,,
AD787KXDJCBOX,,A10-7870K APU (2014 D.Ka),941,45.8,9821,,,,,,,
,,Phenom II X2 550,942,45.8,3836,,,,,,,
,,Core i7-6500U,943,45.6,102213,,,,,,,
,,Pentium B970,944,45.6,2956,,,,,,,
,,Core i3 530,945,45.6,16724,,,,,,,
,,Core2 Quad Q9300,946,45.5,10428,,,,,,,
,,Core i5-7200U,947,45.4,205332,,,,,,,
AD860KXBJASBX,,Athlon II X4 860K,948,45.4,29887,,,,,,,
,,Core i3-3227U,949,45.4,7282,,,,,,,
,,Athlon II X2 265,950,45.4,677,,,,,,,
,,Athlon II X4 635,951,45.3,5306,,,,,,,
,,Core i5-2467M,952,45.3,4235,,,,,,,
,,Phenom II X2 555,953,45.3,4836,,,,,,,
,,Athlon II X3 455,954,45.2,3733,,,,,,,
,,Xeon E5420,955,45.2,1391,,,,,,,
,,Ryzen 3 2200U,956,45.1,15631,,,,,,,
,,Phenom II X2 545,957,45.1,1088,,,,,,,
AD785KXBJABOX,,A10-7850K APU (2014 D.Ka),958,45.1,19875,,,,,,,
,,A8-7500 APU (2014 M.Ka),959,45.0,345,,,,,,,
AD845XACKASBX,,Athlon X4 845,960,45.0,6391,,,,,,,
,,Core M-5Y71,961,45.0,3052,,,,,,,
,,Core i5-7300U,962,45.0,24421,,,,,,,
YM300UC4T2OFG,,Athlon 300U,963,44.9,1541,,,,,,,
,,Athlon II X4 640,964,44.8,18839,,,,,,,
,,Core2 Quad Q8400,965,44.6,18432,,,,,,,
,,Athlon II X4 630,966,44.6,7197,,,,,,,
,,Core i3-4030U,967,44.6,24177,,,,,,,
,,A10-7700K APU (2014 D.Ka),968,44.6,11026,,,,,,,
,,Core i7-6600U,969,44.5,31982,,,,,,,
,,Core m3-6Y30,970,44.4,5480,,,,,,,
,,Core i5-4210Y,971,44.4,596,,,,,,,
,,Pentium 2127U,972,44.4,1397,,,,,,,
,,Phenom 9750,973,44.4,1906,,,,,,,
,,Athlon 64 X2 Dual Core 6400+,974,44.4,870,,,,,,,
,,Core M-5Y10c,975,44.4,3050,,,,,,,
,,FX-770K (2014 D.Ka),976,44.3,1664,,,,,,,
,,A6-3650 APU,977,44.3,2748,,,,,,,
,,Core i5-4300Y,978,44.2,766,,,,,,,
,,Core2 Quad Q6700,979,44.2,6294,,,,,,,
,,A4-6320 APU,980,44.1,580,,,,,,,
,,Celeron 1005M,981,44.1,3385,,,,,,,
,,Pentium 3805U,982,44.1,990,,,,,,,
AD9700AHABBOX,,A10-9700E APU (2016 D.BR),983,44.1,306,,,,,,,
,,Core i5-2537M,984,44.0,490,,,,,,,
AD9800AUABBOX,,A12-9800 APU (2016 M.BR),985,44.0,4241,,,,,,,
,,Core i3-4010U,986,44.0,12162,,,,,,,
,,Pentium B940,987,44.0,3831,,,,,,,
,,Core i3-1005G1,988,43.8,22960,,,,,,,
,,Core2 Quad Q8300,989,43.8,20482,,,,,,,
,,Core2 Duo E8600,990,43.7,6109,,,,,,,
,,Core M-5Y51,991,43.7,484,,,,,,,
AD765KXBJABOX,,A8-7650K APU (2014 D.Ka),992,43.7,15487,,,,,,,
,,Pentium B960,993,43.7,13355,,,,,,,
,,Core i5-4300U,994,43.7,36631,,,,,,,
,,A10-5757M APU,995,43.7,1325,,,,,,,
,,Athlon II X3 450,996,43.6,4468,,,,,,,
,,Core i7-7Y75,997,43.6,2904,,,,,,,
,,Athlon II X4 620,998,43.6,5981,,,,,,,
,,Athlon II X3 445,999,43.6,3101,,,,,,,
,,Core m5-6Y57,1000,43.5,1787,,,,,,,
,,Core i3-6100U,1001,43.4,24116,,,,,,,
AM973PAEY44AB,,A12-9730P APU (2016 M.BR),1002,43.4,366,,,,,,,
,,Core i3-7100U,1003,43.4,37239,,,,,,,
,,Pentium B950,1004,43.3,7305,,,,,,,
,,Core m5-6Y54,1005,43.3,1733,,,,,,,
,,Pentium 2117U,1006,43.2,5157,,,,,,,
,,Celeron 1037U,1007,43.2,2458,,,,,,,
,,Athlon II X3 440,1008,43.1,1929,,,,,,,
,,A8-3800 APU,1009,43.1,1505,,,,,,,
,,Xeon X3220,1010,43.1,790,,,,,,,
,,Core2 Quad Q8200,1011,43.0,19990,,,,,,,
,,Core i7 M 640,1012,43.0,5045,,,,,,,
,,Athlon II X3 435,1013,43.0,1878,,,,,,,
,,Phenom 9650,1014,43.0,2698,,,,,,,
,,Core i3-3217U,1015,43.0,28188,,,,,,,
,,Core i5-4202Y,1016,42.9,683,,,,,,,
AD786KYBJCSBX,,A10-7860K APU (2014 D.Ka),1017,42.9,12658,,,,,,,
,,Core i5 M 580,1018,42.8,1467,,,,,,,
,,Core m7-6Y75,1019,42.8,1933,,,,,,,
,,Phenom 9550,1020,42.7,2773,,,,,,,
,,Core i3-2375M,1021,42.6,1542,,,,,,,
,,Core2 Quad,1022,42.6,5765,,,,,,,
,,Core i3-4012Y,1023,42.6,548,,,,,,,
,,Core i5-4200U,1024,42.6,64450,,,,,,,
,,Athlon II X2 270,1025,42.6,6369,,,,,,,
,,Celeron B830,1026,42.6,3455,,,,,,,
,,A10-4600M APU,1027,42.6,5886,,,,,,,
,,Athlon II X2 260,1028,42.4,5317,,,,,,,
,,Celeron 1000M,1029,42.4,3569,,,,,,,
,,Xeon E3110,1030,42.4,372,,,,,,,
,,Celeron B820,1031,42.3,3353,,,,,,,
AM963PAEY44AB,,A10-9630P APU (2016 M.BR),1032,42.2,573,,,,,,,
,,Core i3-2367M,1033,42.2,2143,,,,,,,
,,Athlon II X3 425,1034,42.1,1367,,,,,,,
,,Core i7 M 620,1035,42.1,9076,,,,,,,
,,Core i3 M 390,1036,42.0,1039,,,,,,,
,,A8-7600 APU (2014 D.Ka),1037,41.9,31243,,,,,,,
AD9700AGABBOX,,A10-9700 APU (2016 M.BR),1038,41.9,11837,,,,,,,
,,Xeon E5405,1039,41.9,719,,,,,,,
,,Core2 Duo E8500,1040,41.9,18841,,,,,,,
,,Athlon II X2 255,1041,41.8,3508,,,,,,,
,,A8-5550M APU,1042,41.7,3681,,,,,,,
,,Core i5-5200U,1043,41.7,107407,,,,,,,
BX80562Q6600,,Core2 Quad Q6600,1044,41.6,59658,,,,,,,
,,Celeron B815,1045,41.6,2620,,,,,,,
,,Core i5-5300U,1046,41.6,29898,,,,,,,
,,Athlon II X2 B24,1047,41.6,2045,,,,,,,
,,Core2 Quad Q9000,1048,41.5,869,,,,,,,
,,Celeron 887,1049,41.5,588,,,,,,,
,,A10-5750M APU,1050,41.5,4247,,,,,,,
,,Core i5 M 560,1051,41.4,10722,,,,,,,
,,Core i5-4210U,1052,41.3,82966,,,,,,,
,,Core2 Extreme X9100,1053,41.3,548,,,,,,,
,,Core i5-6200U,1054,41.3,135462,,,,,,,
,,Core2 Duo E8300,1055,41.3,1428,,,,,,,
,,Core i3-2365M,1056,41.2,2016,,,,,,,
,,Athlon X2 240,1057,41.1,291,,,,,,,
,,Celeron 1017U,1058,41.1,1642,,,,,,,
,,Core i5 M 480,1059,41.1,16023,,,,,,,
,,Phenom X3 8650,1060,41.0,1447,,,,,,,
,,A8-3530MX APU,1061,40.9,441,,,,,,,
,,Core i5 M 540,1062,40.9,8329,,,,,,,
,,Pentium G6950,1063,40.7,1090,,,,,,,
,,Xeon E5345,1064,40.7,284,,,,,,,
,,A10-7800 APU (2014 D.Ka),1065,40.7,15719,,,,,,,
,,Ryzen 3 3200U,1066,40.7,21522,,,,,,,
,,Pentium E6800,1067,40.7,851,,,,,,,
AD9800AHABBOX,,A12-9800E APU (2016 M.BR),1068,40.7,768,,,,,,,
,,Athlon 64 X2 Dual Core 6000+,1069,40.7,5594,,,,,,,
,,Core2 Duo T9900,1070,40.7,1008,,,,,,,
,,Core2 Duo T9800,1071,40.6,537,,,,,,,
,,Core i7 L 640,1072,40.6,2030,,,,,,,
,,Athlon II X2 245,1073,40.6,6247,,,,,,,
,,Celeron 877,1074,40.5,671,,,,,,,
,,Athlon 7850,1075,40.5,530,,,,,,,
,,A6-3620 APU,1076,40.5,2758,,,,,,,
,,Core i3-7020U,1077,40.5,28454,,,,,,,
,,Phenom 9150e,1078,40.5,947,,,,,,,
,,Core i5-6300U,1079,40.4,59619,,,,,,,
,,Celeron B800,1080,40.4,2662,,,,,,,
,,A8-3510MX APU,1081,40.3,528,,,,,,,
,,Athlon II X2 250 (2013 D.Ri),1082,40.3,19471,,,,,,,
,,Core2 Duo E8400,1083,40.3,68540,,,,,,,
,,Core2 Duo P9700,1084,40.3,485,,,,,,,
,,Core i5 M 460,1085,40.3,18336,,,,,,,
,,A6-5400K APU,1086,40.3,7836,,,,,,,
,,Celeron 3205U,1087,40.3,915,,,,,,,
,,Core2 Duo E8200,1088,40.2,4318,,,,,,,
,,Core i5 M 520,1089,40.1,23644,,,,,,,
,,Athlon II X2 240,1090,40.1,5506,,,,,,,
,,Core i5 M 450,1091,40.0,8084,,,,,,,
,,A4-6300 APU,1092,40.0,10924,,,,,,,
,,Pentium 987,1093,39.9,1524,,,,,,,
,,A4-5300 APU,1094,39.9,7032,,,,,,,
AD9600AGABBOX,,A8-9600 APU (2016 D.BR),1095,39.9,12273,,,,,,,
,,A6-6400K APU,1096,39.8,13306,,,,,,,
FM983PAEY44AB,,FX-9830P APU (2016 M.BR),1097,39.8,4052,,,,,,,
,,Core i3 M 380,1098,39.8,21755,,,,,,,
,,Core i3-2357M,1099,39.8,125,,,,,,,
,,Phenom II N850,1100,39.7,308,,,,,,,
,,Phenom II N930,1101,39.7,536,,,,,,,
,,Pentium E6700,1102,39.6,5273,,,,,,,
,,Core2 Duo E7600,1103,39.6,4159,,,,,,,
,,Core2 X6800,1104,39.6,267,,,,,,,
,,Core2 Duo E6850,1105,39.6,4150,,,,,,,
,,Xeon E5335,1106,39.5,166,,,,,,,
FH8068003067415,,Pentium Silver J5005,1107,39.5,2202,,,,,,,
,,Core2 Duo T9500,1108,39.4,996,,,,,,,
,,Celeron 1007U,1109,39.4,5995,,,,,,,
,,Core i5 M 430,1110,39.4,14318,,,,,,,
,,Phenom X3 8450,1111,39.3,1789,,,,,,,
HE8067702740049,,Pentium Gold 4425Y,1112,39.3,557,,,,,,,
,,Core i3 M 370,1113,39.3,23407,,,,,,,
,,Core2 Duo E7500,1114,39.2,39897,,,,,,,
,,Core i7 L 620,1115,39.2,387,,,,,,,
,,Pentium E6500,1116,39.2,5942,,,,,,,
,,A6-3500 APU,1117,39.1,2804,,,,,,,
,,A4-4000 APU,1118,39.1,6528,,,,,,,
,,Core2 Duo T9400,1119,39.1,3295,,,,,,,
,,FX-7600P APU (2014 M.Ka),1120,39.1,1094,,,,,,,
,,Pentium E6600,1121,39.0,5119,,,,,,,
,,A8-4500M APU,1122,39.0,9726,,,,,,,
,,Core2 6700,1123,39.0,2388,,,,,,,
,,Core2 Duo T9600,1124,38.9,2726,,,,,,,
,,Athlon 7750,1125,38.8,2273,,,,,,,
,,Athlon II X2 220,1126,38.7,5045,,,,,,,
,,Athlon 64 X2 Dual Core 5600+,1127,38.6,3286,,,,,,,
,,A6-7470K APU (2014 D.Ka),1128,38.6,227,,,,,,,
,,Core2 Duo P9600,1129,38.6,524,,,,,,,
,,Core2 Duo T9550,1130,38.6,1427,,,,,,,
,,Core i3-4005U,1131,38.5,37483,,,,,,,
,,Core2 Duo E7300,1132,38.5,7475,,,,,,,
,,Core i3 M 350,1133,38.5,14351,,,,,,,
,,Phenom II N830,1134,38.4,724,,,,,,,
,,Core2 Duo E7400,1135,38.4,14354,,,,,,,
,,Athlon 64 X2 Dual Core 5400+,1136,38.3,956,,,,,,,
,,A6-3410MX APU,1137,38.3,1071,,,,,,,
,,Pentium D 3.73GHz,1138,38.3,44,,,,,,,
HE8067702740018,,Pentium Gold 4415Y,1139,38.2,2625,,,,,,,
,,Celeron 2957U,1140,38.1,2764,,,,,,,
,,Core2 Duo T9300,1141,38.1,3287,,,,,,,
,,Core i3 M 330,1142,38.0,14119,,,,,,,
,,Core M-5Y31,1143,38.0,112,,,,,,,
,,Athlon II X2 215,1144,37.8,4513,,,,,,,
,,Core2 Duo E6750,1145,37.8,9456,,,,,,,
,,Core2 Duo E7200,1146,37.8,6054,,,,,,,
,,Pentium E6300,1147,37.8,2604,,,,,,,
,,A8-3520M APU,1148,37.7,1349,,,,,,,
,,Core2 Duo P9400,1149,37.7,748,,,,,,,
,,Core2 Duo P8800,1150,37.6,946,,,,,,,
,,Core i3-5005U,1151,37.5,50603,,,,,,,
,,Pentium E5800,1152,37.5,8890,,,,,,,
,,A8-3500M APU,1153,37.4,1332,,,,,,,
BX80557E6550,,Core2 Duo E6550,1154,37.4,11349,,,,,,,
,,Opteron 4171 HE,1155,37.4,16,,,,,,,
,,Core2 6600,1156,37.3,8894,,,,,,,
,,Core2 Duo P8700,1157,37.3,7366,,,,,,,
,,Core2 Duo T7700,1158,37.1,1898,,,,,,,
,,Athlon Dual Core 4850e,1159,37.1,607,,,,,,,
,,Athlon 64 X2 Dual Core 5200+,1160,36.8,5400,,,,,,,
,,A10-4655M APU,1161,36.8,2021,,,,,,,
,,Core2 Duo P8400,1162,36.8,6904,,,,,,,
,,Core2 Duo P8600,1163,36.7,8502,,,,,,,
,,Core2 Duo T8300,1164,36.6,2604,,,,,,,
,,Pentium E5500,1165,36.6,7497,,,,,,,
,,Core2 6420,1166,36.5,2091,,,,,,,
,,A10-5745M APU,1167,36.5,6689,,,,,,,
,,Pentium E5700,1168,36.5,20872,,,,,,,
,,A10-7400P APU (2014 M.Ka),1169,36.4,1409,,,,,,,
,,A6-3420M APU,1170,36.3,4510,,,,,,,
,,Pentium P6200,1171,36.2,8041,,,,,,,
,,Athlon II P360,1172,36.2,1500,,,,,,,
,,Pentium E5400,1173,36.2,14795,,,,,,,
,,Phenom II P960,1174,36.2,1167,,,,,,,
,,Core i3-6006U,1175,36.1,47111,,,,,,,
,,Pentium E5200,1176,36.0,13848,,,,,,,
,,Pentium E5300,1177,35.9,18604,,,,,,,
,,A8-5545M APU,1178,35.9,2749,,,,,,,
,,Athlon 64 X2 Dual Core 5000+,1179,35.8,5372,,,,,,,
,,Athlon 64 X2 Dual Core 4600+,1180,35.8,2253,,,,,,,
,,Atom Z3740D,1181,35.8,193,,,,,,,
,,Celeron E3200,1182,35.7,981,,,,,,,
,,Sempron 145,1183,35.7,3678,,,,,,,
FH8068003067403,,Celeron J4105,1184,35.7,1216,,,,,,,
,,Core2 Duo P7550,1185,35.7,895,,,,,,,
,,Celeron E3300,1186,35.6,2428,,,,,,,
FM980PADY44AB,,FX-9800P APU (2016 M.BR),1187,35.6,3040,,,,,,,
,,A4-3400 APU,1188,35.5,2796,,,,,,,
,,Core2 Duo P7450,1189,35.5,2755,,,,,,,
,,A4-3300 APU,1190,35.5,2884,,,,,,,
,,Core2 6400,1191,35.5,5556,,,,,,,
,,Core2 Duo E4700,1192,35.4,1169,,,,,,,
,,Athlon Dual Core 4450e,1193,35.4,511,,,,,,,
,,A10-9620P APU (2016 M.BR),1194,35.3,6180,,,,,,,
,,Turion II Neo N54L,1195,35.3,191,,,,,,,
,,A6-4400M APU,1196,35.2,6363,,,,,,,
,,Pentium J2900,1197,35.2,4259,,,,,,,
AD9500AHABBOX,,A6-9500E APU (2016 D.BR),1198,35.2,255,,,,,,,
,,Pentium P6100,1199,35.2,6283,,,,,,,
,,Celeron E3400,1200,35.2,3809,,,,,,,
,,Sempron 140,1201,35.1,2532,,,,,,,
,,Core2 Duo T7500,1202,35.1,4281,,,,,,,
,,Core2 Duo T8100,1203,35.0,2639,,,,,,,
,,A4-4300M APU,1204,35.0,2270,,,,,,,
,,A12-9720P APU (2016 M.BR),1205,35.0,17422,,,,,,,
,,Athlon II P340,1206,34.9,2473,,,,,,,
,,A6-7400K APU (2014 D.Ka),1207,34.8,8083,,,,,,,
,,Core2 Duo P7350,1208,34.8,2717,,,,,,,
,,Athlon 64 X2 Dual Core 4800+,1209,34.7,1985,,,,,,,
,,Pentium N3530,1210,34.7,5111,,,,,,,
,,A6-3400M APU,1211,34.6,3654,,,,,,,
,,Core2 Duo T6670,1212,34.6,2094,,,,,,,
,,Celeron Dual Core T3300,1213,34.5,619,,,,,,,
,,Core2 Duo T6600,1214,34.5,8673,,,,,,,
,,Athlon 64 X2 Dual Core 4200+,1215,34.5,4133,,,,,,,
,,A8-4555M APU,1216,34.5,2151,,,,,,,
,,Core2 6300,1217,34.5,5234,,,,,,,
,,Pentium N3520,1218,34.4,2090,,,,,,,
,,Core2 Duo T6400,1219,34.4,4995,,,,,,,
,,Core2 Duo T6500,1220,34.4,3335,,,,,,,
,,Core2 Duo T7300,1221,34.4,2712,,,,,,,
,,A4-3330MX APU,1222,34.3,1369,,,,,,,
,,Core2 Duo E4600,1223,34.3,6872,,,,,,,
,,Core2 Duo T5870,1224,34.1,2085,,,,,,,
,,A4-7210 APU (2015 M.Ca),1225,34.0,2180,,,,,,,
,,A9-9430 APU (2016 M.SR),1226,34.0,923,,,,,,,
,,Athlon 64 X2 Dual Core 3800+,1227,34.0,2640,,,,,,,
,,Pentium T4400,1228,34.0,7903,,,,,,,
,,Core2 Duo T7250,1229,34.0,3604,,,,,,,
,,Athlon II P320,1230,34.0,3972,,,,,,,
,,V140,1231,34.0,788,,,,,,,
,,Core2 T7600,1232,34.0,622,,,,,,,
,,Celeron J1900,1233,33.9,6116,,,,,,,
,,Celeron Dual Core T3100,1234,33.9,976,,,,,,,
,,Core2 Duo T5670,1235,33.9,785,,,,,,,
FH8068003067406,,Pentium Silver N5000,1236,33.9,12140,,,,,,,
AM970PADY44AB,,A12-9700P APU (2016 M.BR),1237,33.9,5770,,,,,,,
,,Core2 Duo T6570,1238,33.9,2846,,,,,,,
,,Pentium T4500,1239,33.9,8800,,,,,,,
,,Pentium T4200,1240,33.9,5474,,,,,,,
,,Athlon 64 X2 Dual Core 4400+,1241,33.9,2970,,,,,,,
,,Celeron N2930,1242,33.8,2000,,,,,,,
AD9500AGABBOX,,A6-9500 APU (2016 D.BR),1243,33.8,2296,,,,,,,
,,Athlon 5350 APU R3,1244,33.8,3720,,,,,,,
,,Celeron 847,1245,33.8,3990,,,,,,,
,,Pentium T4300,1246,33.7,6462,,,,,,,
,,Core2 Duo T5800,1247,33.6,3175,,,,,,,
,,Pentium N3540,1248,33.5,17036,,,,,,,
,,V120,1249,33.5,586,,,,,,,
,,Core2 Duo E4500,1250,33.4,8675,,,,,,,
,,Athlon 64 3000+,1251,33.3,300,,,,,,,
,,Athlon II M320,1252,33.3,922,,,,,,,
,,Core2 Duo E4400,1253,33.3,1439,,,,,,,
,,Core2 T7400,1254,33.2,673,,,,,,,
,,Pentium Dual E2200,1255,33.2,8325,,,,,,,
,,Athlon 64 3500+,1256,33.2,480,,,,,,,
AM960PADY44AB,,A10-9600P APU (2016 M.BR),1257,33.1,13243,,,,,,,
,,Core2 4400,1258,33.1,1900,,,,,,,
,,Pentium Dual E2180,1259,33.0,7312,,,,,,,
,,A4-3300M APU,1260,33.0,1991,,,,,,,
,,Pentium J4205,1261,32.9,1095,,,,,,,
,,Pentium Dual T3400,1262,32.9,2721,,,,,,,
,,Turion 64 X2 Mobile Technology TL-60,1263,32.9,1111,,,,,,,
,,FX-7500 APU (2014 M.Ka),1264,32.8,4105,,,,,,,
,,Core2 Duo U9600,1265,32.7,323,,,,,,,
,,Core2 Duo T7100,1266,32.7,1343,,,,,,,
FH8068003067408,,Celeron N4100,1267,32.7,6492,,,,,,,
,,Athlon 64 3800+,1268,32.6,291,,,,,,,
,,A6-7310 APU (2015 M.Ca),1269,32.5,12494,,,,,,,
,,Core2 Duo U9400,1270,32.4,547,,,,,,,
,,Atom Z3775,1271,32.3,931,,,,,,,
,,Athlon 64 X2 Dual Core 3600+,1272,32.3,784,,,,,,,
,,Core2 T7200,1273,32.2,2351,,,,,,,
,,A8-7100 APU (2014 M.Ka),1274,32.1,1069,,,,,,,
,,A6-4455M APU,1275,32.1,1612,,,,,,,
,,Pentium D 3.40GHz,1276,32.1,3806,,,,,,,
,,Athlon 64 4000+,1277,32.1,62,,,,,,,
,,Pentium Dual E2160,1278,32.1,4697,,,,,,,
,,T2400,1279,31.9,746,,,,,,,
,,Pentium Dual T3200,1280,31.9,2188,,,,,,,
,,A8-6410 APU R5 Graphics,1281,31.8,19683,,,,,,,
,,Athlon II M300,1282,31.8,1238,,,,,,,
,,Athlon 64 3200+,1283,31.8,900,,,,,,,
,,T2300,1284,31.5,946,,,,,,,
,,Core2 T5500,1285,31.5,1616,,,,,,,
,,Core2 Duo T5750,1286,31.5,2050,,,,,,,
,,A4-3305M APU,1287,31.5,1486,,,,,,,
,,Core2 T5600,1288,31.4,1304,,,,,,,
,,Core2 Duo T5550,1289,31.2,1461,,,,,,,
,,A8-7410 APU (2015 M.Ca),1290,31.2,28018,,,,,,,
,,Atom Z3770,1291,31.1,170,,,,,,,
,,Core2 Duo T5450,1292,31.1,1321,,,,,,,
,,Pentium D 3.20GHz,1293,30.9,938,,,,,,,
,,Athlon 64 X2 Dual Core 4000+,1294,30.9,2693,,,,,,,
,,Celeron N2920,1295,30.9,1586,,,,,,,
,,Pentium Dual E2140,1296,30.7,2489,,,,,,,
,,T2080,1297,30.7,496,,,,,,,
,,Pentium 4 3.40GHz,1298,30.7,1108,,,,,,,
,,Core i5 U 470,1299,30.7,341,,,,,,,
,,Core2 Duo T5250,1300,30.6,962,,,,,,,
,,A10-7300 APU (2014 M.Ka),1301,30.6,6248,,,,,,,
,,A6-5200 APU,1302,30.4,10450,,,,,,,
,,Celeron 900,1303,30.3,3169,,,,,,,
,,A9-9400 APU (2016 M.SR),1304,30.3,1803,,,,,,,
,,U7300,1305,30.1,1665,,,,,,,
,,Pentium 4 3.20GHz,1306,30.1,3160,,,,,,,
,,Atom Z3740,1307,29.9,1399,,,,,,,
,,E2-3000M APU,1308,29.9,1042,,,,,,,
,,Turion X2 Dual-Core Mobile RM-70,1309,29.8,495,,,,,,,
,,Pentium N4200,1310,29.8,10928,,,,,,,
,,Celeron E1500,1311,29.7,322,,,,,,,
,,Celeron E1400,1312,29.7,421,,,,,,,
,,Pentium D 3.00GHz,1313,29.6,4281,,,,,,,
,,A9-9410 APU (2016 M.SR),1314,29.6,6306,,,,,,,
,,Pentium Dual T2370,1315,29.6,714,,,,,,,
,,A4-6210 APU R3 Graphics,1316,29.5,5378,,,,,,,
,,Pentium D 2.80GHz,1317,29.5,3782,,,,,,,
,,E2-7110 APU (2015 M.Ca),1318,29.4,5170,,,,,,,
,,U4100,1319,29.3,1054,,,,,,,
,,Turion II Neo N40L,1320,29.3,169,,,,,,,
,,Pentium 4 3.00GHz,1321,29.2,6937,,,,,,,
,,A4-9120 APU (2016 M.SR),1322,29.2,1643,,,,,,,
AM9220AYN23AC,,A6-9220 APU (2016 M.SR),1323,29.2,4762,,,,,,,
,,Celeron J3455,1324,29.1,3455,,,,,,,
,,Celeron N2830,1325,29.1,10608,,,,,,,
,,Pentium Dual T2330,1326,29.1,867,,,,,,,
,,Pentium Dual T2310,1327,29.0,450,,,,,,,
AM9200AKN23AC,,A6-9200 APU (2016 M.SR),1328,28.9,1116,,,,,,,
,,Pentium Dual T2390,1329,28.8,1249,,,,,,,
,,A9-9420 APU (2016 M.SR),1330,28.4,14746,,,,,,,
,,Celeron N2840,1331,28.4,20923,,,,,,,
FH8068003067416,,Celeron J4005,1332,28.3,1572,,,,,,,
,,Pentium 4 2.80GHz,1333,28.1,1546,,,,,,,
,,E2-9000 APU (2016 M.SR),1334,28.0,1803,,,,,,,
,,E2-9010 APU (2016 M.SR),1335,27.9,275,,,,,,,
,,Pentium M processor 1.73GHz,1336,27.9,318,,,,,,,
,,Celeron N3160,1337,27.6,1747,,,,,,,
,,Celeron N2815,1338,27.4,1028,,,,,,,
,,Atom x7-Z8700,1339,27.3,2330,,,,,,,
,,Celeron N2820,1340,27.3,2102,,,,,,,
,,E2-2000 APU (2012 M.Za),1341,27.1,927,,,,,,,
,,A9-9425 APU (2016 M.SR),1342,27.1,15014,,,,,,,
,,Celeron N3450,1343,27.0,6637,,,,,,,
,,Sempron 3000+,1344,26.8,276,,,,,,,
,,Atom x7-Z8750,1345,26.7,376,,,,,,,
,,Sempron 2800+,1346,26.7,158,,,,,,,
,,A4-5000 APU,1347,26.6,10330,,,,,,,
,,Atom x5-Z8550,1348,26.6,611,,,,,,,
,,Atom D2700,1349,26.4,250,,,,,,,
,,A6-7000 APU (2014 M.Ka),1350,26.3,246,,,,,,,
,,Celeron N3150,1351,26.3,3131,,,,,,,
,,Pentium N3700,1352,26.2,11299,,,,,,,
,,Atom x5-Z8500,1353,26.1,821,,,,,,,
,,E2-9000e APU (2016 M.SR),1354,26.1,3540,,,,,,,
,,Pentium D 2.66GHz,1355,26.1,394,,,,,,,
,,Atom N2800,1356,26.0,451,,,,,,,
,,E-450 APU,1357,25.8,9307,,,,,,,
,,Pentium M processor 1.60GHz,1358,25.5,163,,,,,,,
EM1800GBB22GV,,E2-1800 APU (2012 M.Za),1359,25.4,3595,,,,,,,
,,Pentium 4 2.60GHz,1360,25.4,87,,,,,,,
,,E-350,1361,25.4,6654,,,,,,,
,,Pentium N3710,1362,25.1,12685,,,,,,,
,,Celeron M 430,1363,25.1,164,,,,,,,
,,Pentium 4 3.06GHz,1364,25.0,856,,,,,,,
,,Celeron J3355,1365,24.9,929,,,,,,,
,,Celeron N3010,1366,24.4,352,,,,,,,
FH8068003067417,,Celeron N4000,1367,23.8,14024,,,,,,,
,,Atom x5-Z8300,1368,23.7,3228,,,,,,,
,,Pentium 4 2.40GHz,1369,23.4,212,,,,,,,
,,E1-1200 APU,1370,23.2,6904,,,,,,,
,,Pentium 4 2.66GHz,1371,23.0,228,,,,,,,
,,Atom D525,1372,22.9,2196,,,,,,,
,,Celeron N3000,1373,22.9,201,,,,,,,
,,C-60 APU,1374,22.8,2297,,,,,,,
,,E-300 APU,1375,22.5,7672,,,,,,,
,,Atom N2600,1376,21.9,2255,,,,,,,
,,E1-7010 APU (2015 M.Ca),1377,21.8,1594,,,,,,,
,,Atom N570,1378,21.5,1295,,,,,,,
,,Celeron 2.80GHz,1379,21.4,48,,,,,,,
,,Atom x5-Z8350,1380,21.4,9056,,,,,,,
,,Celeron M processor 1.50GHz,1381,21.3,71,,,,,,,
,,C-50,1382,21.2,1781,,,,,,,
,,Celeron N4020,1383,21.2,5047,,,,,,,
,,Celeron N3350,1384,20.9,14922,,,,,,,
,,E1-2500 APU,1385,20.9,2593,,,,,,,
,,Celeron D 3.06GHz,1386,20.7,305,,,,,,,
,,Atom N550,1387,20.7,837,,,,,,,
,,Atom N455,1388,20.7,2770,,,,,,,
,,Atom 330,1389,20.6,1012,,,,,,,
,,Atom N450,1390,20.4,2527,,,,,,,
,,Atom N280,1391,20.3,607,,,,,,,
,,Atom N270,1392,20.1,3302,,,,,,,
,,Atom D510,1393,20.0,463,,,,,,,
,,Atom 230,1394,19.2,273,,,,,,,
,,Celeron N3050,1395,19.0,14457,,,,,,,
,,Celeron N3060,1396,18.4,20242,,,,,,,
,,E1-2100 APU,1397,17.5,4569,,,,,,,
,,Atom Z520,1398,17.3,275,,,,,,,
,,A4-1250 APU,1399,17.2,724,,,,,,,
,,A4-1200 APU,1400,17.1,480,,,,,,,
,,Phenom 9600,1401,16.0,734,,,,,,,
,,Phenom 9500,1402,14.7,1146,,,,,,,
