web-scraper-order,web-scraper-start-url,title,price,img-src,link_produkt,link_produkt-href,chipset,ram,dlugosc,taktowanie
"1746603762-1","https://www.morele.net/kategoria/karty-graficzne-12/,,,,,,,,0,,,,/20/","Karta graficzna NVIDIA H100 94GB HBM3 (900-21010-0020-000)","152 086,18 zł","https://images.morele.net/i256/13809491_0_i256.jpg","Karta graficzna NVIDIA H100 94GB HBM3 (900-21010-0020-000)","https://www.morele.net/karta-graficzna-nvidia-h100-94gb-hbm3-900-21010-0020-000-13809491/","H100","268 mm","268 mm","1837 MHz"
"1746603764-2","https://www.morele.net/kategoria/karty-graficzne-12/,,,,,,,,0,,,,/20/","Karta graficzna AMD Radeon Instinct MI210 64GB HBM2e (100-300000008H)","45 100,74 zł","https://images.morele.net/i256/13115801_0_i256.jpg","Karta graficzna AMD Radeon Instinct MI210 64GB HBM2e (100-300000008H)","https://www.morele.net/karta-graficzna-amd-radeon-instinct-mi210-64gb-hbm2e-100-300000008h-13115801/","Radeon Instinct MI210","267 mm","267 mm","1700 MHz"
"1746603767-3","https://www.morele.net/kategoria/karty-graficzne-12/,,,,,,,,0,,,,/20/","Karta graficzna PNY RTX 6000 Ada Generation 48GB GDDR6 (VCNRTX6000ADA-PB)","36 362,95 zł","https://images.morele.net/i256/13114163_1_i256.jpg","Karta graficzna PNY RTX 6000 Ada Generation 48GB GDDR6 (VCNRTX6000ADA-PB)","https://www.morele.net/karta-graficzna-pny-rtx-6000-ada-generation-48gb-gddr6-vcnrtx6000ada-pb-13114163/","","","",""
"1746603776-4","https://www.morele.net/kategoria/karty-graficzne-12/,,,,,,,,0,,,,/19/","Karta graficzna NVIDIA L40S 48GB GDDR6 (900-2G133-0080-000)","36 074,25 zł","https://images.morele.net/i256/13809494_0_i256.jpg","Karta graficzna NVIDIA L40S 48GB GDDR6 (900-2G133-0080-000)","https://www.morele.net/karta-graficzna-nvidia-l40s-48gb-gddr6-900-2g133-0080-000-13809494/","L40S","267 mm","267 mm","2520 MHz"
"1746603779-5","https://www.morele.net/kategoria/karty-graficzne-12/,,,,,,,,0,,,,/19/","Karta graficzna NVIDIA L40 48GB GDDR6 (900-2G133-0010-000)","36 074,12 zł","https://images.morele.net/i256/13120936_0_i256.jpg","Karta graficzna NVIDIA L40 48GB GDDR6 (900-2G133-0010-000)","https://www.morele.net/karta-graficzna-nvidia-l40-48gb-gddr6-900-2g133-0010-000-13120936/","L40","267 mm","267 mm","2490 MHz"
"1746603781-6","https://www.morele.net/kategoria/karty-graficzne-12/,,,,,,,,0,,,,/19/","Karta graficzna NVIDIA RTX 6000 Ada Generation 48GB GDDR6 (900-5G133-2550-000)","32 801,11 zł","https://images.morele.net/i256/13173113_1_i256.jpg","Karta graficzna NVIDIA RTX 6000 Ada Generation 48GB GDDR6 (900-5G133-2550-000)","https://www.morele.net/karta-graficzna-nvidia-rtx-6000-ada-generation-48gb-gddr6-900-5g133-2550-000-13173113/","RTX 6000 Ada Generation","268 mm","268 mm","2500 MHz"
"1746603784-7","https://www.morele.net/kategoria/karty-graficzne-12/,,,,,,,,0,,,,/19/","Karta graficzna PNY RTX 6000 Ada Generation 48GB GDDR6 (VCNRTX6000ADA-SB)","32 504,51 zł","https://images.morele.net/i256/13114164_2_i256.jpg","Karta graficzna PNY RTX 6000 Ada Generation 48GB GDDR6 (VCNRTX6000ADA-SB)","https://www.morele.net/karta-graficzna-pny-rtx-6000-ada-generation-48gb-gddr6-vcnrtx6000ada-sb-13114164/","","","",""
"1746603786-8","https://www.morele.net/kategoria/karty-graficzne-12/,,,,,,,,0,,,,/19/","Karta graficzna NVIDIA RTX 6000 Ada Generation 48GB GDDR6 (900-5G133-2250-000)","32 233,71 zł","https://images.morele.net/i256/13809500_0_i256.jpg","Karta graficzna NVIDIA RTX 6000 Ada Generation 48GB GDDR6 (900-5G133-2250-000)","https://www.morele.net/karta-graficzna-nvidia-rtx-6000-ada-generation-48gb-gddr6-900-5g133-2250-000-13809500/","RTX 6000 Ada Generation","268 mm","268 mm","2500 MHz"
"1746603788-9","https://www.morele.net/kategoria/karty-graficzne-12/,,,,,,,,0,,,,/19/","Karta graficzna HP RTX 4500 Ada Generation 24GB GDDR6 (8D6C1AA)","28 086,23 zł","https://images.morele.net/i256/14422936_0_i256.jpg","Karta graficzna HP RTX 4500 Ada Generation 24GB GDDR6 (8D6C1AA)","https://www.morele.net/karta-graficzna-hp-rtx-4500-ada-generation-24gb-gddr6-8d6c1aa-14422936/","RTX 4500 Ada Generation","267 mm","267 mm","2580 MHz"
"1746603791-10","https://www.morele.net/kategoria/karty-graficzne-12/,,,,,,,,0,,,,/19/","Karta graficzna PNY RTX A6000 48GB GDDR6 BOX (VCNRTXA6000-SB)","26 170,07 zł","https://images.morele.net/i256/8392683_0_i256.jpg","Karta graficzna PNY RTX A6000 48GB GDDR6 BOX (VCNRTXA6000-SB)","https://www.morele.net/karta-graficzna-pny-rtx-a6000-48gb-gddr6-box-vcnrtxa6000-sb-8392683/","RTX A6000","268 mm","268 mm","1860 MHz"
"1746603794-11","https://www.morele.net/kategoria/karty-graficzne-12/,,,,,,,,0,,,,/19/","Karta graficzna NVIDIA RTX 5000 Ada Generation 32GB GDDR6 (900-5G132-2540-000)","20 838,16 zł","https://images.morele.net/i256/13173112_1_i256.jpg","Karta graficzna NVIDIA RTX 5000 Ada Generation 32GB GDDR6 (900-5G132-2540-000)","https://www.morele.net/karta-graficzna-nvidia-rtx-5000-ada-generation-32gb-gddr6-900-5g132-2540-000-13173112/","","","",""
"1746603796-12","https://www.morele.net/kategoria/karty-graficzne-12/,,,,,,,,0,,,,/19/","Karta graficzna PNY RTX 5000 Ada Generation 32GB GDDR6 (VCNRTX5000ADA-PB)","19 973,59 zł","https://images.morele.net/i256/13114161_1_i256.jpg","Karta graficzna PNY RTX 5000 Ada Generation 32GB GDDR6 (VCNRTX5000ADA-PB)","https://www.morele.net/karta-graficzna-pny-rtx-5000-ada-generation-32gb-gddr6-vcnrtx5000ada-pb-13114161/","","","",""
"1746603799-13","https://www.morele.net/kategoria/karty-graficzne-12/,,,,,,,,0,,,,/19/","Karta graficzna PNY RTX 5000 Ada Generation 32GB GDDR6 (VCNRTX5000ADA-SB)","19 647,29 zł","https://images.morele.net/i256/13114162_0_i256.jpg","Karta graficzna PNY RTX 5000 Ada Generation 32GB GDDR6 (VCNRTX5000ADA-SB)","https://www.morele.net/karta-graficzna-pny-rtx-5000-ada-generation-32gb-gddr6-vcnrtx5000ada-sb-13114162/","","","",""
"1746603801-14","https://www.morele.net/kategoria/karty-graficzne-12/,,,,,,,,0,,,,/19/","Gigabyte Radeon Pro W7900 AI TOP 48GB GDDR6 DP 3xMini DP","18 961,57 zł","https://images.morele.net/i256/14917297_0_i256.jpg","Gigabyte Radeon Pro W7900 AI TOP 48GB GDDR6 DP 3xMini DP","https://www.morele.net/gigabyte-radeon-pro-w7900-ai-top-48gb-gddr6-dp-3xmini-dp-14917297/","","48 GB","48 GB",""
"1746603804-15","https://www.morele.net/kategoria/karty-graficzne-12/,,,,,,,,0,,,,/19/","Karta graficzna NVIDIA RTX 5000 Ada Generation 32GB GDDR6 (900-5G132-2240-000)","18 407,25 zł","https://images.morele.net/i256/13173111_1_i256.jpg","Karta graficzna NVIDIA RTX 5000 Ada Generation 32GB GDDR6 (900-5G132-2240-000)","https://www.morele.net/karta-graficzna-nvidia-rtx-5000-ada-generation-32gb-gddr6-900-5g132-2240-000-13173111/","","","",""
"1746603806-16","https://www.morele.net/kategoria/karty-graficzne-12/,,,,,,,,0,,,,/19/","ZOTAC GAMING GeForce RTX 5090 Solid OC White Edition, 32768 MB GDDR7","17 113,39 zł","https://images.morele.net/i256/14863863_0_i256.jpg","ZOTAC GAMING GeForce RTX 5090 Solid OC White Edition, 32768 MB GDDR7","https://www.morele.net/zotac-gaming-geforce-rtx-5090-solid-oc-white-edition-32768-mb-gddr7-14863863/","","","",""
"1746603809-17","https://www.morele.net/kategoria/karty-graficzne-12/,,,,,,,,0,,,,/19/","Karta graficzna HP RTX A5000 24GB GDDR6 (20X23AA)","16 594,50 zł","https://images.morele.net/i256/12907222_0_i256.jpg","Karta graficzna HP RTX A5000 24GB GDDR6 (20X23AA)","https://www.morele.net/karta-graficzna-hp-rtx-a5000-24gb-gddr6-20x23aa-12907222/","RTX A5000","268 mm","268 mm","1695 MHz"
"1746603811-18","https://www.morele.net/kategoria/karty-graficzne-12/,,,,,,,,0,,,,/19/","Karta graficzna Asus ROG Astral LC GeForce RTX 5090 OC 32GB GDDR7 DLSS4 (ROG-ASTRAL-LC-RTX5090-O32G-GAMING)","15 999 zł","https://images.morele.net/i256/14499245_0_i256.jpg","Karta graficzna Asus ROG Astral LC GeForce RTX 5090 OC 32GB GDDR7 DLSS4 (ROG-ASTRAL-LC-RTX5090-O32G-GAMING)","https://www.morele.net/karta-graficzna-asus-rog-astral-lc-geforce-rtx-5090-oc-32gb-gddr7-dlss4-rog-astral-lc-rtx5090-o32g-gaming-14499245/","GeForce RTX 5090","289 mm","289 mm","Brak danych"
"1746603813-19","https://www.morele.net/kategoria/karty-graficzne-12/,,,,,,,,0,,,,/19/","Karta graficzna Gigabyte AORUS GeForce RTX 5090 Xtreme Waterforce 32GB GDDR7 (GV-N5090AORUSX W-32GD)","14 999 zł","https://images.morele.net/i256/14485483_7_i256.jpg","Karta graficzna Gigabyte AORUS GeForce RTX 5090 Xtreme Waterforce 32GB GDDR7 (GV-N5090AORUSX W-32GD)","https://www.morele.net/karta-graficzna-gigabyte-aorus-geforce-rtx-5090-xtreme-waterforce-32gb-gddr7-gv-n5090aorusx-w-32gd-14485483/","GeForce RTX 5090","245 mm","245 mm","2655 MHz"
"1746603816-20","https://www.morele.net/kategoria/karty-graficzne-12/,,,,,,,,0,,,,/19/","Karta graficzna NVIDIA L4 24GB GDDR6 (900-2G193-0000-000)","14 999 zł","https://images.morele.net/i256/13115956_0_i256.jpg","Karta graficzna NVIDIA L4 24GB GDDR6 (900-2G193-0000-000)","https://www.morele.net/karta-graficzna-nvidia-l4-24gb-gddr6-900-2g193-0000-000-13115956/","L4","168 mm","168 mm","2040 MHz"
"1746603818-21","https://www.morele.net/kategoria/karty-graficzne-12/,,,,,,,,0,,,,/19/","Karta graficzna Gigabyte AORUS GeForce RTX 5090 Master ICE 32GB GDDR7 (GV-N5090AORUSM ICE-32GD)","14 599 zł","https://images.morele.net/i256/14485557_9_i256.jpg","Karta graficzna Gigabyte AORUS GeForce RTX 5090 Master ICE 32GB GDDR7 (GV-N5090AORUSM ICE-32GD)","https://www.morele.net/karta-graficzna-gigabyte-aorus-geforce-rtx-5090-master-ice-32gb-gddr7-gv-n5090aorusm-ice-32gd-14485557/","GeForce RTX 5090","360 mm","360 mm","2655 MHz"
"1746603821-22","https://www.morele.net/kategoria/karty-graficzne-12/,,,,,,,,0,,,,/19/","Karta graficzna Gigabyte AORUS GeForce RTX 5090 Master 32GB GDDR7 (GV-N5090AORUS M-32GD)","14 553,99 zł","https://images.morele.net/i256/14485559_9_i256.jpg","Karta graficzna Gigabyte AORUS GeForce RTX 5090 Master 32GB GDDR7 (GV-N5090AORUS M-32GD)","https://www.morele.net/karta-graficzna-gigabyte-aorus-geforce-rtx-5090-master-32gb-gddr7-gv-n5090aorus-m-32gd-14485559/","GeForce RTX 5090","360 mm","360 mm","2655 MHz"
"1746603823-23","https://www.morele.net/kategoria/karty-graficzne-12/,,,,,,,,0,,,,/19/","Karta graficzna Inno3D GeForce RTX 5090 X3 32GB GDDR7 DLSS4 (N50903-32D7-17593928)","14 455,10 zł","https://images.morele.net/i256/14520192_2_i256.jpg","Karta graficzna Inno3D GeForce RTX 5090 X3 32GB GDDR7 DLSS4 (N50903-32D7-17593928)","https://www.morele.net/karta-graficzna-inno3d-geforce-rtx-5090-x3-32gb-gddr7-dlss4-n50903-32d7-17593928-14520192/","GeForce RTX 5090","333 mm","333 mm","2407 MHz"
"1746603825-24","https://www.morele.net/kategoria/karty-graficzne-12/,,,,,,,,0,,,,/19/","Karta graficzna NVIDIA A16 64GB GDDR6 (900-2G171-0000-100)","14 393,71 zł","https://images.morele.net/i256/13120933_1_i256.jpg","Karta graficzna NVIDIA A16 64GB GDDR6 (900-2G171-0000-100)","https://www.morele.net/karta-graficzna-nvidia-a16-64gb-gddr6-900-2g171-0000-100-13120933/","A16","267 mm","267 mm","1695 MHz"
"1746603828-25","https://www.morele.net/kategoria/karty-graficzne-12/,,,,,,,,0,,,,/19/","Gainward GeForce RTX 5090 Phantom GS NVIDIA 32 GB GDDR7","14 042,99 zł","https://images.morele.net/i256/14878559_0_i256.jpg","Gainward GeForce RTX 5090 Phantom GS NVIDIA 32 GB GDDR7","https://www.morele.net/gainward-geforce-rtx-5090-phantom-gs-nvidia-32-gb-gddr7-14878559/","","","",""
"1746603830-26","https://www.morele.net/kategoria/karty-graficzne-12/,,,,,,,,0,,,,/19/","Karta graficzna Palit GeForce RTX 5090 GameRock 32GB GDDR7 DLSS4 (NE75090019R5-GB2020G)","13 499 zł","https://images.morele.net/i256/14744924_9_i256.jpg","Karta graficzna Palit GeForce RTX 5090 GameRock 32GB GDDR7 DLSS4 (NE75090019R5-GB2020G)","https://www.morele.net/karta-graficzna-palit-geforce-rtx-5090-gamerock-32gb-gddr7-dlss4-ne75090019r5-gb2020g-14744924/","GeForce RTX 5090","332 mm","332 mm","2407 MHz"
"1746603833-27","https://www.morele.net/kategoria/karty-graficzne-12/,,,,,,,,0,,,,/19/","Karta graficzna Asus TUF Gaming GeForce RTX 5090 OC 32GB GDDR7 (TUF-RTX5090-O32G-GAMING)","13 299 zł","https://images.morele.net/i256/14730224_9_i256.jpg","Karta graficzna Asus TUF Gaming GeForce RTX 5090 OC 32GB GDDR7 (TUF-RTX5090-O32G-GAMING)","https://www.morele.net/karta-graficzna-asus-tuf-gaming-geforce-rtx-5090-oc-32gb-gddr7-tuf-rtx5090-o32g-gaming-14730224/","GeForce RTX 5090","348 mm","348 mm","2580 MHz"
"1746603835-28","https://www.morele.net/kategoria/karty-graficzne-12/,,,,,,,,0,,,,/19/","Karta graficzna PNY GeForce RTX 5090 Overclocked (VCG509032TFXPB1-O)","13 263,90 zł","https://images.morele.net/i256/14481801_0_i256.jpg","Karta graficzna PNY GeForce RTX 5090 Overclocked (VCG509032TFXPB1-O)","https://www.morele.net/karta-graficzna-pny-geforce-rtx-5090-overclocked-vcg509032tfxpb1-o-14481801/","GeForce RTX 5090","329 mm","329 mm","2410 MHz"
"1746603838-29","https://www.morele.net/kategoria/karty-graficzne-12/,,,,,,,,0,,,,/19/","Karta graficzna Lenovo RTX A5000 24GB GDDR6 (4X61D97085)","13 176,31 zł","https://images.morele.net/i256/10521152_2_i256.jpg","Karta graficzna Lenovo RTX A5000 24GB GDDR6 (4X61D97085)","https://www.morele.net/karta-graficzna-lenovo-rtx-a5000-24gb-gddr6-4x61d97085-10521152/","RTX A5000","Brak danych","Brak danych","1695 MHz"
"1746603840-30","https://www.morele.net/kategoria/karty-graficzne-12/,,,,,,,,0,,,,/19/","Karta graficzna MSI GeForce RTX 5090 Gaming Trio OC 32GB GDDR7","12 979,99 zł","https://images.morele.net/i256/14471823_1_i256.jpg","Karta graficzna MSI GeForce RTX 5090 Gaming Trio OC 32GB GDDR7","https://www.morele.net/karta-graficzna-msi-geforce-rtx-5090-gaming-trio-oc-32gb-gddr7-14471823/","GeForce RTX 5090","359 mm","359 mm","2497 MHz"
"1746603843-31","https://www.morele.net/kategoria/karty-graficzne-12/,,,,,,,,0,,,,/19/","Karta graficzna PNY RTX A5000 24GB GDDR6 (VCNRTXA5000-SB)","12 544,94 zł","https://images.morele.net/i256/8535618_0_i256.jpg","Karta graficzna PNY RTX A5000 24GB GDDR6 (VCNRTXA5000-SB)","https://www.morele.net/karta-graficzna-pny-rtx-a5000-24gb-gddr6-vcnrtxa5000-sb-8535618/","RTX A5000","268 mm","268 mm","1695 MHz"
"1746603845-32","https://www.morele.net/kategoria/karty-graficzne-12/,,,,,,,,0,,,,/19/","Karta graficzna PNY RTX 4500 Ada Generation 24GB GDDR6 (VCNRTX4500ADA-PB)","12 400,09 zł","https://images.morele.net/i256/13127434_1_i256.jpg","Karta graficzna PNY RTX 4500 Ada Generation 24GB GDDR6 (VCNRTX4500ADA-PB)","https://www.morele.net/karta-graficzna-pny-rtx-4500-ada-generation-24gb-gddr6-vcnrtx4500ada-pb-13127434/","","","",""
"1746603848-33","https://www.morele.net/kategoria/karty-graficzne-12/,,,,,,,,0,,,,/19/","Karta graficzna NVIDIA Karta graficzna NVIDIA L4 Module 24GB PCIe 4.0 x16 LP - ATX bracket retail","12 127,65 zł","https://images.morele.net/i256/14102906_0_i256.jpg","Karta graficzna NVIDIA Karta graficzna NVIDIA L4 Module 24GB PCIe 4.0 x16 LP - ATX bracket retail","https://www.morele.net/karta-graficzna-nvidia-karta-graficzna-nvidia-l4-module-24gb-pcie-4-0-x16-lp-atx-bracket-retail-14102906/","","","",""
"1746603858-34","https://www.morele.net/kategoria/karty-graficzne-12/,,,,,,,,0,,,,/18/","Karta graficzna NVIDIA RTX A4500 20GB GDDR6 (900-5G132-2260-000)","10 470,42 zł","https://images.morele.net/i256/13809498_0_i256.jpg","Karta graficzna NVIDIA RTX A4500 20GB GDDR6 (900-5G132-2260-000)","https://www.morele.net/karta-graficzna-nvidia-rtx-a4500-20gb-gddr6-900-5g132-2260-000-13809498/","RTX A4500","267 mm","267 mm","1650 MHz"
"1746603861-35","https://www.morele.net/kategoria/karty-graficzne-12/,,,,,,,,0,,,,/18/","Karta graficzna PNY RTX 4500 Ada Generation 24GB GDDR6 (VCNRTX4500ADA-SB)","11 247,94 zł","https://images.morele.net/i256/13129614_5_i256.jpg","Karta graficzna PNY RTX 4500 Ada Generation 24GB GDDR6 (VCNRTX4500ADA-SB)","https://www.morele.net/karta-graficzna-pny-rtx-4500-ada-generation-24gb-gddr6-vcnrtx4500ada-sb-13129614/","","","",""
"1746603863-36","https://www.morele.net/kategoria/karty-graficzne-12/,,,,,,,,0,,,,/18/","Karta graficzna PNY Nvidia Tesla T4 16GB GDDR6 (RTCST4M-PB)","11 090,49 zł","https://images.morele.net/i256/6059714_0_i256.jpg","Karta graficzna PNY Nvidia Tesla T4 16GB GDDR6 (RTCST4M-PB)","https://www.morele.net/karta-graficzna-pny-nvidia-tesla-t4-16gb-gddr6-rtcst4m-pb-6059714/","Tesla T4","168 mm","168 mm","1590 MHz"
"1746603866-37","https://www.morele.net/kategoria/karty-graficzne-12/,,,,,,,,0,,,,/18/","Karta graficzna HP RTX A4000 1S6GB GDDR6 (6H7J7AA)","10 307,41 zł","https://images.morele.net/i256/13173174_0_i256.jpg","Karta graficzna HP RTX A4000 1S6GB GDDR6 (6H7J7AA)","https://www.morele.net/karta-graficzna-hp-rtx-a4000-1s6gb-gddr6-6h7j7aa-13173174/","RTX A4000","241 mm","241 mm","1560 MHz"
"1746603868-38","https://www.morele.net/kategoria/karty-graficzne-12/,,,,,,,,0,,,,/18/","Karta graficzna AMD Radeon PRO W7800 32GB GDDR6 (100-300000075)","9 207,87 zł","https://images.morele.net/i256/12961610_1_i256.jpg","Karta graficzna AMD Radeon PRO W7800 32GB GDDR6 (100-300000075)","https://www.morele.net/karta-graficzna-amd-radeon-pro-w7800-32gb-gddr6-100-300000075-12961610/","Radeon Pro W7800","280 mm","280 mm","2500 MHz"
"1746603871-39","https://www.morele.net/kategoria/karty-graficzne-12/,,,,,,,,0,,,,/18/","Karta graficzna Matrox M9188 2GB DDR2 (128 bit) 8x Mini DisplayPort (M9188-E2048F)","8 635,02 zł","https://images.morele.net/i256/445457_0_i256.jpg","Karta graficzna Matrox M9188 2GB DDR2 (128 bit) 8x Mini DisplayPort (M9188-E2048F)","https://www.morele.net/karta-graficzna-matrox-m9188-2gb-ddr2-128-bit-8x-mini-displayport-m9188-e2048f-445457/","Matrox","229 mm","229 mm","Brak danych"
"1746603873-40","https://www.morele.net/kategoria/karty-graficzne-12/,,,,,,,,0,,,,/18/","Karta graficzna Asus TUF Gaming GeForce RTX 5080 16GB GDDR7 (TUF-RTX5080-16G-GAMING)","8 400,89 zł","https://images.morele.net/i256/14485257_0_i256.jpg","Karta graficzna Asus TUF Gaming GeForce RTX 5080 16GB GDDR7 (TUF-RTX5080-16G-GAMING)","https://www.morele.net/karta-graficzna-asus-tuf-gaming-geforce-rtx-5080-16gb-gddr7-tuf-rtx5080-16g-gaming-14485257/","GeForce RTX 5080","348 mm","348 mm","Brak danych"
"1746603876-41","https://www.morele.net/kategoria/karty-graficzne-12/,,,,,,,,0,,,,/18/","Karta graficzna Lenovo GeForce RTX 3080 Ti 12GB GDDR6X (4X61H65932)","7 902,25 zł","https://images.morele.net/i256/13117715_1_i256.jpg","Karta graficzna Lenovo GeForce RTX 3080 Ti 12GB GDDR6X (4X61H65932)","https://www.morele.net/karta-graficzna-lenovo-geforce-rtx-3080-ti-12gb-gddr6x-4x61h65932-13117715/","GeForce RTX 3080 Ti","285 mm","285 mm","1665 MHz"
"1746603878-42","https://www.morele.net/kategoria/karty-graficzne-12/,,,,,,,,0,,,,/18/","Karta graficzna PNY RTX 4000 SSF Ada Generation Power Limited 20GB GDDR6 (VCNRTX4000ADALP-PL)","7 643,29 zł","https://images.morele.net/i256/14454562_1_i256.jpg","Karta graficzna PNY RTX 4000 SSF Ada Generation Power Limited 20GB GDDR6 (VCNRTX4000ADALP-PL)","https://www.morele.net/karta-graficzna-pny-rtx-4000-ssf-ada-generation-power-limited-20gb-gddr6-vcnrtx4000adalp-pl-14454562/","RTX 4000 Ada Generation","168 mm","168 mm","1560 MHz"
"1746603881-43","https://www.morele.net/kategoria/karty-graficzne-12/,,,,,,,,0,,,,/18/","Karta graficzna HP Quadro T1000 8GB GDDR6 (6V9V4AA)","7 213,19 zł","https://images.morele.net/i256/13120223_0_i256.jpg","Karta graficzna HP Quadro T1000 8GB GDDR6 (6V9V4AA)","https://www.morele.net/karta-graficzna-hp-quadro-t1000-8gb-gddr6-6v9v4aa-13120223/","Quadro T1000","Brak danych","Brak danych","1395 MHz"
"1746603884-44","https://www.morele.net/kategoria/karty-graficzne-12/,,,,,,,,0,,,,/18/","Karta graficzna HP RTX A4000 16GB GDDR6 (20X24AA)","6 756,73 zł","https://images.morele.net/i256/14097852_0_i256.jpg","Karta graficzna HP RTX A4000 16GB GDDR6 (20X24AA)","https://www.morele.net/karta-graficzna-hp-rtx-a4000-16gb-gddr6-20x24aa-14097852/","RTX A4000","241 mm","241 mm","1560 MHz"
"1746603886-45","https://www.morele.net/kategoria/karty-graficzne-12/,,,,,,,,0,,,,/18/","Karta graficzna Lenovo RTX 4000 Ada Generation 20GB GDDR6 (4X61P39479)","6 860,77 zł","https://images.morele.net/i256/13341085_1_i256.jpg","Karta graficzna Lenovo RTX 4000 Ada Generation 20GB GDDR6 (4X61P39479)","https://www.morele.net/karta-graficzna-lenovo-rtx-4000-ada-generation-20gb-gddr6-4x61p39479-13341085/","RTX 4000 Ada Generation","245 mm","245 mm","2175 MHz"
"1746603889-46","https://www.morele.net/kategoria/karty-graficzne-12/,,,,,,,,0,,,,/18/","Karta graficzna Gigabyte AORUS GeForce RTX 5080 Master ICE 16GB GDDR7 (GV-N5080AORUSM ICE-16GD)","6 779,02 zł","https://images.morele.net/i256/14485971_9_i256.jpg","Karta graficzna Gigabyte AORUS GeForce RTX 5080 Master ICE 16GB GDDR7 (GV-N5080AORUSM ICE-16GD)","https://www.morele.net/karta-graficzna-gigabyte-aorus-geforce-rtx-5080-master-ice-16gb-gddr7-gv-n5080aorusm-ice-16gd-14485971/","GeForce RTX 5080","360 mm","360 mm","2805 MHz"
"1746603891-47","https://www.morele.net/kategoria/karty-graficzne-12/,,,,,,,,0,,,,/18/","Karta graficzna PNY RTX 4000 SSF Ada Generation 20GB GDDR6 (VCNRTX4000ADALP-PB)","6 654,94 zł","https://images.morele.net/i256/13114165_1_i256.jpg","Karta graficzna PNY RTX 4000 SSF Ada Generation 20GB GDDR6 (VCNRTX4000ADALP-PB)","https://www.morele.net/karta-graficzna-pny-rtx-4000-ssf-ada-generation-20gb-gddr6-vcnrtx4000adalp-pb-13114165/","","","",""
"1746603894-48","https://www.morele.net/kategoria/karty-graficzne-12/,,,,,,,,0,,,,/18/","Karta graficzna NVIDIA A2 16GB GDDR6 (TCSA2MATX-PB)","6 573,66 zł","https://images.morele.net/i256/13120934_0_i256.jpg","Karta graficzna NVIDIA A2 16GB GDDR6 (TCSA2MATX-PB)","https://www.morele.net/karta-graficzna-nvidia-a2-16gb-gddr6-tcsa2matx-pb-13120934/","A2","Brak danych","Brak danych","1770 MHz"
"1746603896-49","https://www.morele.net/kategoria/karty-graficzne-12/,,,,,,,,0,,,,/18/","Karta graficzna PNY RTX 4000 Ada Generation 20GB GDDR6 (VCNRTX4000ADA-PB)","6 490,83 zł","https://images.morele.net/i256/13119829_1_i256.jpg","Karta graficzna PNY RTX 4000 Ada Generation 20GB GDDR6 (VCNRTX4000ADA-PB)","https://www.morele.net/karta-graficzna-pny-rtx-4000-ada-generation-20gb-gddr6-vcnrtx4000ada-pb-13119829/","","","",""
"1746603899-50","https://www.morele.net/kategoria/karty-graficzne-12/,,,,,,,,0,,,,/18/","Karta graficzna PNY GeForce RTX 5080 ARGB EPIC-X RGB Overclocked 16GB GDDR7 (VCG508016TFXXPB1-O)","6 460,67 zł","https://images.morele.net/i256/14481802_0_i256.jpg","Karta graficzna PNY GeForce RTX 5080 ARGB EPIC-X RGB Overclocked 16GB GDDR7 (VCG508016TFXXPB1-O)","https://www.morele.net/karta-graficzna-pny-geforce-rtx-5080-argb-epic-x-rgb-overclocked-16gb-gddr7-vcg508016tfxxpb1-o-14481802/","GeForce RTX 5080","329 mm","329 mm","2620 MHz"
"1746603901-51","https://www.morele.net/kategoria/karty-graficzne-12/,,,,,,,,0,,,,/18/","VGA Man GeForce RTX 5080 16GB Gallardo OC","6 380,97 zł","https://images.morele.net/i256/14917301_0_i256.jpg","VGA Man GeForce RTX 5080 16GB Gallardo OC","https://www.morele.net/vga-man-geforce-rtx-5080-16gb-gallardo-oc-14917301/","","","",""
"1746603904-52","https://www.morele.net/kategoria/karty-graficzne-12/,,,,,,,,0,,,,/18/","Karta graficzna PNY RTX 4000 SSF Ada Generation 20GB GDDR6 (VCNRTX4000ADALP-SB)","6 286,87 zł","https://images.morele.net/i256/13114160_1_i256.jpg","Karta graficzna PNY RTX 4000 SSF Ada Generation 20GB GDDR6 (VCNRTX4000ADALP-SB)","https://www.morele.net/karta-graficzna-pny-rtx-4000-ssf-ada-generation-20gb-gddr6-vcnrtx4000adalp-sb-13114160/","","","",""
"1746603907-53","https://www.morele.net/kategoria/karty-graficzne-12/,,,,,,,,0,,,,/18/","INNO3D GeForce RTX 5080 X3 OC White, 16384 MB GDDR7","6 262,47 zł","https://images.morele.net/i256/14483826_0_i256.jpg","INNO3D GeForce RTX 5080 X3 OC White, 16384 MB GDDR7","https://www.morele.net/inno3d-geforce-rtx-5080-x3-oc-white-16384-mb-gddr7-14483826/","","","",""
"1746603909-54","https://www.morele.net/kategoria/karty-graficzne-12/,,,,,,,,0,,,,/18/","Karta graficzna Zotac Gaming GeForce RTX 5080 SOLID 16GB GDDR7 (ZT-B50800D-10P)","6 205,48 zł","https://images.morele.net/i256/14486091_0_i256.jpg","Karta graficzna Zotac Gaming GeForce RTX 5080 SOLID 16GB GDDR7 (ZT-B50800D-10P)","https://www.morele.net/karta-graficzna-zotac-gaming-geforce-rtx-5080-solid-16gb-gddr7-zt-b50800d-10p-14486091/","","","",""
"1746603912-55","https://www.morele.net/kategoria/karty-graficzne-12/,,,,,,,,0,,,,/18/","Karta graficzna Inno3D GeForce RTX 5080 X3 16GB GDDR7 DLSS4 (N50803-16D7-176068N)","6 158 zł","https://images.morele.net/i256/14483821_2_i256.jpg","Karta graficzna Inno3D GeForce RTX 5080 X3 16GB GDDR7 DLSS4 (N50803-16D7-176068N)","https://www.morele.net/karta-graficzna-inno3d-geforce-rtx-5080-x3-16gb-gddr7-dlss4-n50803-16d7-176068n-14483821/","","","",""
"1746603914-56","https://www.morele.net/kategoria/karty-graficzne-12/,,,,,,,,0,,,,/18/","ZOTAC GAMING GeForce RTX 5070 Ti Solid Core, 16384 MB GDDR7","6 047,99 zł","https://images.morele.net/i256/14689678_0_i256.jpg","ZOTAC GAMING GeForce RTX 5070 Ti Solid Core, 16384 MB GDDR7","https://www.morele.net/zotac-gaming-geforce-rtx-5070-ti-solid-core-16384-mb-gddr7-14689678/","","16 GB","16 GB",""
"1746603917-57","https://www.morele.net/kategoria/karty-graficzne-12/,,,,,,,,0,,,,/18/","Karta graficzna NVIDIA RTX 4000 Ada Generation 20GB GDDR6 (900-5G190-2570-000)","7 016,38 zł","https://images.morele.net/i256/14069020_0_i256.jpg","Karta graficzna NVIDIA RTX 4000 Ada Generation 20GB GDDR6 (900-5G190-2570-000)","https://www.morele.net/karta-graficzna-nvidia-rtx-4000-ada-generation-20gb-gddr6-900-5g190-2570-000-14069020/","RTX 4000 Ada Generation","245 mm","245 mm","2175 MHz"
"1746603919-58","https://www.morele.net/kategoria/karty-graficzne-12/,,,,,,,,0,,,,/18/","Karta graficzna PNY GeForce RTX 5080 Overclocked 16GB GDDR7 (VCG508016TFXPB1-O)","6 002,53 zł","https://images.morele.net/i256/14481803_0_i256.jpg","Karta graficzna PNY GeForce RTX 5080 Overclocked 16GB GDDR7 (VCG508016TFXPB1-O)","https://www.morele.net/karta-graficzna-pny-geforce-rtx-5080-overclocked-16gb-gddr7-vcg508016tfxpb1-o-14481803/","GeForce RTX 5080","329 mm","329 mm","2620 MHz"
"1746603922-59","https://www.morele.net/kategoria/karty-graficzne-12/,,,,,,,,0,,,,/18/","Karta graficzna Gigabyte GeForce RTX 5080 Windforce OC SFF 16GB GDDR7 (GV-N5080WF3OC-16GD)","5 974,29 zł","https://images.morele.net/i256/14485977_8_i256.jpg","Karta graficzna Gigabyte GeForce RTX 5080 Windforce OC SFF 16GB GDDR7 (GV-N5080WF3OC-16GD)","https://www.morele.net/karta-graficzna-gigabyte-geforce-rtx-5080-windforce-oc-sff-16gb-gddr7-gv-n5080wf3oc-16gd-14485977/","GeForce RTX 5080","304 mm","304 mm","2670 MHz"
"1746603924-60","https://www.morele.net/kategoria/karty-graficzne-12/,,,,,,,,0,,,,/18/","PNY 16GB RTX A4000 4xDP Full Retail one size","5 924 zł","https://images.morele.net/i256/14943793_0_i256.jpg","PNY 16GB RTX A4000 4xDP Full Retail one size","https://www.morele.net/pny-16gb-rtx-a4000-4xdp-full-retail-one-size-14943793/","","","",""
"1746603927-61","https://www.morele.net/kategoria/karty-graficzne-12/,,,,,,,,0,,,,/18/","Zotac RTX 5080 Solid Core               16GB GDDR7 HDMI 3xDP","5 878,99 zł","https://images.morele.net/i256/14828026_0_i256.jpg","Zotac RTX 5080 Solid Core               16GB GDDR7 HDMI 3xDP","https://www.morele.net/zotac-rtx-5080-solid-core-16gb-gddr7-hdmi-3xdp-14828026/","","16 GB","16 GB",""
"1746603929-62","https://www.morele.net/kategoria/karty-graficzne-12/,,,,,,,,0,,,,/18/","Karta graficzna Inno3D GeForce RTX 5080 X3 OC 16GB GDDR7 DLSS4 (N50803-16D7X-17603930)","5 779,50 zł","https://images.morele.net/i256/14483827_2_i256.jpg","Karta graficzna Inno3D GeForce RTX 5080 X3 OC 16GB GDDR7 DLSS4 (N50803-16D7X-17603930)","https://www.morele.net/karta-graficzna-inno3d-geforce-rtx-5080-x3-oc-16gb-gddr7-dlss4-n50803-16d7x-17603930-14483827/","","","",""
"1746603932-63","https://www.morele.net/kategoria/karty-graficzne-12/,,,,,,,,0,,,,/18/","Karta graficzna NVIDIA A2 16GB GDDR6 (900-2G179-0020-100)","5 863,47 zł","https://images.morele.net/i256/14068847_0_i256.jpg","Karta graficzna NVIDIA A2 16GB GDDR6 (900-2G179-0020-100)","https://www.morele.net/karta-graficzna-nvidia-a2-16gb-gddr6-900-2g179-0020-100-14068847/","A2","Brak danych","Brak danych","1770 MHz"
"1746603944-64","https://www.morele.net/kategoria/karty-graficzne-12/,,,,,,,,0,,,,/17/","Karta graficzna NVIDIA RTX 4000 Ada Generation 20GB GDDR6 (900-5G192-2270-000)","5 781,01 zł","https://images.morele.net/i256/13809496_0_i256.jpg","Karta graficzna NVIDIA RTX 4000 Ada Generation 20GB GDDR6 (900-5G192-2270-000)","https://www.morele.net/karta-graficzna-nvidia-rtx-4000-ada-generation-20gb-gddr6-900-5g192-2270-000-13809496/","RTX 4000 Ada Generation","245 mm","245 mm","2175 MHz"
"1746603946-65","https://www.morele.net/kategoria/karty-graficzne-12/,,,,,,,,0,,,,/17/","Karta graficzna NVIDIA RTX 4000 Ada Generation 20GB GDDR6 (900-5G190-2270-000)","5 780,64 zł","https://images.morele.net/i256/13173110_1_i256.jpg","Karta graficzna NVIDIA RTX 4000 Ada Generation 20GB GDDR6 (900-5G190-2270-000)","https://www.morele.net/karta-graficzna-nvidia-rtx-4000-ada-generation-20gb-gddr6-900-5g190-2270-000-13173110/","RTX 4000 Ada Generation","245 mm","245 mm","2175 MHz"
"1746603948-66","https://www.morele.net/kategoria/karty-graficzne-12/,,,,,,,,0,,,,/17/","Karta graficzna Gigabyte GeForce RTX 5080 Aero OC SFF 16GB GDDR7 (GV-N5080AERO OC-16GD)","5 749 zł","https://images.morele.net/i256/14485975_8_i256.jpg","Karta graficzna Gigabyte GeForce RTX 5080 Aero OC SFF 16GB GDDR7 (GV-N5080AERO OC-16GD)","https://www.morele.net/karta-graficzna-gigabyte-geforce-rtx-5080-aero-oc-sff-16gb-gddr7-gv-n5080aero-oc-16gd-14485975/","GeForce RTX 5080","304 mm","304 mm","2730 MHz"
"1746603951-67","https://www.morele.net/kategoria/karty-graficzne-12/,,,,,,,,0,,,,/17/","RTX 5080 16GB Zotac Gaming Solid Core OC GDDR7 3Fan","5 615,59 zł","https://images.morele.net/i256/14791480_0_i256.jpg","RTX 5080 16GB Zotac Gaming Solid Core OC GDDR7 3Fan","https://www.morele.net/rtx-5080-16gb-zotac-gaming-solid-core-oc-gddr7-3fan-14791480/","","16 GB","16 GB",""
"1746603953-68","https://www.morele.net/kategoria/karty-graficzne-12/,,,,,,,,0,,,,/17/","INNO3D GeForce RTX 5080 X3 GAMING OC 16GB GDDR7 3xDP+HDMI","5 593,97 zł","https://images.morele.net/i256/14796764_0_i256.jpg","INNO3D GeForce RTX 5080 X3 GAMING OC 16GB GDDR7 3xDP+HDMI","https://www.morele.net/inno3d-geforce-rtx-5080-x3-gaming-oc-16gb-gddr7-3xdp-hdmi-14796764/","","","",""
"1746603956-69","https://www.morele.net/kategoria/karty-graficzne-12/,,,,,,,,0,,,,/17/","Karta graficzna HP RTX A4000 16GB GDDR6 (20X24AA)","5 530,61 zł","https://images.morele.net/i256/9986516_0_i256.jpg","Karta graficzna HP RTX A4000 16GB GDDR6 (20X24AA)","https://www.morele.net/karta-graficzna-hp-rtx-a4000-16gb-gddr6-20x24aa-9986516/","RTX A4000","241 mm","241 mm","1560 MHz"
"1746603958-70","https://www.morele.net/kategoria/karty-graficzne-12/,,,,,,,,0,,,,/17/","Karta graficzna Lenovo RTX A4000 16GB GDDR6 (4X61E26089)","5 489,28 zł","https://images.morele.net/i256/9620175_0_i256.jpg","Karta graficzna Lenovo RTX A4000 16GB GDDR6 (4X61E26089)","https://www.morele.net/karta-graficzna-lenovo-rtx-a4000-16gb-gddr6-4x61e26089-9620175/","RTX A4000","241 mm","241 mm","1560 MHz"
"1746603961-71","https://www.morele.net/kategoria/karty-graficzne-12/,,,,,,,,0,,,,/17/","Karta graficzna Palit GeForce RTX 5070 Ti GamingPro 16GB GDDR7 DLSS4 (NE7507T019T2-GB2031A)","5 470,99 zł","https://images.morele.net/i256/14744895_10_i256.jpg","Karta graficzna Palit GeForce RTX 5070 Ti GamingPro 16GB GDDR7 DLSS4 (NE7507T019T2-GB2031A)","https://www.morele.net/karta-graficzna-palit-geforce-rtx-5070-ti-gamingpro-16gb-gddr7-dlss4-ne7507t019t2-gb2031a-14744895/","","","",""
"1746603963-72","https://www.morele.net/kategoria/karty-graficzne-12/,,,,,,,,0,,,,/17/","Karta graficzna Asus ROG Strix GeForce RTX 5070 Ti OC 16GB GDDR7 DLSS4 (ROG-STRIX-RTX5070TI-O16G-GAMING)","5 460,98 zł","https://images.morele.net/i256/14895845_7_i256.jpg","Karta graficzna Asus ROG Strix GeForce RTX 5070 Ti OC 16GB GDDR7 DLSS4 (ROG-STRIX-RTX5070TI-O16G-GAMING)","https://www.morele.net/karta-graficzna-asus-rog-strix-geforce-rtx-5070-ti-oc-16gb-gddr7-dlss4-rog-strix-rtx5070ti-o16g-gaming-14895845/","GeForce RTX 5070 Ti","332 mm","332 mm","2625 MHz"
"1746603966-73","https://www.morele.net/kategoria/karty-graficzne-12/,,,,,,,,0,,,,/17/","Karta graficzna Inno3D GeForce RTX 5070 Ti X3 16GB GDDR7 (N507T3-16D7-176068N)","5 118,99 zł","https://images.morele.net/i256/14702206_2_i256.jpg","Karta graficzna Inno3D GeForce RTX 5070 Ti X3 16GB GDDR7 (N507T3-16D7-176068N)","https://www.morele.net/karta-graficzna-inno3d-geforce-rtx-5070-ti-x3-16gb-gddr7-n507t3-16d7-176068n-14702206/","","","",""
"1746603969-74","https://www.morele.net/kategoria/karty-graficzne-12/,,,,,,,,0,,,,/17/","Karta graficzna Asus ROG Strix Radeon RX 6900 XT Gaming OC 16GB GDDR6 (ROG-STRIX-LC-RX6900XT-O16G-GAMING)","4 999 zł","https://images.morele.net/i256/5946234_0_i256.jpg","Karta graficzna Asus ROG Strix Radeon RX 6900 XT Gaming OC 16GB GDDR6 (ROG-STRIX-LC-RX6900XT-O16G-GAMING)","https://www.morele.net/karta-graficzna-asus-rog-strix-radeon-rx-6900-xt-gaming-oc-16gb-gddr6-rog-strix-lc-rx6900xt-o16g-gaming-5946234/","Radeon RX 6900 XT","277 mm","277 mm","2365 MHz"
"1746603971-75","https://www.morele.net/kategoria/karty-graficzne-12/,,,,,,,,0,,,,/17/","Karta graficzna Palit GeForce RTX 5070 Ti GamingPro V1 OC 16GB GDDR7 DLSS4 (NE7507TS19T2-GB2031Y)","4 769,01 zł","https://images.morele.net/i256/14852283_9_i256.jpg","Karta graficzna Palit GeForce RTX 5070 Ti GamingPro V1 OC 16GB GDDR7 DLSS4 (NE7507TS19T2-GB2031Y)","https://www.morele.net/karta-graficzna-palit-geforce-rtx-5070-ti-gamingpro-v1-oc-16gb-gddr7-dlss4-ne7507ts19t2-gb2031y-14852283/","","","",""
"1746603974-76","https://www.morele.net/kategoria/karty-graficzne-12/,,,,,,,,0,,,,/17/","VGA Man GeForce RTX 5070 TI 16GB Stellar OC","4 744,27 zł","https://images.morele.net/i256/14917306_0_i256.jpg","VGA Man GeForce RTX 5070 TI 16GB Stellar OC","https://www.morele.net/vga-man-geforce-rtx-5070-ti-16gb-stellar-oc-14917306/","","","",""
"1746603976-77","https://www.morele.net/kategoria/karty-graficzne-12/,,,,,,,,0,,,,/17/","RTX 5070 Ti 16GB Manli Polar Fox OC 3 Fan","4 505,70 zł","https://images.morele.net/i256/14939654_0_i256.jpg","RTX 5070 Ti 16GB Manli Polar Fox OC 3 Fan","https://www.morele.net/rtx-5070-ti-16gb-manli-polar-fox-oc-3-fan-14939654/","","","",""
"1746603979-78","https://www.morele.net/kategoria/karty-graficzne-12/,,,,,,,,0,,,,/17/","Karta graficzna Asus TUF Gaming Radeon RX 9070 XT OC 16GB GDDR6 (TUF-RX9070XT-O16G-GAMING)","4 485,99 zł","https://images.morele.net/i256/14731753_0_i256.jpg","Karta graficzna Asus TUF Gaming Radeon RX 9070 XT OC 16GB GDDR6 (TUF-RX9070XT-O16G-GAMING)","https://www.morele.net/karta-graficzna-asus-tuf-gaming-radeon-rx-9070-xt-oc-16gb-gddr6-tuf-rx9070xt-o16g-gaming-14731753/","Radeon RX 9070 XT","330 mm","330 mm","Brak danych"
"1746603981-79","https://www.morele.net/kategoria/karty-graficzne-12/,,,,,,,,0,,,,/17/","Karta graficzna Inno3D GeForce RTX 5070 Ti X3 OC White 16GB GDDR7 DLSS4 (N507T3-16D7X-176068W)","4 469,99 zł","https://images.morele.net/i256/14702207_2_i256.jpg","Karta graficzna Inno3D GeForce RTX 5070 Ti X3 OC White 16GB GDDR7 DLSS4 (N507T3-16D7X-176068W)","https://www.morele.net/karta-graficzna-inno3d-geforce-rtx-5070-ti-x3-oc-white-16gb-gddr7-dlss4-n507t3-16d7x-176068w-14702207/","","","",""
"1746603984-80","https://www.morele.net/kategoria/karty-graficzne-12/,,,,,,,,0,,,,/17/","Karta graficzna Palit GeForce RTX 5070 Ti GameRock 16GB GDDR7 DLSS4 (NE7507T019T2-GB2030G)","4 469 zł","https://images.morele.net/i256/14764710_9_i256.jpg","Karta graficzna Palit GeForce RTX 5070 Ti GameRock 16GB GDDR7 DLSS4 (NE7507T019T2-GB2030G)","https://www.morele.net/karta-graficzna-palit-geforce-rtx-5070-ti-gamerock-16gb-gddr7-dlss4-ne7507t019t2-gb2030g-14764710/","","","",""
"1746603986-81","https://www.morele.net/kategoria/karty-graficzne-12/,,,,,,,,0,,,,/17/","Karta graficzna Palit GeForce RTX 5070 Ti GameRock OC 16GB GDDR7 DLSS4 (NE7507TH19T2-GB2030G)","4 349 zł","https://images.morele.net/i256/14731806_0_i256.jpg","Karta graficzna Palit GeForce RTX 5070 Ti GameRock OC 16GB GDDR7 DLSS4 (NE7507TH19T2-GB2030G)","https://www.morele.net/karta-graficzna-palit-geforce-rtx-5070-ti-gamerock-oc-16gb-gddr7-dlss4-ne7507th19t2-gb2030g-14731806/","","","",""
"1746603989-82","https://www.morele.net/kategoria/karty-graficzne-12/,,,,,,,,0,,,,/17/","Gainward RTX5070Ti Phoenix GS V1 16GB GDDR7 HDMI 3xDP","4 305 zł","https://images.morele.net/i256/14881446_0_i256.jpg","Gainward RTX5070Ti Phoenix GS V1 16GB GDDR7 HDMI 3xDP","https://www.morele.net/gainward-rtx5070ti-phoenix-gs-v1-16gb-gddr7-hdmi-3xdp-14881446/","","16 GB","16 GB",""
"1746603991-83","https://www.morele.net/kategoria/karty-graficzne-12/,,,,,,,,0,,,,/17/","Nvidia Rtx Ph X2Xxx 4Mdp","4 290,07 zł","https://images.morele.net/i256/14828068_0_i256.jpg","Nvidia Rtx Ph X2Xxx 4Mdp","https://www.morele.net/nvidia-rtx-ph-x2xxx-4mdp-14828068/","","16 GB","16 GB",""
"1746603994-84","https://www.morele.net/kategoria/karty-graficzne-12/,,,,,,,,0,,,,/17/","Karta graficzna AMD Radeon Pro W7700 16GB GDDR6 (100-300000006)","4 488,18 zł","https://images.morele.net/i256/13145945_0_i256.jpg","Karta graficzna AMD Radeon Pro W7700 16GB GDDR6 (100-300000006)","https://www.morele.net/karta-graficzna-amd-radeon-pro-w7700-16gb-gddr6-100-300000006-13145945/","Radeon Pro W7700","241 mm","241 mm","2600 MHz"
"1746603996-85","https://www.morele.net/kategoria/karty-graficzne-12/,,,,,,,,0,,,,/17/","Zotac GAMING GeForce RTX 5070 Ti SOLID SFF OC NVIDIA 16 GB GDDR7","4 151,18 zł","https://images.morele.net/i256/14844559_0_i256.jpg","Zotac GAMING GeForce RTX 5070 Ti SOLID SFF OC NVIDIA 16 GB GDDR7","https://www.morele.net/zotac-gaming-geforce-rtx-5070-ti-solid-sff-oc-nvidia-16-gb-gddr7-14844559/","","16 GB","16 GB",""
"1746603999-86","https://www.morele.net/kategoria/karty-graficzne-12/,,,,,,,,0,,,,/17/","Karta graficzna Gigabyte GeForce RTX 5070 Ti Windforce SFF 16GB GDDR7 DLSS4 (GV-N507TWF3-16GD)","3 949 zł","https://images.morele.net/i256/14731792_0_i256.jpg","Karta graficzna Gigabyte GeForce RTX 5070 Ti Windforce SFF 16GB GDDR7 DLSS4 (GV-N507TWF3-16GD)","https://www.morele.net/karta-graficzna-gigabyte-geforce-rtx-5070-ti-windforce-sff-16gb-gddr7-dlss4-gv-n507twf3-16gd-14731792/","","","",""
"1746604001-87","https://www.morele.net/kategoria/karty-graficzne-12/,,,,,,,,0,,,,/17/","Karta graf. PowerColor Red Devil RX9070XT S WH 16G","3 939,86 zł","https://images.morele.net/i256/14856577_0_i256.jpg","Karta graf. PowerColor Red Devil RX9070XT S WH 16G","https://www.morele.net/karta-graf-powercolor-red-devil-rx9070xt-s-wh-16g-14856577/","","16 GB","16 GB",""
"1746604004-88","https://www.morele.net/kategoria/karty-graficzne-12/,,,,,,,,0,,,,/17/","Karta graficzna Palit GeForce RTX 5070 Ti GamingPro V1 16GB GDDR7 DLSS4 (NE7507T019T2-GB2031Y)","4 098,82 zł","https://images.morele.net/i256/14852284_9_i256.jpg","Karta graficzna Palit GeForce RTX 5070 Ti GamingPro V1 16GB GDDR7 DLSS4 (NE7507T019T2-GB2031Y)","https://www.morele.net/karta-graficzna-palit-geforce-rtx-5070-ti-gamingpro-v1-16gb-gddr7-dlss4-ne7507t019t2-gb2031y-14852284/","","","",""
"1746604006-89","https://www.morele.net/kategoria/karty-graficzne-12/,,,,,,,,0,,,,/17/","Karta graficzna PNY RTX 2000 Ada Generation Power Limited 16GB GDDR6 (VCNRTX2000ADA-PL)","3 929,20 zł","https://images.morele.net/i256/14454561_1_i256.jpg","Karta graficzna PNY RTX 2000 Ada Generation Power Limited 16GB GDDR6 (VCNRTX2000ADA-PL)","https://www.morele.net/karta-graficzna-pny-rtx-2000-ada-generation-power-limited-16gb-gddr6-vcnrtx2000ada-pl-14454561/","RTX 2000 Ada Generation","168 mm","168 mm","2115 MHz"
"1746604009-90","https://www.morele.net/kategoria/karty-graficzne-12/,,,,,,,,0,,,,/17/","Acer Nitro Radeon RX 9070 XT OC 16GB AMD GDDR6","3 801,07 zł","https://images.morele.net/i256/14873021_0_i256.jpg","Acer Nitro Radeon RX 9070 XT OC 16GB AMD GDDR6","https://www.morele.net/acer-nitro-radeon-rx-9070-xt-oc-16gb-amd-gddr6-14873021/","","16 GB","16 GB",""
"1746604011-91","https://www.morele.net/kategoria/karty-graficzne-12/,,,,,,,,0,,,,/17/","XFX RX 9070XT MERCURY Gaming LED 16GB Black RX-97TMERCB9 retail","3 779,99 zł","https://images.morele.net/i256/14778007_0_i256.jpg","XFX RX 9070XT MERCURY Gaming LED 16GB Black RX-97TMERCB9 retail","https://www.morele.net/xfx-rx-9070xt-mercury-gaming-led-16gb-black-rx-97tmercb9-retail-14778007/","","","",""
"1746604014-92","https://www.morele.net/kategoria/karty-graficzne-12/,,,,,,,,0,,,,/17/","Karta graficzna Sapphire Pure Radeon RX 9070 16GB GDDR6 (11349-02-20G)","3 749,99 zł","https://images.morele.net/i256/14732577_0_i256.jpg","Karta graficzna Sapphire Pure Radeon RX 9070 16GB GDDR6 (11349-02-20G)","https://www.morele.net/karta-graficzna-sapphire-pure-radeon-rx-9070-16gb-gddr6-11349-02-20g-14732577/","Radeon RX 9070","320 mm","320 mm","2700 MHz"
"1746604016-93","https://www.morele.net/kategoria/karty-graficzne-12/,,,,,,,,0,,,,/17/","Karta graficzna PNY RTX 2000E Ada Generation Power Limited 16GB GDDR6 (VCNRTX2000EADA-PL)","3 741 zł","https://images.morele.net/i256/14441904_1_i256.jpg","Karta graficzna PNY RTX 2000E Ada Generation Power Limited 16GB GDDR6 (VCNRTX2000EADA-PL)","https://www.morele.net/karta-graficzna-pny-rtx-2000e-ada-generation-power-limited-16gb-gddr6-vcnrtx2000eada-pl-14441904/","RTX 2000E Ada Generation","168 mm","168 mm","Brak danych"
"1746604031-94","https://www.morele.net/kategoria/karty-graficzne-12/,,,,,,,,0,,,,/16/","MSI GeForce RTX 4060 Ti Ventus 2X Black OC + Płyta Z890 GAMING PLUS WIFI + Zasilacz MAG A750GL PCIE5 750W + GRATIS Dysk SSD Spatium M450 V1 1TB / MSI Z890 GAMING PLUS WIFI","3 699 zł","https://images.morele.net/i256/9836297_0_i256.jpg","MSI GeForce RTX 4060 Ti Ventus 2X Black OC + Płyta Z890 GAMING PLUS WIFI + Zasilacz MAG A750GL PCIE5 750W + GRATIS Dysk SSD Spatium M450 V1 1TB / MSI Z890 GAMING PLUS WIFI","https://www.morele.net/msi-geforce-rtx-4060-ti-ventus-2x-black-oc-plyta-z890-gaming-plus-wifi-zasilacz-mag-a750gl-pcie5-750w-gratis-dysk-ssd-spatium-m450-v1-1tb-msi-z890-gaming-plus-wifi-9836297/","","","",""
"1746604033-95","https://www.morele.net/kategoria/karty-graficzne-12/,,,,,,,,0,,,,/16/","Karta graf. XFX Mercury RX 9070XT OC White G RGB 16","3 690,18 zł","https://images.morele.net/i256/14771902_0_i256.jpg","Karta graf. XFX Mercury RX 9070XT OC White G RGB 16","https://www.morele.net/karta-graf-xfx-mercury-rx-9070xt-oc-white-g-rgb-16-14771902/","","16 GB","16 GB",""
"1746604036-96","https://www.morele.net/kategoria/karty-graficzne-12/,,,,,,,,0,,,,/16/","Karta graficzna POWERCOLOR Red Devil Radeon RX 9070 XT 16GB GDDR6 (RX9070XT 16G-E/OC)","3 664,59 zł","https://images.morele.net/i256/14747905_1_i256.jpg","Karta graficzna POWERCOLOR Red Devil Radeon RX 9070 XT 16GB GDDR6 (RX9070XT 16G-E/OC)","https://www.morele.net/karta-graficzna-powercolor-red-devil-radeon-rx-9070-xt-16gb-gddr6-rx9070xt-16g-e-oc-14747905/","Radeon RX 9070 XT","340 mm","340 mm","3060 MHz"
"1746604038-97","https://www.morele.net/kategoria/karty-graficzne-12/,,,,,,,,0,,,,/16/","Karta graficzna Gigabyte AORUS GeForce RTX 5070 Master 12GB GDDR7 (GV-N5070AORUS M-12GD)","3 649 zł","https://images.morele.net/i256/14485486_9_i256.jpg","Karta graficzna Gigabyte AORUS GeForce RTX 5070 Master 12GB GDDR7 (GV-N5070AORUS M-12GD)","https://www.morele.net/karta-graficzna-gigabyte-aorus-geforce-rtx-5070-master-12gb-gddr7-gv-n5070aorus-m-12gd-14485486/","GeForce RTX 5070","317 mm","317 mm","Brak danych"
"1746604041-98","https://www.morele.net/kategoria/karty-graficzne-12/,,,,,,,,0,,,,/16/","Acer Predator BiFrost Radeon RX 9070 OC 16GB AMD GDDR6","3 565,98 zł","https://images.morele.net/i256/14978215_0_i256.jpg","Acer Predator BiFrost Radeon RX 9070 OC 16GB AMD GDDR6","https://www.morele.net/acer-predator-bifrost-radeon-rx-9070-oc-16gb-amd-gddr6-14978215/","","16 GB","16 GB",""
"1746604044-99","https://www.morele.net/kategoria/karty-graficzne-12/,,,,,,,,0,,,,/16/","RX 9070XT 16GB ASRock Radeon Steel Legend Dark 3Fan","3 546,95 zł","https://images.morele.net/i256/14860316_0_i256.jpg","RX 9070XT 16GB ASRock Radeon Steel Legend Dark 3Fan","https://www.morele.net/rx-9070xt-16gb-asrock-radeon-steel-legend-dark-3fan-14860316/","","","",""
"1746604046-100","https://www.morele.net/kategoria/karty-graficzne-12/,,,,,,,,0,,,,/16/","Karta graficzna Asus Turbo GeForce RTX 3070 V2 8GB GDDR6 (TURBO-RTX3070-8G-V2)","3 542,08 zł","https://images.morele.net/i256/13133273_0_i256.jpg","Karta graficzna Asus Turbo GeForce RTX 3070 V2 8GB GDDR6 (TURBO-RTX3070-8G-V2)","https://www.morele.net/karta-graficzna-asus-turbo-geforce-rtx-3070-v2-8gb-gddr6-turbo-rtx3070-8g-v2-13133273/","GeForce RTX 3070","269 mm","269 mm","1755 MHz"
"1746604049-101","https://www.morele.net/kategoria/karty-graficzne-12/,,,,,,,,0,,,,/16/","RX 9070 XT 16GB XFX Swift Gaming GDDR6 3 Fan white","3 499,01 zł","https://images.morele.net/i256/14748309_0_i256.jpg","RX 9070 XT 16GB XFX Swift Gaming GDDR6 3 Fan white","https://www.morele.net/rx-9070-xt-16gb-xfx-swift-gaming-gddr6-3-fan-white-14748309/","","","",""
"1746604051-102","https://www.morele.net/kategoria/karty-graficzne-12/,,,,,,,,0,,,,/16/","Karta graficzna Asus TUF GeForce RTX 5070 OC 12GB GDDR7 DLSS4 (TUF-RTX5070-O12G-GAMING)","3 449 zł","https://images.morele.net/i256/14735375_0_i256.jpg","Karta graficzna Asus TUF GeForce RTX 5070 OC 12GB GDDR7 DLSS4 (TUF-RTX5070-O12G-GAMING)","https://www.morele.net/karta-graficzna-asus-tuf-geforce-rtx-5070-oc-12gb-gddr7-dlss4-tuf-rtx5070-o12g-gaming-14735375/","GeForce RTX 5070","329 mm","329 mm","Brak danych"
"1746604054-103","https://www.morele.net/kategoria/karty-graficzne-12/,,,,,,,,0,,,,/16/","Karta graficzna Sapphire Nitro+ Radeon RX 9070 16GB GDDR6 (11349-01-20G)","3 449 zł","https://images.morele.net/i256/14732574_0_i256.jpg","Karta graficzna Sapphire Nitro+ Radeon RX 9070 16GB GDDR6 (11349-01-20G)","https://www.morele.net/karta-graficzna-sapphire-nitro-radeon-rx-9070-16gb-gddr6-11349-01-20g-14732574/","Radeon RX 9070","331 mm","331 mm","2700 MHz"
"1746604056-104","https://www.morele.net/kategoria/karty-graficzne-12/,,,,,,,,0,,,,/16/","Karta graficzna PNY RTX 2000 Ada Generation 16GB GDDR6 (VCNRTX2000ADA-PB)","3 408,33 zł","https://images.morele.net/i256/13180362_0_i256.jpg","Karta graficzna PNY RTX 2000 Ada Generation 16GB GDDR6 (VCNRTX2000ADA-PB)","https://www.morele.net/karta-graficzna-pny-rtx-2000-ada-generation-16gb-gddr6-vcnrtx2000ada-pb-13180362/","","","",""
"1746604059-105","https://www.morele.net/kategoria/karty-graficzne-12/,,,,,,,,0,,,,/16/","Karta graficzna XFX Quicksilver Radeon RX 9070 XT Magnetic Air 16GB GDDR6 (RX-97TMAQKB9)","3 399 zł","https://images.morele.net/i256/14739190_6_i256.jpg","Karta graficzna XFX Quicksilver Radeon RX 9070 XT Magnetic Air 16GB GDDR6 (RX-97TMAQKB9)","https://www.morele.net/karta-graficzna-xfx-quicksilver-radeon-rx-9070-xt-magnetic-air-16gb-gddr6-rx-97tmaqkb9-14739190/","","","",""
"1746604061-106","https://www.morele.net/kategoria/karty-graficzne-12/,,,,,,,,0,,,,/16/","Karta graficzna NVIDIA RTX A2000 12GB GDDR6 (900-5G192-2551-000)","3 394,94 zł","https://images.morele.net/i256/13145923_1_i256.jpg","Karta graficzna NVIDIA RTX A2000 12GB GDDR6 (900-5G192-2551-000)","https://www.morele.net/karta-graficzna-nvidia-rtx-a2000-12gb-gddr6-900-5g192-2551-000-13145923/","RTX A2000","168 mm","168 mm","1200 MHz"
"1746604064-107","https://www.morele.net/kategoria/karty-graficzne-12/,,,,,,,,0,,,,/16/","Karta graficzna Lenovo RTX 2000 Ada Generation 16GB GDDR6 (4X61P69962)","3 391,16 zł","https://images.morele.net/i256/13239717_0_i256.jpg","Karta graficzna Lenovo RTX 2000 Ada Generation 16GB GDDR6 (4X61P69962)","https://www.morele.net/karta-graficzna-lenovo-rtx-2000-ada-generation-16gb-gddr6-4x61p69962-13239717/","RTX 2000 Ada Generation","168 mm","168 mm","2115 MHz"
"1746604067-108","https://www.morele.net/kategoria/karty-graficzne-12/,,,,,,,,0,,,,/16/","Karta graficzna XFX Quicksilver Radeon RX 9070 XT White Gaming 16GB GDDR6 (RX-97TQICKW9)","3 390 zł","https://images.morele.net/i256/14882949_5_i256.jpg","Karta graficzna XFX Quicksilver Radeon RX 9070 XT White Gaming 16GB GDDR6 (RX-97TQICKW9)","https://www.morele.net/karta-graficzna-xfx-quicksilver-radeon-rx-9070-xt-white-gaming-16gb-gddr6-rx-97tqickw9-14882949/","","","",""
"1746604069-109","https://www.morele.net/kategoria/karty-graficzne-12/,,,,,,,,0,,,,/16/","Karta graficzna Asus TUF Gaming Radeon RX 9070 OC 16GB GDDR6 (TUF-RX9070-O16G-GAMING)","3 359 zł","https://images.morele.net/i256/14731772_0_i256.jpg","Karta graficzna Asus TUF Gaming Radeon RX 9070 OC 16GB GDDR6 (TUF-RX9070-O16G-GAMING)","https://www.morele.net/karta-graficzna-asus-tuf-gaming-radeon-rx-9070-oc-16gb-gddr6-tuf-rx9070-o16g-gaming-14731772/","Radeon RX 9070","330 mm","330 mm","Brak danych"
"1746604071-110","https://www.morele.net/kategoria/karty-graficzne-12/,,,,,,,,0,,,,/16/","Karta graficzna XFX Quicksilver Radeon RX 9070 XT Gaming 16GB GDDR6 (RX-97TQICKB9)","3 349 zł","https://images.morele.net/i256/14739187_0_i256.jpg","Karta graficzna XFX Quicksilver Radeon RX 9070 XT Gaming 16GB GDDR6 (RX-97TQICKB9)","https://www.morele.net/karta-graficzna-xfx-quicksilver-radeon-rx-9070-xt-gaming-16gb-gddr6-rx-97tqickb9-14739187/","","","",""
"1746604074-111","https://www.morele.net/kategoria/karty-graficzne-12/,,,,,,,,0,,,,/16/","VGA Man GeForce RTX 5070 12GB Stellar OC","3 344,55 zł","https://images.morele.net/i256/14917305_0_i256.jpg","VGA Man GeForce RTX 5070 12GB Stellar OC","https://www.morele.net/vga-man-geforce-rtx-5070-12gb-stellar-oc-14917305/","","","",""
"1746604077-112","https://www.morele.net/kategoria/karty-graficzne-12/,,,,,,,,0,,,,/16/","RX 9070 16GB Acer Nitro Radeon OC GDDR6 3 Fan","3 325,42 zł","https://images.morele.net/i256/14878257_0_i256.jpg","RX 9070 16GB Acer Nitro Radeon OC GDDR6 3 Fan","https://www.morele.net/rx-9070-16gb-acer-nitro-radeon-oc-gddr6-3-fan-14878257/","","16 GB","16 GB",""
"1746604079-113","https://www.morele.net/kategoria/karty-graficzne-12/,,,,,,,,0,,,,/16/","Karta graficzna PNY RTX 2000 Ada Generation 16GB GDDR6 (VCNRTX2000ADA-SB)","3 301,73 zł","https://images.morele.net/i256/13180363_0_i256.jpg","Karta graficzna PNY RTX 2000 Ada Generation 16GB GDDR6 (VCNRTX2000ADA-SB)","https://www.morele.net/karta-graficzna-pny-rtx-2000-ada-generation-16gb-gddr6-vcnrtx2000ada-sb-13180363/","","","",""
"1746604082-114","https://www.morele.net/kategoria/karty-graficzne-12/,,,,,,,,0,,,,/16/","MSI GeForce RTX 4060 Ventus 2X Black OC + Płyta MAG Z890 TOMAHAWK WIFI + Zasilacz MAG A750GL PCIE5 750W + GRATIS Dysk SSD Spatium M450 V1 1TB / MSI MAG Z890 TOMAHAWK WIFI","3 299 zł","https://images.morele.net/i256/9836298_0_i256.jpg","MSI GeForce RTX 4060 Ventus 2X Black OC + Płyta MAG Z890 TOMAHAWK WIFI + Zasilacz MAG A750GL PCIE5 750W + GRATIS Dysk SSD Spatium M450 V1 1TB / MSI MAG Z890 TOMAHAWK WIFI","https://www.morele.net/msi-geforce-rtx-4060-ventus-2x-black-oc-plyta-mag-z890-tomahawk-wifi-zasilacz-mag-a750gl-pcie5-750w-gratis-dysk-ssd-spatium-m450-v1-1tb-msi-mag-z890-tomahawk-wifi-9836298/","","","",""
"1746604084-115","https://www.morele.net/kategoria/karty-graficzne-12/,,,,,,,,0,,,,/16/","Karta graficzna PNY GeForce RTX 5070 ARGB EPIC-X RGB Overclocked (VCG507012TFXXPB1-O)","3 296,91 zł","https://images.morele.net/i256/14481849_0_i256.jpg","Karta graficzna PNY GeForce RTX 5070 ARGB EPIC-X RGB Overclocked (VCG507012TFXXPB1-O)","https://www.morele.net/karta-graficzna-pny-geforce-rtx-5070-argb-epic-x-rgb-overclocked-vcg507012tfxxpb1-o-14481849/","GeForce RTX 5070","300 mm","300 mm","2510 MHz"
"1746604087-116","https://www.morele.net/kategoria/karty-graficzne-12/,,,,,,,,0,,,,/16/","Karta graficzna Asus Prime GeForce RTX 5070 12GB GDDR7 DLSS4 (PRIME-RTX5070-12G)","3 249 zł","https://images.morele.net/i256/14740194_9_i256.jpg","Karta graficzna Asus Prime GeForce RTX 5070 12GB GDDR7 DLSS4 (PRIME-RTX5070-12G)","https://www.morele.net/karta-graficzna-asus-prime-geforce-rtx-5070-12gb-gddr7-dlss4-prime-rtx5070-12g-14740194/","","","",""
"1746604089-117","https://www.morele.net/kategoria/karty-graficzne-12/,,,,,,,,0,,,,/16/","Karta graficzna HP RTX A2000 12GB GDDR6 (5Z7D9AA)","3 230,99 zł","https://images.morele.net/i256/11461235_2_i256.jpg","Karta graficzna HP RTX A2000 12GB GDDR6 (5Z7D9AA)","https://www.morele.net/karta-graficzna-hp-rtx-a2000-12gb-gddr6-5z7d9aa-11461235/","RTX A2000","168 mm","168 mm","1200 MHz"
"1746604092-118","https://www.morele.net/kategoria/karty-graficzne-12/,,,,,,,,0,,,,/16/","Karta graficzna Palit GeForce RTX 5070 GamingPro OC 12GB GDDR7 DLSS4 (NE75070T19K9-GB2050A)","3 224,01 zł","https://images.morele.net/i256/14731811_0_i256.jpg","Karta graficzna Palit GeForce RTX 5070 GamingPro OC 12GB GDDR7 DLSS4 (NE75070T19K9-GB2050A)","https://www.morele.net/karta-graficzna-palit-geforce-rtx-5070-gamingpro-oc-12gb-gddr7-dlss4-ne75070t19k9-gb2050a-14731811/","","","",""
"1746604094-119","https://www.morele.net/kategoria/karty-graficzne-12/,,,,,,,,0,,,,/16/","Zotac GAMING GeForce RTX 5070 AMP NVIDIA 12 GB GDDR7","3 167,99 zł","https://images.morele.net/i256/14850698_0_i256.jpg","Zotac GAMING GeForce RTX 5070 AMP NVIDIA 12 GB GDDR7","https://www.morele.net/zotac-gaming-geforce-rtx-5070-amp-nvidia-12-gb-gddr7-14850698/","","12 GB","12 GB",""
"1746604097-120","https://www.morele.net/kategoria/karty-graficzne-12/,,,,,,,,0,,,,/16/","Karta graficzna Gigabyte GeForce RTX 5060 Ti Gaming OC 16GB GDDR7 DLSS4 (GV-N506TGAMING OC-16GD)","3 159,44 zł","https://images.morele.net/i256/14848067_0_i256.jpg","Karta graficzna Gigabyte GeForce RTX 5060 Ti Gaming OC 16GB GDDR7 DLSS4 (GV-N506TGAMING OC-16GD)","https://www.morele.net/karta-graficzna-gigabyte-geforce-rtx-5060-ti-gaming-oc-16gb-gddr7-dlss4-gv-n506tgaming-oc-16gd-14848067/","GeForce RTX 5060 Ti","281 mm","281 mm","2647 MHz"
"1746604099-121","https://www.morele.net/kategoria/karty-graficzne-12/,,,,,,,,0,,,,/16/","Karta graficzna Sapphire Pure Radeon RX 7900 XT 20GB GDDR6 (11323-09-20G)","3 146,44 zł","https://images.morele.net/i256/14764363_1_i256.jpg","Karta graficzna Sapphire Pure Radeon RX 7900 XT 20GB GDDR6 (11323-09-20G)","https://www.morele.net/karta-graficzna-sapphire-pure-radeon-rx-7900-xt-20gb-gddr6-11323-09-20g-14764363/","Radeon RX 7900 XT","313 mm","313 mm","2450 MHz"
"1746604102-122","https://www.morele.net/kategoria/karty-graficzne-12/,,,,,,,,0,,,,/16/","Gainward GeForce RTX 5070 Phoenix NVIDIA 12 GB GDDR7","3 145,64 zł","https://images.morele.net/i256/14844555_0_i256.jpg","Gainward GeForce RTX 5070 Phoenix NVIDIA 12 GB GDDR7","https://www.morele.net/gainward-geforce-rtx-5070-phoenix-nvidia-12-gb-gddr7-14844555/","","12 GB","12 GB",""
"1746604104-123","https://www.morele.net/kategoria/karty-graficzne-12/,,,,,,,,0,,,,/16/","Karta graficzna ASRock Radeon RX 7900 XT Creator 20GB GDDR6 (RX7900XT CT 20G)","3 141,54 zł","https://images.morele.net/i256/13813055_0_i256.jpg","Karta graficzna ASRock Radeon RX 7900 XT Creator 20GB GDDR6 (RX7900XT CT 20G)","https://www.morele.net/karta-graficzna-asrock-radeon-rx-7900-xt-creator-20gb-gddr6-rx7900xt-ct-20g-13813055/","Radeon RX 7900 XT","312 mm","312 mm","2395 MHz"
"1746604117-124","https://www.morele.net/kategoria/karty-graficzne-12/,,,,,,,,0,,,,/15/","Karta graficzna ASRock Radeon RX 9070 Steel Legend 16GB GDDR6 (RX9070 SL 16GO)","3 161,80 zł","https://images.morele.net/i256/14732568_0_i256.jpg","Karta graficzna ASRock Radeon RX 9070 Steel Legend 16GB GDDR6 (RX9070 SL 16GO)","https://www.morele.net/karta-graficzna-asrock-radeon-rx-9070-steel-legend-16gb-gddr6-rx9070-sl-16go-14732568/","Radeon RX 9070","298 mm","298 mm","2700 MHz"
"1746604119-125","https://www.morele.net/kategoria/karty-graficzne-12/,,,,,,,,0,,,,/15/","Karta graficzna NVIDIA RTX 2000 Ada Generation 16GB GDDR6 (900-5G192-2240-000)","2 896,65 zł","https://images.morele.net/i256/13809503_0_i256.jpg","Karta graficzna NVIDIA RTX 2000 Ada Generation 16GB GDDR6 (900-5G192-2240-000)","https://www.morele.net/karta-graficzna-nvidia-rtx-2000-ada-generation-16gb-gddr6-900-5g192-2240-000-13809503/","RTX 2000 Ada Generation","168 mm","168 mm","2115 MHz"
"1746604122-126","https://www.morele.net/kategoria/karty-graficzne-12/,,,,,,,,0,,,,/15/","RTX 5070 12GB Gainward Python III GDDR7 3 Fan","3 125,99 zł","https://images.morele.net/i256/14779521_0_i256.jpg","RTX 5070 12GB Gainward Python III GDDR7 3 Fan","https://www.morele.net/rtx-5070-12gb-gainward-python-iii-gddr7-3-fan-14779521/","","12 GB","12 GB",""
"1746604124-127","https://www.morele.net/kategoria/karty-graficzne-12/,,,,,,,,0,,,,/15/","Karta graficzna Asus Prime Radeon RX 9070 OC 16GB GDDR6 (PRIME-RX9070-O16G)","3 099 zł","https://images.morele.net/i256/14731767_0_i256.jpg","Karta graficzna Asus Prime Radeon RX 9070 OC 16GB GDDR6 (PRIME-RX9070-O16G)","https://www.morele.net/karta-graficzna-asus-prime-radeon-rx-9070-oc-16gb-gddr6-prime-rx9070-o16g-14731767/","Radeon RX 9070","312 mm","312 mm","Brak danych"
"1746604127-128","https://www.morele.net/kategoria/karty-graficzne-12/,,,,,,,,0,,,,/15/","Karta graficzna ASRock Radeon RX 9070 Challenger 16GB GDDR6 (RX9070 CL 16G)","3 079 zł","https://images.morele.net/i256/14732569_0_i256.jpg","Karta graficzna ASRock Radeon RX 9070 Challenger 16GB GDDR6 (RX9070 CL 16G)","https://www.morele.net/karta-graficzna-asrock-radeon-rx-9070-challenger-16gb-gddr6-rx9070-cl-16g-14732569/","Radeon RX 9070","290 mm","290 mm","2520 MHz"
"1746604129-129","https://www.morele.net/kategoria/karty-graficzne-12/,,,,,,,,0,,,,/15/","VGA Man GeForce RTX 5070 12GB Nebula","3 077,48 zł","https://images.morele.net/i256/14917303_0_i256.jpg","VGA Man GeForce RTX 5070 12GB Nebula","https://www.morele.net/vga-man-geforce-rtx-5070-12gb-nebula-14917303/","","","",""
"1746604132-130","https://www.morele.net/kategoria/karty-graficzne-12/,,,,,,,,0,,,,/15/","Karta graf. INNO3D GeForce RTX 5070 Twin X2 OC WH.","3 058,59 zł","https://images.morele.net/i256/14763376_0_i256.jpg","Karta graf. INNO3D GeForce RTX 5070 Twin X2 OC WH.","https://www.morele.net/karta-graf-inno3d-geforce-rtx-5070-twin-x2-oc-wh-14763376/","","12 GB","12 GB",""
"1746604134-131","https://www.morele.net/kategoria/karty-graficzne-12/,,,,,,,,0,,,,/15/","Gainward GeForce RTX 5070 Phoenix GS NVIDIA 12 GB GDDR7","3 054,99 zł","https://images.morele.net/i256/14844556_0_i256.jpg","Gainward GeForce RTX 5070 Phoenix GS NVIDIA 12 GB GDDR7","https://www.morele.net/gainward-geforce-rtx-5070-phoenix-gs-nvidia-12-gb-gddr7-14844556/","","12 GB","12 GB",""
"1746604137-132","https://www.morele.net/kategoria/karty-graficzne-12/,,,,,,,,0,,,,/15/","Karta graficzna XFX Swift Radeon RX 9070 OC White Triple Fan Gaming 16GB GDDR6 (RX-97SWFB3W9)","3 049 zł","https://images.morele.net/i256/14739183_0_i256.jpg","Karta graficzna XFX Swift Radeon RX 9070 OC White Triple Fan Gaming 16GB GDDR6 (RX-97SWFB3W9)","https://www.morele.net/karta-graficzna-xfx-swift-radeon-rx-9070-oc-white-triple-fan-gaming-16gb-gddr6-rx-97swfb3w9-14739183/","","","",""
"1746604139-133","https://www.morele.net/kategoria/karty-graficzne-12/,,,,,,,,0,,,,/15/","Karta graficzna Lenovo Quadro K5200 8GB GDDR5 (4X60G69025)","3 025 zł","https://images.morele.net/i256/827701_1_i256.jpg","Karta graficzna Lenovo Quadro K5200 8GB GDDR5 (4X60G69025)","https://www.morele.net/karta-graficzna-lenovo-quadro-k5200-8gb-gddr5-4x60g69025-827701/","Quadro K5200","267 mm","267 mm","Brak danych"
"1746604142-134","https://www.morele.net/kategoria/karty-graficzne-12/,,,,,,,,0,,,,/15/","Karta graficzna Gigabyte GeForce RTX 5060 Ti Windforce OC 16GB GDDR7 (GV-N506TWF2OC-16GD)","3 033,89 zł","https://images.morele.net/i256/14848070_0_i256.jpg","Karta graficzna Gigabyte GeForce RTX 5060 Ti Windforce OC 16GB GDDR7 (GV-N506TWF2OC-16GD)","https://www.morele.net/karta-graficzna-gigabyte-geforce-rtx-5060-ti-windforce-oc-16gb-gddr7-gv-n506twf2oc-16gd-14848070/","","","",""
"1746604144-135","https://www.morele.net/kategoria/karty-graficzne-12/,,,,,,,,0,,,,/15/","Karta graficzna NVIDIA RTX 2000 Ada Generation 16GB GDDR6 (900-5G192-2541-000)","3 012,70 zł","https://images.morele.net/i256/14069040_0_i256.jpg","Karta graficzna NVIDIA RTX 2000 Ada Generation 16GB GDDR6 (900-5G192-2541-000)","https://www.morele.net/karta-graficzna-nvidia-rtx-2000-ada-generation-16gb-gddr6-900-5g192-2541-000-14069040/","RTX 2000 Ada Generation","168 mm","168 mm","2115 MHz"
"1746604147-136","https://www.morele.net/kategoria/karty-graficzne-12/,,,,,,,,0,,,,/15/","Karta graficzna Palit GeForce RTX 5070 Infinity 3 OC 12GB GDDR7 DLSS4 (NE75070S19K9-GB2050S)","2 999 zł","https://images.morele.net/i256/14846951_8_i256.jpg","Karta graficzna Palit GeForce RTX 5070 Infinity 3 OC 12GB GDDR7 DLSS4 (NE75070S19K9-GB2050S)","https://www.morele.net/karta-graficzna-palit-geforce-rtx-5070-infinity-3-oc-12gb-gddr7-dlss4-ne75070s19k9-gb2050s-14846951/","","","",""
"1746604149-137","https://www.morele.net/kategoria/karty-graficzne-12/,,,,,,,,0,,,,/15/","Karta graficzna Gigabyte GeForce RTX 5070 Gaming OC 12GB GDDR7 (GV-N5070GAMING OC-12GD)","2 999 zł","https://images.morele.net/i256/14485482_9_i256.jpg","Karta graficzna Gigabyte GeForce RTX 5070 Gaming OC 12GB GDDR7 (GV-N5070GAMING OC-12GD)","https://www.morele.net/karta-graficzna-gigabyte-geforce-rtx-5070-gaming-oc-12gb-gddr7-gv-n5070gaming-oc-12gd-14485482/","GeForce RTX 5070","327 mm","327 mm","Brak danych"
"1746604152-138","https://www.morele.net/kategoria/karty-graficzne-12/,,,,,,,,0,,,,/15/","Karta graficzna Gigabyte GeForce RTX 5070 Eagle OC ICE SFF 12GB GDDR7 (GV-N5070EAGLEOC ICE-12GD)","2 999 zł","https://images.morele.net/i256/14485388_9_i256.jpg","Karta graficzna Gigabyte GeForce RTX 5070 Eagle OC ICE SFF 12GB GDDR7 (GV-N5070EAGLEOC ICE-12GD)","https://www.morele.net/karta-graficzna-gigabyte-geforce-rtx-5070-eagle-oc-ice-sff-12gb-gddr7-gv-n5070eagleoc-ice-12gd-14485388/","","","",""
"1746604154-139","https://www.morele.net/kategoria/karty-graficzne-12/,,,,,,,,0,,,,/15/","Karta graficzna HP RTX A1000 Power Limited 8GB GDDR6 (VCNRTXA1000-PL)","2 991 zł","https://images.morele.net/i256/14441901_1_i256.jpg","Karta graficzna HP RTX A1000 Power Limited 8GB GDDR6 (VCNRTXA1000-PL)","https://www.morele.net/karta-graficzna-hp-rtx-a1000-power-limited-8gb-gddr6-vcnrtxa1000-pl-14441901/","RTX A1000","163 mm","163 mm","1462 MHz"
"1746604157-140","https://www.morele.net/kategoria/karty-graficzne-12/,,,,,,,,0,,,,/15/","ZOTAC GAMING GeForce RTX 5070 Solid, 12288 MB GDDR7","2 981,41 zł","https://images.morele.net/i256/14770139_0_i256.jpg","ZOTAC GAMING GeForce RTX 5070 Solid, 12288 MB GDDR7","https://www.morele.net/zotac-gaming-geforce-rtx-5070-solid-12288-mb-gddr7-14770139/","","12 GB","12 GB",""
"1746604160-141","https://www.morele.net/kategoria/karty-graficzne-12/,,,,,,,,0,,,,/15/","INNO3D GeForce RTX 5070 X3 OC 12GB GDDR7 3xDP 1xHDMI","2 930 zł","https://images.morele.net/i256/14850607_0_i256.jpg","INNO3D GeForce RTX 5070 X3 OC 12GB GDDR7 3xDP 1xHDMI","https://www.morele.net/inno3d-geforce-rtx-5070-x3-oc-12gb-gddr7-3xdp-1xhdmi-14850607/","","12 GB","12 GB",""
"1746604162-142","https://www.morele.net/kategoria/karty-graficzne-12/,,,,,,,,0,,,,/15/","Karta graficzna Gigabyte GeForce RTX 5070 Eagle OC SFF 12GB GDDR7 (GV-N5070EAGLE OC-12GD)","2 899 zł","https://images.morele.net/i256/14485376_9_i256.jpg","Karta graficzna Gigabyte GeForce RTX 5070 Eagle OC SFF 12GB GDDR7 (GV-N5070EAGLE OC-12GD)","https://www.morele.net/karta-graficzna-gigabyte-geforce-rtx-5070-eagle-oc-sff-12gb-gddr7-gv-n5070eagle-oc-12gd-14485376/","","","",""
"1746604165-143","https://www.morele.net/kategoria/karty-graficzne-12/,,,,,,,,0,,,,/15/","Karta graficzna Palit GeForce RTX 5070 GamingPro 12GB GDDR7 DLSS4 (NE75070019K9-GB2050A)","2 879,52 zł","https://images.morele.net/i256/14828084_1_i256.jpg","Karta graficzna Palit GeForce RTX 5070 GamingPro 12GB GDDR7 DLSS4 (NE75070019K9-GB2050A)","https://www.morele.net/karta-graficzna-palit-geforce-rtx-5070-gamingpro-12gb-gddr7-dlss4-ne75070019k9-gb2050a-14828084/","","","",""
"1746604167-144","https://www.morele.net/kategoria/karty-graficzne-12/,,,,,,,,0,,,,/15/","Karta graficzna Matrox M9148 Low Profile 1GB DDR2 (M9148-E1024LAF)","2 849,66 zł","https://images.morele.net/i256/278817_1_i256.jpg","Karta graficzna Matrox M9148 Low Profile 1GB DDR2 (M9148-E1024LAF)","https://www.morele.net/karta-graficzna-matrox-m9148-low-profile-1gb-ddr2-m9148-e1024laf-278817/","M9148","168 mm","168 mm","Brak danych"
"1746604170-145","https://www.morele.net/kategoria/karty-graficzne-12/,,,,,,,,0,,,,/15/","MSI GeForce RTX 4060 Ventus 2X Black OC + Płyta PRO Z890-P WIFI + Zasilacz MAG A650BN 650W + GRATIS Dysk SSD Spatium M450 V1 1TB / MSI PRO Z890-P WIFI","2 799 zł","https://images.morele.net/i256/9836296_0_i256.jpg","MSI GeForce RTX 4060 Ventus 2X Black OC + Płyta PRO Z890-P WIFI + Zasilacz MAG A650BN 650W + GRATIS Dysk SSD Spatium M450 V1 1TB / MSI PRO Z890-P WIFI","https://www.morele.net/msi-geforce-rtx-4060-ventus-2x-black-oc-plyta-pro-z890-p-wifi-zasilacz-mag-a650bn-650w-gratis-dysk-ssd-spatium-m450-v1-1tb-msi-pro-z890-p-wifi-9836296/","","","",""
"1746604172-146","https://www.morele.net/kategoria/karty-graficzne-12/,,,,,,,,0,,,,/15/","Karta graficzna Biostar GeForce RTX 3080 10GB GDDR6X (VN3806RMT3)","2 797,50 zł","https://images.morele.net/i256/12899442_0_i256.jpg","Karta graficzna Biostar GeForce RTX 3080 10GB GDDR6X (VN3806RMT3)","https://www.morele.net/karta-graficzna-biostar-geforce-rtx-3080-10gb-gddr6x-vn3806rmt3-12899442/","GeForce RTX 3080","330 mm","330 mm","1770 MHz"
"1746604175-147","https://www.morele.net/kategoria/karty-graficzne-12/,,,,,,,,0,,,,/15/","Karta graficzna Asus TUF GeForce RTX 5060 Ti OC 16GB GDDR7 DLSS4 (TUF-RTX5060TI-O16G-GAMING)","2 796,90 zł","https://images.morele.net/i256/14853319_0_i256.jpg","Karta graficzna Asus TUF GeForce RTX 5060 Ti OC 16GB GDDR7 DLSS4 (TUF-RTX5060TI-O16G-GAMING)","https://www.morele.net/karta-graficzna-asus-tuf-geforce-rtx-5060-ti-oc-16gb-gddr7-dlss4-tuf-rtx5060ti-o16g-gaming-14853319/","GeForce RTX 5060 Ti","302 mm","302 mm","2692 MHz"
"1746604177-148","https://www.morele.net/kategoria/karty-graficzne-12/,,,,,,,,0,,,,/15/","INNO3D GeForce RTX 5070 Twin X2, 12288 MB GDDR7","2 777,82 zł","https://images.morele.net/i256/14774505_0_i256.jpg","INNO3D GeForce RTX 5070 Twin X2, 12288 MB GDDR7","https://www.morele.net/inno3d-geforce-rtx-5070-twin-x2-12288-mb-gddr7-14774505/","","12 GB","12 GB",""
"1746604180-149","https://www.morele.net/kategoria/karty-graficzne-12/,,,,,,,,0,,,,/15/","Karta graficzna Inno3D GeForce RTX 5070 Twin X2 OC 12GB GDDR7 (N50702-12D7X-195064N)","2 748,74 zł","https://images.morele.net/i256/14763395_2_i256.jpg","Karta graficzna Inno3D GeForce RTX 5070 Twin X2 OC 12GB GDDR7 (N50702-12D7X-195064N)","https://www.morele.net/karta-graficzna-inno3d-geforce-rtx-5070-twin-x2-oc-12gb-gddr7-n50702-12d7x-195064n-14763395/","GeForce RTX 5070","250 mm","250 mm","2542 MHz"
"1746604182-150","https://www.morele.net/kategoria/karty-graficzne-12/,,,,,,,,0,,,,/15/","Karta graficzna Matrox M9140 512MB DDR2 (M9140-E512LAF)","2 735,73 zł","https://images.morele.net/i256/182452_0_i256.jpg","Karta graficzna Matrox M9140 512MB DDR2 (M9140-E512LAF)","https://www.morele.net/karta-graficzna-matrox-m9140-512mb-ddr2-m9140-e512laf-182452/","M9140","168 mm","168 mm","Brak danych"
"1746604185-151","https://www.morele.net/kategoria/karty-graficzne-12/,,,,,,,,0,,,,/15/","Karta graficzna Palit GeForce RTX 5070 Infinity 3 12GB GDDR7 DLSS4 (NE75070019K9-GB2050S)","2 699 zł","https://images.morele.net/i256/14770639_0_i256.jpg","Karta graficzna Palit GeForce RTX 5070 Infinity 3 12GB GDDR7 DLSS4 (NE75070019K9-GB2050S)","https://www.morele.net/karta-graficzna-palit-geforce-rtx-5070-infinity-3-12gb-gddr7-dlss4-ne75070019k9-gb2050s-14770639/","","","",""
"1746604187-152","https://www.morele.net/kategoria/karty-graficzne-12/,,,,,,,,0,,,,/15/","Karta graficzna Asus RTX A2000 6GB GDDR6 (90SKC000-M5UAN0)","2 667,77 zł","https://images.morele.net/i256/11923320_0_i256.jpg","Karta graficzna Asus RTX A2000 6GB GDDR6 (90SKC000-M5UAN0)","https://www.morele.net/karta-graficzna-asus-rtx-a2000-6gb-gddr6-90skc000-m5uan0-11923320/","RTX A2000","168 mm","168 mm","1200 MHz"
"1746604190-153","https://www.morele.net/kategoria/karty-graficzne-12/,,,,,,,,0,,,,/15/","Karta graficzna AMD Radeon PRO W7600 8GB GDDR6 (100-300000077)","2 697,60 zł","https://images.morele.net/i256/13114731_0_i256.jpg","Karta graficzna AMD Radeon PRO W7600 8GB GDDR6 (100-300000077)","https://www.morele.net/karta-graficzna-amd-radeon-pro-w7600-8gb-gddr6-100-300000077-13114731/","Radeon Pro W7600","241 mm","241 mm","2440 MHz"
"1746604200-154","https://www.morele.net/kategoria/karty-graficzne-12/,,,,,,,,0,,,,/14/","Karta graficzna Asus Prime GeForce RTX 5060 Ti OC 16GB GDDR7 DLSS4 (PRIME-RTX5060TI-O16G)","2 589,90 zł","https://images.morele.net/i256/14853320_0_i256.jpg","Karta graficzna Asus Prime GeForce RTX 5060 Ti OC 16GB GDDR7 DLSS4 (PRIME-RTX5060TI-O16G)","https://www.morele.net/karta-graficzna-asus-prime-geforce-rtx-5060-ti-oc-16gb-gddr7-dlss4-prime-rtx5060ti-o16g-14853320/","","","",""
"1746604202-155","https://www.morele.net/kategoria/karty-graficzne-12/,,,,,,,,0,,,,/14/","Karta graficzna Gigabyte GeForce RTX 5060 Ti Aero OC 16GB GDDR7 DLSS4 (GV-N506TAERO OC-16GD)","2 589,29 zł","https://images.morele.net/i256/14848066_0_i256.jpg","Karta graficzna Gigabyte GeForce RTX 5060 Ti Aero OC 16GB GDDR7 DLSS4 (GV-N506TAERO OC-16GD)","https://www.morele.net/karta-graficzna-gigabyte-geforce-rtx-5060-ti-aero-oc-16gb-gddr7-dlss4-gv-n506taero-oc-16gd-14848066/","GeForce RTX 5060 Ti","281 mm","281 mm","2647 MHz"
"1746604205-156","https://www.morele.net/kategoria/karty-graficzne-12/,,,,,,,,0,,,,/14/","Karta graficzna Lenovo Quadro T600 4GB DDR6 (4X61E26090)","2 569,31 zł","https://images.morele.net/i256/9644128_0_i256.jpg","Karta graficzna Lenovo Quadro T600 4GB DDR6 (4X61E26090)","https://www.morele.net/karta-graficzna-lenovo-quadro-t600-4gb-ddr6-4x61e26090-9644128/","Quadro T600","156 mm","156 mm","1335 MHz"
"1746604207-157","https://www.morele.net/kategoria/karty-graficzne-12/,,,,,,,,0,,,,/14/","Karta graficzna Lenovo Quadro T600 4GB DDR6 (5V10Y65017)","2 544,10 zł","https://images.morele.net/i256/14422104_0_i256.jpg","Karta graficzna Lenovo Quadro T600 4GB DDR6 (5V10Y65017)","https://www.morele.net/karta-graficzna-lenovo-quadro-t600-4gb-ddr6-5v10y65017-14422104/","Quadro T600","156 mm","156 mm","1335 MHz"
"1746604210-158","https://www.morele.net/kategoria/karty-graficzne-12/,,,,,,,,0,,,,/14/","Karta graficzna Asus Dual GeForce RTX 5060 Ti OC 16GB GDDR7 DLSS4 (DUAL-RTX5060TI-O16G)","2 537,90 zł","https://images.morele.net/i256/14853321_0_i256.jpg","Karta graficzna Asus Dual GeForce RTX 5060 Ti OC 16GB GDDR7 DLSS4 (DUAL-RTX5060TI-O16G)","https://www.morele.net/karta-graficzna-asus-dual-geforce-rtx-5060-ti-oc-16gb-gddr7-dlss4-dual-rtx5060ti-o16g-14853321/","GeForce RTX 5060 Ti","229 mm","229 mm","2632 MHz"
"1746604212-159","https://www.morele.net/kategoria/karty-graficzne-12/,,,,,,,,0,,,,/14/","Karta graficzna Zotac Gaming GeForce RTX 4060 Ti Twin Edge 16GB GDDR6 (ZT-D40620E-10M)","2 514,03 zł","https://images.morele.net/i256/13120004_0_i256.jpg","Karta graficzna Zotac Gaming GeForce RTX 4060 Ti Twin Edge 16GB GDDR6 (ZT-D40620E-10M)","https://www.morele.net/karta-graficzna-zotac-gaming-geforce-rtx-4060-ti-twin-edge-16gb-gddr6-zt-d40620e-10m-13120004/","GeForce RTX 4060 Ti","250 mm","250 mm","2535 MHz"
"1746604215-160","https://www.morele.net/kategoria/karty-graficzne-12/,,,,,,,,0,,,,/14/","Karta graficzna Asus Prime GeForce RTX 5060 Ti 16GB GDDR7 DLSS4 (PRIME-RTX5060TI-16G)","2 449 zł","https://images.morele.net/i256/14853314_0_i256.jpg","Karta graficzna Asus Prime GeForce RTX 5060 Ti 16GB GDDR7 DLSS4 (PRIME-RTX5060TI-16G)","https://www.morele.net/karta-graficzna-asus-prime-geforce-rtx-5060-ti-16gb-gddr7-dlss4-prime-rtx5060ti-16g-14853314/","","","",""
"1746604217-161","https://www.morele.net/kategoria/karty-graficzne-12/,,,,,,,,0,,,,/14/","Karta graficzna XFX Quicksilver Radeon RX 7800 XT Magnetic Air Gaming 16GB GDDR6 (RX-78TMAIRF9)","2 382,69 zł","https://images.morele.net/i256/13860961_0_i256.jpg","Karta graficzna XFX Quicksilver Radeon RX 7800 XT Magnetic Air Gaming 16GB GDDR6 (RX-78TMAIRF9)","https://www.morele.net/karta-graficzna-xfx-quicksilver-radeon-rx-7800-xt-magnetic-air-gaming-16gb-gddr6-rx-78tmairf9-13860961/","Radeon RX 7800 XT","337 mm","337 mm","2430 MHz"
"1746604220-162","https://www.morele.net/kategoria/karty-graficzne-12/,,,,,,,,0,,,,/14/","Karta graficzna Asus Prime GeForce RTX 5060 Ti OC 8GB GDDR7 DLSS4 (PRIME-RTX5060TI-O8G)","2 334,28 zł","https://images.morele.net/i256/14853290_0_i256.jpg","Karta graficzna Asus Prime GeForce RTX 5060 Ti OC 8GB GDDR7 DLSS4 (PRIME-RTX5060TI-O8G)","https://www.morele.net/karta-graficzna-asus-prime-geforce-rtx-5060-ti-oc-8gb-gddr7-dlss4-prime-rtx5060ti-o8g-14853290/","GeForce RTX 5060 Ti","304 mm","304 mm","2647 MHz"
"1746604222-163","https://www.morele.net/kategoria/karty-graficzne-12/,,,,,,,,0,,,,/14/","Karta graficzna PNY RTX A1000 8GB GDDR6 (VCNRTXA1000-PB)","2 306,41 zł","https://images.morele.net/i256/13239075_0_i256.jpg","Karta graficzna PNY RTX A1000 8GB GDDR6 (VCNRTXA1000-PB)","https://www.morele.net/karta-graficzna-pny-rtx-a1000-8gb-gddr6-vcnrtxa1000-pb-13239075/","","","",""
"1746604225-164","https://www.morele.net/kategoria/karty-graficzne-12/,,,,,,,,0,,,,/14/","GeForce RTX 3050 Ventus 2X XS OC + Płyta PRO Z890-S WIFI + Zasilacz MAG A650BN 650W + GRATIS Dysk SSD Spatium M450 V1 1TB / MSI PRO Z890-S WIFI","2 299 zł","https://images.morele.net/i256/9836299_0_i256.jpg","GeForce RTX 3050 Ventus 2X XS OC + Płyta PRO Z890-S WIFI + Zasilacz MAG A650BN 650W + GRATIS Dysk SSD Spatium M450 V1 1TB / MSI PRO Z890-S WIFI","https://www.morele.net/geforce-rtx-3050-ventus-2x-xs-oc-plyta-pro-z890-s-wifi-zasilacz-mag-a650bn-650w-gratis-dysk-ssd-spatium-m450-v1-1tb-msi-pro-z890-s-wifi-9836299/","","","",""
"1746604227-165","https://www.morele.net/kategoria/karty-graficzne-12/,,,,,,,,0,,,,/14/","Karta graficzna Gigabyte GeForce RTX 5060 Ti Eagle OC 16GB GDDR7 (GV-N506TEAGLE OC-16GD)","2 249 zł","https://images.morele.net/i256/14848069_1_i256.jpg","Karta graficzna Gigabyte GeForce RTX 5060 Ti Eagle OC 16GB GDDR7 (GV-N506TEAGLE OC-16GD)","https://www.morele.net/karta-graficzna-gigabyte-geforce-rtx-5060-ti-eagle-oc-16gb-gddr7-gv-n506teagle-oc-16gd-14848069/","","","",""
"1746604230-166","https://www.morele.net/kategoria/karty-graficzne-12/,,,,,,,,0,,,,/14/","Karta graficzna Gigabyte GeForce RTX 5060 Ti Eagle OC ICE 16GB GDDR7 (GV-N506TEAGLEOC ICE-16GD)","2 239 zł","https://images.morele.net/i256/14848068_0_i256.jpg","Karta graficzna Gigabyte GeForce RTX 5060 Ti Eagle OC ICE 16GB GDDR7 (GV-N506TEAGLEOC ICE-16GD)","https://www.morele.net/karta-graficzna-gigabyte-geforce-rtx-5060-ti-eagle-oc-ice-16gb-gddr7-gv-n506teagleoc-ice-16gd-14848068/","","","",""
"1746604233-167","https://www.morele.net/kategoria/karty-graficzne-12/,,,,,,,,0,,,,/14/","ZOTAC GAMING GeForce RTX 5060 Ti Twin Edge OC, 16384 MB GDDR7","2 232,51 zł","https://images.morele.net/i256/14863867_0_i256.jpg","ZOTAC GAMING GeForce RTX 5060 Ti Twin Edge OC, 16384 MB GDDR7","https://www.morele.net/zotac-gaming-geforce-rtx-5060-ti-twin-edge-oc-16384-mb-gddr7-14863867/","","16 GB","16 GB",""
"1746604235-168","https://www.morele.net/kategoria/karty-graficzne-12/,,,,,,,,0,,,,/14/","Karta graficzna Lenovo Quadro T1000 8GB GDDR6 (4X61J52233)","2 195,66 zł","https://images.morele.net/i256/12463057_0_i256.jpg","Karta graficzna Lenovo Quadro T1000 8GB GDDR6 (4X61J52233)","https://www.morele.net/karta-graficzna-lenovo-quadro-t1000-8gb-gddr6-4x61j52233-12463057/","Quadro T1000","156 mm","156 mm","1395 MHz"
"1746604238-169","https://www.morele.net/kategoria/karty-graficzne-12/,,,,,,,,0,,,,/14/","Karta graficzna Palit GeForce RTX 5060 Ti Infinity 3 16GB GDDR7 DLSS4 (NE7506T019T1-GB2061S)","2 193 zł","https://images.morele.net/i256/14848079_0_i256.jpg","Karta graficzna Palit GeForce RTX 5060 Ti Infinity 3 16GB GDDR7 DLSS4 (NE7506T019T1-GB2061S)","https://www.morele.net/karta-graficzna-palit-geforce-rtx-5060-ti-infinity-3-16gb-gddr7-dlss4-ne7506t019t1-gb2061s-14848079/","","","",""
"1746604240-170","https://www.morele.net/kategoria/karty-graficzne-12/,,,,,,,,0,,,,/14/","Karta graficzna Asus Dual GeForce RTX 5060 Ti OC 8GB GDDR7 DLSS4 (DUAL-RTX5060TI-O8G)","2 175,90 zł","https://images.morele.net/i256/14853313_0_i256.jpg","Karta graficzna Asus Dual GeForce RTX 5060 Ti OC 8GB GDDR7 DLSS4 (DUAL-RTX5060TI-O8G)","https://www.morele.net/karta-graficzna-asus-dual-geforce-rtx-5060-ti-oc-8gb-gddr7-dlss4-dual-rtx5060ti-o8g-14853313/","GeForce RTX 5060 Ti","229 mm","229 mm","2632 MHz"
"1746604243-171","https://www.morele.net/kategoria/karty-graficzne-12/,,,,,,,,0,,,,/14/","Karta graficzna MSI GeForce RTX 4060 Ventus 2X Black OC 8GB GDDR6 + MSI MAG B650 TOMAHAWK WIFI","2 170 zł","https://images.morele.net/i256/9118117_0_i256.jpg","Karta graficzna MSI GeForce RTX 4060 Ventus 2X Black OC 8GB GDDR6 + MSI MAG B650 TOMAHAWK WIFI","https://www.morele.net/karta-graficzna-msi-geforce-rtx-4060-ventus-2x-black-oc-8gb-gddr6-msi-mag-b650-tomahawk-wifi-9118117/","","","",""
"1746604245-172","https://www.morele.net/kategoria/karty-graficzne-12/,,,,,,,,0,,,,/14/","VGA PowerColor Radeon Powercolor RX 7700XT 12GB (Dual Fan)","2 168,24 zł","https://images.morele.net/i256/14936002_0_i256.jpg","VGA PowerColor Radeon Powercolor RX 7700XT 12GB (Dual Fan)","https://www.morele.net/vga-powercolor-radeon-powercolor-rx-7700xt-12gb-dual-fan-14936002/","","12 GB","12 GB",""
"1746604248-173","https://www.morele.net/kategoria/karty-graficzne-12/,,,,,,,,0,,,,/14/","Karta graficzna INNO3 RTX 5060 Ti Twin X2 16GB","2 164,90 zł","https://images.morele.net/i256/14854444_0_i256.jpg","Karta graficzna INNO3 RTX 5060 Ti Twin X2 16GB","https://www.morele.net/karta-graficzna-inno3-rtx-5060-ti-twin-x2-16gb-14854444/","","","",""
"1746604252-174","https://www.morele.net/kategoria/karty-graficzne-12/,,,,,,,,0,,,,/14/","Karta graficzna Lenovo Quadro T1000 4GB GDDR6 (4X61E26088)","2 149,07 zł","https://images.morele.net/i256/9644022_0_i256.jpg","Karta graficzna Lenovo Quadro T1000 4GB GDDR6 (4X61E26088)","https://www.morele.net/karta-graficzna-lenovo-quadro-t1000-4gb-gddr6-4x61e26088-9644022/","Quadro T1000","156 mm","156 mm","1395 MHz"
"1746604255-175","https://www.morele.net/kategoria/karty-graficzne-12/,,,,,,,,0,,,,/14/","Karta graficzna Gigabyte GeForce RTX 5060 Ti Windforce 16GB GDDR7 (GV-N506TWF2-16GD)","2 149 zł","https://images.morele.net/i256/14848071_0_i256.jpg","Karta graficzna Gigabyte GeForce RTX 5060 Ti Windforce 16GB GDDR7 (GV-N506TWF2-16GD)","https://www.morele.net/karta-graficzna-gigabyte-geforce-rtx-5060-ti-windforce-16gb-gddr7-gv-n506twf2-16gd-14848071/","","","",""
"1746604257-176","https://www.morele.net/kategoria/karty-graficzne-12/,,,,,,,,0,,,,/14/","Karta graficzna TUL POWERCOLOR AMD Radeon™ RX 7800 XT 16GB GDDR6 256-bit HDMI 3x DP","2 128,05 zł","https://images.morele.net/i256/14102760_0_i256.jpg","Karta graficzna TUL POWERCOLOR AMD Radeon™ RX 7800 XT 16GB GDDR6 256-bit HDMI 3x DP","https://www.morele.net/karta-graficzna-tul-powercolor-amd-radeon-rx-7800-xt-16gb-gddr6-256-bit-hdmi-3x-dp-14102760/","","","",""
"1746604260-177","https://www.morele.net/kategoria/karty-graficzne-12/,,,,,,,,0,,,,/14/","VGA Man GeForce RTX 4060 Ti 8GB Nebula Twin M25810","2 124,62 zł","https://images.morele.net/i256/14917302_0_i256.jpg","VGA Man GeForce RTX 4060 Ti 8GB Nebula Twin M25810","https://www.morele.net/vga-man-geforce-rtx-4060-ti-8gb-nebula-twin-m25810-14917302/","","","",""
"1746604262-178","https://www.morele.net/kategoria/karty-graficzne-12/,,,,,,,,0,,,,/14/","Karta graficzna Gainward GeForce RTX 4060 Ti Pegasus 8GB GDDR6 (471056224-3987)","2 123,57 zł","https://images.morele.net/i256/12888556_0_i256.jpg","Karta graficzna Gainward GeForce RTX 4060 Ti Pegasus 8GB GDDR6 (471056224-3987)","https://www.morele.net/karta-graficzna-gainward-geforce-rtx-4060-ti-pegasus-8gb-gddr6-471056224-3987-12888556/","GeForce RTX 4060 Ti","170 mm","170 mm","2535 MHz"
"1746604265-179","https://www.morele.net/kategoria/karty-graficzne-12/,,,,,,,,0,,,,/14/","Karta graficzna Asus Dual GeForce RTX 3060 Gaming OC 12GB GDDR6 (DUAL-RTX3060-O12G)","2 099 zł","https://images.morele.net/i256/5947290_0_i256.jpg","Karta graficzna Asus Dual GeForce RTX 3060 Gaming OC 12GB GDDR6 (DUAL-RTX3060-O12G)","https://www.morele.net/karta-graficzna-asus-dual-geforce-rtx-3060-gaming-oc-12gb-gddr6-dual-rtx3060-o12g-5947290/","GeForce RTX 3060","200 mm","200 mm","1867 MHz"
"1746604267-180","https://www.morele.net/kategoria/karty-graficzne-12/,,,,,,,,0,,,,/14/","Karta graficzna HP Quadro T1000 8GB GDDR6 (5Z7D8AA)","2 092,98 zł","https://images.morele.net/i256/10946495_0_i256.jpg","Karta graficzna HP Quadro T1000 8GB GDDR6 (5Z7D8AA)","https://www.morele.net/karta-graficzna-hp-quadro-t1000-8gb-gddr6-5z7d8aa-10946495/","Quadro T1000","Brak danych","Brak danych","1395 MHz"
"1746604270-181","https://www.morele.net/kategoria/karty-graficzne-12/,,,,,,,,0,,,,/14/","Karta graficzna Asus RTX A1000 8GB GDDR6 (90SKC000-M8VAN0)","2 082,14 zł","https://images.morele.net/i256/14156856_0_i256.jpg","Karta graficzna Asus RTX A1000 8GB GDDR6 (90SKC000-M8VAN0)","https://www.morele.net/karta-graficzna-asus-rtx-a1000-8gb-gddr6-90skc000-m8van0-14156856/","RTX A1000","163 mm","163 mm","1462 MHz"
"1746604272-182","https://www.morele.net/kategoria/karty-graficzne-12/,,,,,,,,0,,,,/14/","Karta graficzna Gigabyte GeForce RTX 5060 Ti Windforce OC 8GB GDDR7 (GV-N506TWF2OC-8GD)","2 067,97 zł","https://images.morele.net/i256/14848076_0_i256.jpg","Karta graficzna Gigabyte GeForce RTX 5060 Ti Windforce OC 8GB GDDR7 (GV-N506TWF2OC-8GD)","https://www.morele.net/karta-graficzna-gigabyte-geforce-rtx-5060-ti-windforce-oc-8gb-gddr7-gv-n506twf2oc-8gd-14848076/","GeForce RTX 5060 Ti","208 mm","208 mm","2587 MHz"
"1746604275-183","https://www.morele.net/kategoria/karty-graficzne-12/,,,,,,,,0,,,,/14/","Karta graficzna Palit GeForce RTX 5060 Ti Infinity 3 8GB GDDR7 DLSS4 (NE7506T019P1-GB2062S)","2 035,48 zł","https://images.morele.net/i256/14848081_0_i256.jpg","Karta graficzna Palit GeForce RTX 5060 Ti Infinity 3 8GB GDDR7 DLSS4 (NE7506T019P1-GB2062S)","https://www.morele.net/karta-graficzna-palit-geforce-rtx-5060-ti-infinity-3-8gb-gddr7-dlss4-ne7506t019p1-gb2062s-14848081/","GeForce RTX 5060 Ti","292 mm","292 mm","2572 MHz"
"1746604288-184","https://www.morele.net/kategoria/karty-graficzne-12/,,,,,,,,0,,,,/13/","Karta graficzna MSI GeForce RTX 4060 Ventus 2X Black OC 8GB GDDR6 + MSI B650 GAMING PLUS WIFI","2 027 zł","https://images.morele.net/i256/9118071_0_i256.jpg","Karta graficzna MSI GeForce RTX 4060 Ventus 2X Black OC 8GB GDDR6 + MSI B650 GAMING PLUS WIFI","https://www.morele.net/karta-graficzna-msi-geforce-rtx-4060-ventus-2x-black-oc-8gb-gddr6-msi-b650-gaming-plus-wifi-9118071/","","","",""
"1746604290-185","https://www.morele.net/kategoria/karty-graficzne-12/,,,,,,,,0,,,,/13/","Karta graficzna Zotac Gaming GeForce RTX 4060 Ti Twin Edge OC 8GB GDDR6 (ZT-D40610H-10M)","1 999 zł","https://images.morele.net/i256/12994166_7_i256.jpg","Karta graficzna Zotac Gaming GeForce RTX 4060 Ti Twin Edge OC 8GB GDDR6 (ZT-D40610H-10M)","https://www.morele.net/karta-graficzna-zotac-gaming-geforce-rtx-4060-ti-twin-edge-oc-8gb-gddr6-zt-d40610h-10m-12994166/","GeForce RTX 4060 Ti","226 mm","226 mm","2550 MHz"
"1746604293-186","https://www.morele.net/kategoria/karty-graficzne-12/,,,,,,,,0,,,,/13/","Karta graficzna MSI GeForce RTX 4060 Ventus 2X Black OC 8GB GDDR6 + MSI B650M GAMING PLUS WIFI","1 997 zł","https://images.morele.net/i256/9118146_0_i256.jpg","Karta graficzna MSI GeForce RTX 4060 Ventus 2X Black OC 8GB GDDR6 + MSI B650M GAMING PLUS WIFI","https://www.morele.net/karta-graficzna-msi-geforce-rtx-4060-ventus-2x-black-oc-8gb-gddr6-msi-b650m-gaming-plus-wifi-9118146/","","","",""
"1746604295-187","https://www.morele.net/kategoria/karty-graficzne-12/,,,,,,,,0,,,,/13/","ZOTAC GAMING GeForce RTX 5060 Ti Twin Edge OC, 8192 MB GDDR7","1 990,12 zł","https://images.morele.net/i256/14863853_0_i256.jpg","ZOTAC GAMING GeForce RTX 5060 Ti Twin Edge OC, 8192 MB GDDR7","https://www.morele.net/zotac-gaming-geforce-rtx-5060-ti-twin-edge-oc-8192-mb-gddr7-14863853/","","8 GB","8 GB",""
"1746604298-188","https://www.morele.net/kategoria/karty-graficzne-12/,,,,,,,,0,,,,/13/","Karta graficzna Lenovo RTX A1000 8GB GDDR6 (4X61Q73041)","1 985,10 zł","https://images.morele.net/i256/14425033_1_i256.jpg","Karta graficzna Lenovo RTX A1000 8GB GDDR6 (4X61Q73041)","https://www.morele.net/karta-graficzna-lenovo-rtx-a1000-8gb-gddr6-4x61q73041-14425033/","RTX A1000","163 mm","163 mm","1462 MHz"
"1746604300-189","https://www.morele.net/kategoria/karty-graficzne-12/,,,,,,,,0,,,,/13/","Karta graficzna Palit GeForce RTX 5060 Ti Dual 8GB GDDR7 DLSS4 (NE7506T019P1-GB2062D)","1 973,93 zł","https://images.morele.net/i256/14848083_0_i256.jpg","Karta graficzna Palit GeForce RTX 5060 Ti Dual 8GB GDDR7 DLSS4 (NE7506T019P1-GB2062D)","https://www.morele.net/karta-graficzna-palit-geforce-rtx-5060-ti-dual-8gb-gddr7-dlss4-ne7506t019p1-gb2062d-14848083/","GeForce RTX 5060 Ti","262 mm","262 mm","2573 MHz"
"1746604303-190","https://www.morele.net/kategoria/karty-graficzne-12/,,,,,,,,0,,,,/13/","Karta graficzna NVIDIA RTX A1000 8GB GDDR6 (900-5G172-2280-000)","1 695,71 zł","https://images.morele.net/i256/13809501_0_i256.jpg","Karta graficzna NVIDIA RTX A1000 8GB GDDR6 (900-5G172-2280-000)","https://www.morele.net/karta-graficzna-nvidia-rtx-a1000-8gb-gddr6-900-5g172-2280-000-13809501/","RTX A1000","163 mm","163 mm","1462 MHz"
"1746604305-191","https://www.morele.net/kategoria/karty-graficzne-12/,,,,,,,,0,,,,/13/","Karta graficzna MSI GeForce RTX 4060 Ventus 2X Black OC 8GB GDDR6 + MSI B760 GAMING PLUS WIFI","1 944 zł","https://images.morele.net/i256/9118119_0_i256.jpg","Karta graficzna MSI GeForce RTX 4060 Ventus 2X Black OC 8GB GDDR6 + MSI B760 GAMING PLUS WIFI","https://www.morele.net/karta-graficzna-msi-geforce-rtx-4060-ventus-2x-black-oc-8gb-gddr6-msi-b760-gaming-plus-wifi-9118119/","","","",""
"1746604308-192","https://www.morele.net/kategoria/karty-graficzne-12/,,,,,,,,0,,,,/13/","Karta graficzna XFX Speedster SWFT 210 Radeon RX 7700 XT Core 12GB GDDR6 (RX-77TSWFTFP)","1 937,16 zł","https://images.morele.net/i256/13918671_0_i256.jpg","Karta graficzna XFX Speedster SWFT 210 Radeon RX 7700 XT Core 12GB GDDR6 (RX-77TSWFTFP)","https://www.morele.net/karta-graficzna-xfx-speedster-swft-210-radeon-rx-7700-xt-core-12gb-gddr6-rx-77tswftfp-13918671/","Radeon RX 7700 XT","283 mm","283 mm","2544 MHz"
"1746604310-193","https://www.morele.net/kategoria/karty-graficzne-12/,,,,,,,,0,,,,/13/","INNO3D GeForce RTX 5060 Ti Twin X2 OC, 8192 MB GDDR7","1 909,92 zł","https://images.morele.net/i256/14863857_0_i256.jpg","INNO3D GeForce RTX 5060 Ti Twin X2 OC, 8192 MB GDDR7","https://www.morele.net/inno3d-geforce-rtx-5060-ti-twin-x2-oc-8192-mb-gddr7-14863857/","","8 GB","8 GB",""
"1746604313-194","https://www.morele.net/kategoria/karty-graficzne-12/,,,,,,,,0,,,,/13/","Karta graficzna AMD Radeon PRO W7500 8GB GDDR6 (100-300000078)","1 906,57 zł","https://images.morele.net/i256/13114729_0_i256.jpg","Karta graficzna AMD Radeon PRO W7500 8GB GDDR6 (100-300000078)","https://www.morele.net/karta-graficzna-amd-radeon-pro-w7500-8gb-gddr6-100-300000078-13114729/","Radeon Pro W7500","216 mm","216 mm","1700 MHz"
"1746604316-195","https://www.morele.net/kategoria/karty-graficzne-12/,,,,,,,,0,,,,/13/","Karta graficzna Inno3D GeForce RTX 4060 Ti Twin X2 8GB GDDR6 (N406T2-08D6-171153N)","1 885,23 zł","https://images.morele.net/i256/12921355_1_i256.jpg","Karta graficzna Inno3D GeForce RTX 4060 Ti Twin X2 8GB GDDR6 (N406T2-08D6-171153N)","https://www.morele.net/karta-graficzna-inno3d-geforce-rtx-4060-ti-twin-x2-8gb-gddr6-n406t2-08d6-171153n-12921355/","GeForce RTX 4060 Ti","250 mm","250 mm","2535 MHz"
"1746604318-196","https://www.morele.net/kategoria/karty-graficzne-12/,,,,,,,,0,,,,/13/","Karta graficzna Asus Quadro T1000 8GB GDDR6 (90SKC000-M6WAN0)","1 875,27 zł","https://images.morele.net/i256/11813499_0_i256.jpg","Karta graficzna Asus Quadro T1000 8GB GDDR6 (90SKC000-M6WAN0)","https://www.morele.net/karta-graficzna-asus-quadro-t1000-8gb-gddr6-90skc000-m6wan0-11813499/","Quadro T1000","Brak danych","Brak danych","1395 MHz"
"1746604321-197","https://www.morele.net/kategoria/karty-graficzne-12/,,,,,,,,0,,,,/13/","Karta graficzna Acer Nitro Radeon RX 7600 XT OC 16GB GDDR6 (DP.Z3LWW.P02)","1 874,66 zł","https://images.morele.net/i256/13343818_0_i256.jpg","Karta graficzna Acer Nitro Radeon RX 7600 XT OC 16GB GDDR6 (DP.Z3LWW.P02)","https://www.morele.net/karta-graficzna-acer-nitro-radeon-rx-7600-xt-oc-16gb-gddr6-dp-z3lww-p02-13343818/","Radeon RX 7600 XT","267 mm","267 mm","2810 MHz"
"1746604323-198","https://www.morele.net/kategoria/karty-graficzne-12/,,,,,,,,0,,,,/13/","INNO3D GeForce RTX 5060 Ti Twin X2, 8192 MB GDDR7","1 874,34 zł","https://images.morele.net/i256/14863876_0_i256.jpg","INNO3D GeForce RTX 5060 Ti Twin X2, 8192 MB GDDR7","https://www.morele.net/inno3d-geforce-rtx-5060-ti-twin-x2-8192-mb-gddr7-14863876/","","8 GB","8 GB",""
"1746604326-199","https://www.morele.net/kategoria/karty-graficzne-12/,,,,,,,,0,,,,/13/","Karta graficzna HP Quadro T1000 4GB GDDR6 (20X22AA)","1 853,99 zł","https://images.morele.net/i256/8851353_0_i256.jpg","Karta graficzna HP Quadro T1000 4GB GDDR6 (20X22AA)","https://www.morele.net/karta-graficzna-hp-quadro-t1000-4gb-gddr6-20x22aa-8851353/","Quadro T1000","156 mm","156 mm","1395 MHz"
"1746604329-200","https://www.morele.net/kategoria/karty-graficzne-12/,,,,,,,,0,,,,/13/","Karta graficzna Biostar GeForce RTX 3070 8GB GDDR6 (VN3706RM82)","1 830,35 zł","https://images.morele.net/i256/12812968_0_i256.jpg","Karta graficzna Biostar GeForce RTX 3070 8GB GDDR6 (VN3706RM82)","https://www.morele.net/karta-graficzna-biostar-geforce-rtx-3070-8gb-gddr6-vn3706rm82-12812968/","GeForce RTX 3070","270 mm","270 mm","1725 MHz"
"1746604331-201","https://www.morele.net/kategoria/karty-graficzne-12/,,,,,,,,0,,,,/13/","Karta graficzna HP RTX A1000 8GB GDDR6 (900-5G172-2580-000)","1 795,90 zł","https://images.morele.net/i256/14406684_0_i256.jpg","Karta graficzna HP RTX A1000 8GB GDDR6 (900-5G172-2580-000)","https://www.morele.net/karta-graficzna-hp-rtx-a1000-8gb-gddr6-900-5g172-2580-000-14406684/","RTX A1000","163 mm","163 mm","1462 MHz"
"1746604334-202","https://www.morele.net/kategoria/karty-graficzne-12/,,,,,,,,0,,,,/13/","Karta graficzna HP Arc Pro A40 6GB GDDR6 (6E3Y8AA)","1 790,95 zł","https://images.morele.net/i256/13811055_0_i256.jpg","Karta graficzna HP Arc Pro A40 6GB GDDR6 (6E3Y8AA)","https://www.morele.net/karta-graficzna-hp-arc-pro-a40-6gb-gddr6-6e3y8aa-13811055/","Arc Pro A40","Brak danych","Brak danych","1700 MHz"
"1746604336-203","https://www.morele.net/kategoria/karty-graficzne-12/,,,,,,,,0,,,,/13/","Karta graficzna NVIDIA Quadro T1000 8GB GDDR6 (900-5G172-2570-000)","1 768,99 zł","https://images.morele.net/i256/13176881_0_i256.jpg","Karta graficzna NVIDIA Quadro T1000 8GB GDDR6 (900-5G172-2570-000)","https://www.morele.net/karta-graficzna-nvidia-quadro-t1000-8gb-gddr6-900-5g172-2570-000-13176881/","Quadro T1000","156 mm","156 mm","1395 MHz"
"1746604339-204","https://www.morele.net/kategoria/karty-graficzne-12/,,,,,,,,0,,,,/13/","Karta graficzna NVIDIA Quadro T1000 8GB GDDR6 (900-5G172-2270-000)","1 524,39 zł","https://images.morele.net/i256/14069038_0_i256.jpg","Karta graficzna NVIDIA Quadro T1000 8GB GDDR6 (900-5G172-2270-000)","https://www.morele.net/karta-graficzna-nvidia-quadro-t1000-8gb-gddr6-900-5g172-2270-000-14069038/","Quadro T1000","156 mm","156 mm","1395 MHz"
"1746604342-205","https://www.morele.net/kategoria/karty-graficzne-12/,,,,,,,,0,,,,/13/","Karta graficzna PNY Quadro T1000 4GB GDDR6 (VCNT1000-PB)","1 718,27 zł","https://images.morele.net/i256/8507458_0_i256.jpg","Karta graficzna PNY Quadro T1000 4GB GDDR6 (VCNT1000-PB)","https://www.morele.net/karta-graficzna-pny-quadro-t1000-4gb-gddr6-vcnt1000-pb-8507458/","","","",""
"1746604344-206","https://www.morele.net/kategoria/karty-graficzne-12/,,,,,,,,0,,,,/13/","Karta graficzna PNY Quadro T1000 4GB GDDR6 (VCNT1000-SB)","1 717,84 zł","https://images.morele.net/i256/8548261_0_i256.jpg","Karta graficzna PNY Quadro T1000 4GB GDDR6 (VCNT1000-SB)","https://www.morele.net/karta-graficzna-pny-quadro-t1000-4gb-gddr6-vcnt1000-sb-8548261/","","","",""
"1746604347-207","https://www.morele.net/kategoria/karty-graficzne-12/,,,,,,,,0,,,,/13/","Karta graficzna Matrox M9120 Plus 512MB DDR2 (M9120-E512LAU1F)","1 717,61 zł","https://images.morele.net/i256/811403_1_i256.jpg","Karta graficzna Matrox M9120 Plus 512MB DDR2 (M9120-E512LAU1F)","https://www.morele.net/karta-graficzna-matrox-m9120-plus-512mb-ddr2-m9120-e512lau1f-811403/","M9120","168 mm","168 mm","Brak danych"
"1746604349-208","https://www.morele.net/kategoria/karty-graficzne-12/,,,,,,,,0,,,,/13/","Karta graficzna NVIDIA Quadro T1000 8GB GDDR6 (900-5G172-2270-000)","1 672,63 zł","https://images.morele.net/i256/13133364_1_i256.jpg","Karta graficzna NVIDIA Quadro T1000 8GB GDDR6 (900-5G172-2270-000)","https://www.morele.net/karta-graficzna-nvidia-quadro-t1000-8gb-gddr6-900-5g172-2270-000-13133364/","Quadro T1000","156 mm","156 mm","1395 MHz"
"1746604352-209","https://www.morele.net/kategoria/karty-graficzne-12/,,,,,,,,0,,,,/13/","Karta graficzna Dell Quadro P1000 4GB GDDR5 (490-BDXN)","1 667,57 zł","https://images.morele.net/i256/6450528_0_i256.jpg","Karta graficzna Dell Quadro P1000 4GB GDDR5 (490-BDXN)","https://www.morele.net/karta-graficzna-dell-quadro-p1000-4gb-gddr5-490-bdxn-6450528/","Quadro P1000","145 mm","145 mm","1455 MHz"
"1746604354-210","https://www.morele.net/kategoria/karty-graficzne-12/,,,,,,,,0,,,,/13/","Karta graficzna Intel Arc Pro A60 12 GB GDDR6 (23P04E00BA)","1 670,75 zł","https://images.morele.net/i256/14210123_0_i256.jpg","Karta graficzna Intel Arc Pro A60 12 GB GDDR6 (23P04E00BA)","https://www.morele.net/karta-graficzna-intel-arc-pro-a60-12-gb-gddr6-23p04e00ba-14210123/","Arc Pro A60","242 mm","242 mm","2050 MHz"
"1746604357-211","https://www.morele.net/kategoria/karty-graficzne-12/,,,,,,,,0,,,,/13/","Karta graficzna HP Radeon RX 6300 2GB GDDR6 (803S9AA)","1 611,40 zł","https://images.morele.net/i256/14386326_0_i256.jpg","Karta graficzna HP Radeon RX 6300 2GB GDDR6 (803S9AA)","https://www.morele.net/karta-graficzna-hp-radeon-rx-6300-2gb-gddr6-803s9aa-14386326/","Radeon RX 6300","Brak danych","Brak danych","2040 MHz"
"1746604359-212","https://www.morele.net/kategoria/karty-graficzne-12/,,,,,,,,0,,,,/13/","Karta graficzna Acer Nitro Arc B580 OC 12GB GDDR6 (DP.Z4BWW.P01)","1 505,95 zł","https://images.morele.net/i256/14499178_9_i256.jpg","Karta graficzna Acer Nitro Arc B580 OC 12GB GDDR6 (DP.Z4BWW.P01)","https://www.morele.net/karta-graficzna-acer-nitro-arc-b580-oc-12gb-gddr6-dp-z4bww-p01-14499178/","Arc B580","268 mm","268 mm","2740 MHz"
"1746604362-213","https://www.morele.net/kategoria/karty-graficzne-12/,,,,,,,,0,,,,/13/","Karta graficzna Asus TUF GeForce GTX 1660 Ti Gaming Evo 6GB GDDR6 (TUF-GTX1660TI-6G-EVO-GAMING)","1 500 zł","https://images.morele.net/i256/9471880_0_i256.jpg","Karta graficzna Asus TUF GeForce GTX 1660 Ti Gaming Evo 6GB GDDR6 (TUF-GTX1660TI-6G-EVO-GAMING)","https://www.morele.net/karta-graficzna-asus-tuf-geforce-gtx-1660-ti-gaming-evo-6gb-gddr6-tuf-gtx1660ti-6g-evo-gaming-9471880/","GeForce GTX 1660 Ti","206 mm","206 mm","1800 MHz"
"1746604374-214","https://www.morele.net/kategoria/karty-graficzne-12/,,,,,,,,0,,,,/12/","Karta graficzna Asus TUF GeForce GTX 1660 SUPER Gaming 6GB GDDR6 (TUF-GTX1660S-6G-GAMING)","1 499 zł","https://images.morele.net/i256/6446021_0_i256.jpg","Karta graficzna Asus TUF GeForce GTX 1660 SUPER Gaming 6GB GDDR6 (TUF-GTX1660S-6G-GAMING)","https://www.morele.net/karta-graficzna-asus-tuf-geforce-gtx-1660-super-gaming-6gb-gddr6-tuf-gtx1660s-6g-gaming-6446021/","","","",""
"1746604376-215","https://www.morele.net/kategoria/karty-graficzne-12/,,,,,,,,0,,,,/12/","Karta graficzna Asus Dual GeForce RTX 4060 EVO OC White 8GB GDDR6 DUAL-RTX4060-O8G-EVO-WHITE)","1 488,72 zł","https://images.morele.net/i256/14119121_11_i256.jpg","Karta graficzna Asus Dual GeForce RTX 4060 EVO OC White 8GB GDDR6 DUAL-RTX4060-O8G-EVO-WHITE)","https://www.morele.net/karta-graficzna-asus-dual-geforce-rtx-4060-evo-oc-white-8gb-gddr6-dual-rtx4060-o8g-evo-white-14119121/","","","",""
"1746604379-216","https://www.morele.net/kategoria/karty-graficzne-12/,,,,,,,,0,,,,/12/","Intel Arc Pro A50 LP 6GB GDDR6 PCIe 4.0 x16 aktiv 23P6PC00BA Bulk","1 428,76 zł","https://images.morele.net/i256/14828104_0_i256.jpg","Intel Arc Pro A50 LP 6GB GDDR6 PCIe 4.0 x16 aktiv 23P6PC00BA Bulk","https://www.morele.net/intel-arc-pro-a50-lp-6gb-gddr6-pcie-4-0-x16-aktiv-23p6pc00ba-bulk-14828104/","","","",""
"1746604382-217","https://www.morele.net/kategoria/karty-graficzne-12/,,,,,,,,0,,,,/12/","Karta graficzna Zotac Gaming GeForce RTX 4060 Twin Edge 8GB GDDR6 (ZT-D40600E-10M)","1 410,67 zł","https://images.morele.net/i256/13123478_0_i256.jpg","Karta graficzna Zotac Gaming GeForce RTX 4060 Twin Edge 8GB GDDR6 (ZT-D40600E-10M)","https://www.morele.net/karta-graficzna-zotac-gaming-geforce-rtx-4060-twin-edge-8gb-gddr6-zt-d40600e-10m-13123478/","","","",""
"1746604384-218","https://www.morele.net/kategoria/karty-graficzne-12/,,,,,,,,0,,,,/12/","Karta graficzna Sparkle Arc A770 ROC Black 16GB GDDR6 (SA770R-16GOC)","1 410,64 zł","https://images.morele.net/i256/13273511_1_i256.jpg","Karta graficzna Sparkle Arc A770 ROC Black 16GB GDDR6 (SA770R-16GOC)","https://www.morele.net/karta-graficzna-sparkle-arc-a770-roc-black-16gb-gddr6-sa770r-16goc-13273511/","","","",""
"1746604387-219","https://www.morele.net/kategoria/karty-graficzne-12/,,,,,,,,0,,,,/12/","Karta graficzna Sparkle Arc A770 ROC Luna White 16GB GDDR6 (SA770R-16GOC)","1 397,90 zł","https://images.morele.net/i256/13273510_1_i256.jpg","Karta graficzna Sparkle Arc A770 ROC Luna White 16GB GDDR6 (SA770R-16GOC)","https://www.morele.net/karta-graficzna-sparkle-arc-a770-roc-luna-white-16gb-gddr6-sa770r-16goc-13273510/","","","",""
"1746604389-220","https://www.morele.net/kategoria/karty-graficzne-12/,,,,,,,,0,,,,/12/","Karta graficzna ASRock Arc B580 Steel Legend OC 12GB GDDR6 (B580 SL 12GO)","1 394,68 zł","https://images.morele.net/i256/14450504_3_i256.jpg","Karta graficzna ASRock Arc B580 Steel Legend OC 12GB GDDR6 (B580 SL 12GO)","https://www.morele.net/karta-graficzna-asrock-arc-b580-steel-legend-oc-12gb-gddr6-b580-sl-12go-14450504/","Arc B580","298 mm","298 mm","2800 MHz"
"1746604392-221","https://www.morele.net/kategoria/karty-graficzne-12/,,,,,,,,0,,,,/12/","Karta graficzna Asus Dual GeForce RTX 4060 V2 OC 8GB GDDR6 Bulk (DUAL-RTX4060-O8G-V2)","1 389 zł","https://images.morele.net/i256/13173147_13_i256.jpg","Karta graficzna Asus Dual GeForce RTX 4060 V2 OC 8GB GDDR6 Bulk (DUAL-RTX4060-O8G-V2)","https://www.morele.net/karta-graficzna-asus-dual-geforce-rtx-4060-v2-oc-8gb-gddr6-bulk-dual-rtx4060-o8g-v2-13173147/","GeForce RTX 4060","202 mm","202 mm","2535 MHz"
"1746604394-222","https://www.morele.net/kategoria/karty-graficzne-12/,,,,,,,,0,,,,/12/","Karta graf. Asrock Intel ARC A770 CL SE 16GO","1 349 zł","https://images.morele.net/i256/14827992_0_i256.jpg","Karta graf. Asrock Intel ARC A770 CL SE 16GO","https://www.morele.net/karta-graf-asrock-intel-arc-a770-cl-se-16go-14827992/","","16 GB","16 GB",""
"1746604397-223","https://www.morele.net/kategoria/karty-graficzne-12/,,,,,,,,0,,,,/12/","Karta graf. SPARKLE Intel Arc B580 GUARDIAN 12G","1 731,41 zł","https://images.morele.net/i256/14748292_0_i256.jpg","Karta graf. SPARKLE Intel Arc B580 GUARDIAN 12G","https://www.morele.net/karta-graf-sparkle-intel-arc-b580-guardian-12g-14748292/","","","",""
"1746604399-224","https://www.morele.net/kategoria/karty-graficzne-12/,,,,,,,,0,,,,/12/","Karta graficzna Gainward GeForce RTX 4060 Pegasus 8GB GDDR6 (471056224-4083)","1 337,48 zł","https://images.morele.net/i256/12960738_0_i256.jpg","Karta graficzna Gainward GeForce RTX 4060 Pegasus 8GB GDDR6 (471056224-4083)","https://www.morele.net/karta-graficzna-gainward-geforce-rtx-4060-pegasus-8gb-gddr6-471056224-4083-12960738/","GeForce RTX 4060","170 mm","170 mm","2460 MHz"
"1746604402-225","https://www.morele.net/kategoria/karty-graficzne-12/,,,,,,,,0,,,,/12/","Karta graficzna Sparkle Arc B580 Titan Luna OC 12GB GDDR6 (SB580TW-12GOC)","1 328,99 zł","https://images.morele.net/i256/14748293_0_i256.jpg","Karta graficzna Sparkle Arc B580 Titan Luna OC 12GB GDDR6 (SB580TW-12GOC)","https://www.morele.net/karta-graficzna-sparkle-arc-b580-titan-luna-oc-12gb-gddr6-sb580tw-12goc-14748293/","Arc B580","315 mm","315 mm","2740 MHz"
"1746604404-226","https://www.morele.net/kategoria/karty-graficzne-12/,,,,,,,,0,,,,/12/","Karta graficzna Asus Phoenix GeForce RTX 3050 8GB GDDR6 (PH-RTX3050-8G)","1 299 zł","https://images.morele.net/i256/9906764_9_i256.jpg","Karta graficzna Asus Phoenix GeForce RTX 3050 8GB GDDR6 (PH-RTX3050-8G)","https://www.morele.net/karta-graficzna-asus-phoenix-geforce-rtx-3050-8gb-gddr6-ph-rtx3050-8g-9906764/","GeForce RTX 3050","177 mm","177 mm","1807 MHz"
"1746604407-227","https://www.morele.net/kategoria/karty-graficzne-12/,,,,,,,,0,,,,/12/","Karta graficzna Gigabyte GeForce RTX 4060 D6 8GB GDDR6 (GV-N4060D6-8GD)","1 296,44 zł","https://images.morele.net/i256/13127318_0_i256.jpg","Karta graficzna Gigabyte GeForce RTX 4060 D6 8GB GDDR6 (GV-N4060D6-8GD)","https://www.morele.net/karta-graficzna-gigabyte-geforce-rtx-4060-d6-8gb-gddr6-gv-n4060d6-8gd-13127318/","GeForce RTX 4060","170 mm","170 mm","2460 MHz"
"1746604409-228","https://www.morele.net/kategoria/karty-graficzne-12/,,,,,,,,0,,,,/12/","Karta graficzna Intel Arc B580 Limited Edition 12GB GDDR6 (31P06HB0BA)","1 289 zł","https://images.morele.net/i256/14487348_3_i256.jpg","Karta graficzna Intel Arc B580 Limited Edition 12GB GDDR6 (31P06HB0BA)","https://www.morele.net/karta-graficzna-intel-arc-b580-limited-edition-12gb-gddr6-31p06hb0ba-14487348/","Arc B580","272 mm","272 mm","2670 MHz"
"1746604412-229","https://www.morele.net/kategoria/karty-graficzne-12/,,,,,,,,0,,,,/12/","Karta graficzna AFOX Radeon RX 570 8GB GDDR5 (AFRX570-8192D5H5)","1 250,25 zł","https://images.morele.net/i256/6535582_0_i256.jpg","Karta graficzna AFOX Radeon RX 570 8GB GDDR5 (AFRX570-8192D5H5)","https://www.morele.net/karta-graficzna-afox-radeon-rx-570-8gb-gddr5-afrx570-8192d5h5-6535582/","Radeon RX 570","Brak danych","Brak danych","1255 MHz"
"1746604414-230","https://www.morele.net/kategoria/karty-graficzne-12/,,,,,,,,0,,,,/12/","Acer Nitro Intel Arc B570 OC Arc B570 10 GB GDDR6","1 226,49 zł","https://images.morele.net/i256/14499174_0_i256.jpg","Acer Nitro Intel Arc B570 OC Arc B570 10 GB GDDR6","https://www.morele.net/acer-nitro-intel-arc-b570-oc-arc-b570-10-gb-gddr6-14499174/","","10 GB","10 GB",""
"1746604417-231","https://www.morele.net/kategoria/karty-graficzne-12/,,,,,,,,0,,,,/12/","Karta graf. SPARKLE Intel Arc B570 GUARDIAN Luna OC","1 115,83 zł","https://images.morele.net/i256/14774438_0_i256.jpg","Karta graf. SPARKLE Intel Arc B570 GUARDIAN Luna OC","https://www.morele.net/karta-graf-sparkle-intel-arc-b570-guardian-luna-oc-14774438/","","","",""
"1746604420-232","https://www.morele.net/kategoria/karty-graficzne-12/,,,,,,,,0,,,,/12/","Karta graficzna HP NVIDIA Quadro RTX A400 4GB GDDR6 4x mini-DisplayPort GPU 2D CAD Graphics Video Card for HP Workstations - 50W low-profile single-slot","1 123,92 zł","https://images.morele.net/i256/14415859_0_i256.jpg","Karta graficzna HP NVIDIA Quadro RTX A400 4GB GDDR6 4x mini-DisplayPort GPU 2D CAD Graphics Video Card for HP Workstations - 50W low-profile single-slot","https://www.morele.net/karta-graficzna-hp-nvidia-quadro-rtx-a400-4gb-gddr6-4x-mini-displayport-gpu-2d-cad-graphics-video-card-for-hp-workstations-50w-low-profile-single-slot-14415859/","","","",""
"1746604422-233","https://www.morele.net/kategoria/karty-graficzne-12/,,,,,,,,0,,,,/12/","Nvidia T400 4 Gb Gddr6","1 074,29 zł","https://images.morele.net/i256/14739261_0_i256.jpg","Nvidia T400 4 Gb Gddr6","https://www.morele.net/nvidia-t400-4-gb-gddr6-14739261/","","4 GB","4 GB",""
"1746604425-234","https://www.morele.net/kategoria/karty-graficzne-12/,,,,,,,,0,,,,/12/","Karta graficzna Zotac Gaming GeForce RTX 3050 Eco 8GB GDDR6 (ZT-A30500K-10M)","1 060,99 zł","https://images.morele.net/i256/13120002_0_i256.jpg","Karta graficzna Zotac Gaming GeForce RTX 3050 Eco 8GB GDDR6 (ZT-A30500K-10M)","https://www.morele.net/karta-graficzna-zotac-gaming-geforce-rtx-3050-eco-8gb-gddr6-zt-a30500k-10m-13120002/","GeForce RTX 3050","222 mm","222 mm","1777 MHz"
"1746604427-235","https://www.morele.net/kategoria/karty-graficzne-12/,,,,,,,,0,,,,/12/","Karta graficzna Sparkle Arc B570 Guardian OC 10GB GDDR6 (SB570G-10GOC)","1 050,88 zł","https://images.morele.net/i256/14492974_3_i256.jpg","Karta graficzna Sparkle Arc B570 Guardian OC 10GB GDDR6 (SB570G-10GOC)","https://www.morele.net/karta-graficzna-sparkle-arc-b570-guardian-oc-10gb-gddr6-sb570g-10goc-14492974/","Arc B570","242 mm","242 mm","2660 MHz"
"1746604430-236","https://www.morele.net/kategoria/karty-graficzne-12/,,,,,,,,0,,,,/12/","Asrock A750 CL SE 8GO Intel Arc A750 8 GB GDDR6","1 043,99 zł","https://images.morele.net/i256/14644909_0_i256.jpg","Asrock A750 CL SE 8GO Intel Arc A750 8 GB GDDR6","https://www.morele.net/asrock-a750-cl-se-8go-intel-arc-a750-8-gb-gddr6-14644909/","","8 GB","8 GB",""
"1746604432-237","https://www.morele.net/kategoria/karty-graficzne-12/,,,,,,,,0,,,,/12/","Karta graficzna Inno3D GeForce RTX 3050 Twin X2 OC 8GB GDDR6 (N30502-08D6X-1711VA41)","1 039,83 zł","https://images.morele.net/i256/13127675_2_i256.jpg","Karta graficzna Inno3D GeForce RTX 3050 Twin X2 OC 8GB GDDR6 (N30502-08D6X-1711VA41)","https://www.morele.net/karta-graficzna-inno3d-geforce-rtx-3050-twin-x2-oc-8gb-gddr6-n30502-08d6x-1711va41-13127675/","","","",""
"1746604435-238","https://www.morele.net/kategoria/karty-graficzne-12/,,,,,,,,0,,,,/12/","Karta graficzna Sparkle Arc A750 ROC OC 8GB GDDR6 (SA750R-8GOC)","1 033,67 zł","https://images.morele.net/i256/13843160_0_i256.jpg","Karta graficzna Sparkle Arc A750 ROC OC 8GB GDDR6 (SA750R-8GOC)","https://www.morele.net/karta-graficzna-sparkle-arc-a750-roc-oc-8gb-gddr6-sa750r-8goc-13843160/","","","",""
"1746604437-239","https://www.morele.net/kategoria/karty-graficzne-12/,,,,,,,,0,,,,/12/","Karta graficzna XFX Radeon RX 5700 XT Triple Dissipation 8GB GDDR6 256-bit (RX-57XT83LD8)","1 024,90 zł","https://images.morele.net/i256/14963573_0_i256.jpg","Karta graficzna XFX Radeon RX 5700 XT Triple Dissipation 8GB GDDR6 256-bit (RX-57XT83LD8)","https://www.morele.net/karta-graficzna-xfx-radeon-rx-5700-xt-triple-dissipation-8gb-gddr6-256-bit-rx-57xt83ld8-14963573/","","8 GB","8 GB",""
"1746604440-240","https://www.morele.net/kategoria/karty-graficzne-12/,,,,,,,,0,,,,/12/","Karta graficzna Dell Quadro P400 2GB GDDR5 (490-BDZY)","1 020,74 zł","https://images.morele.net/i256/7173774_3_i256.jpg","Karta graficzna Dell Quadro P400 2GB GDDR5 (490-BDZY)","https://www.morele.net/karta-graficzna-dell-quadro-p400-2gb-gddr5-490-bdzy-7173774/","Quadro P400","145 mm","145 mm","1170 MHz"
"1746604442-241","https://www.morele.net/kategoria/karty-graficzne-12/,,,,,,,,0,,,,/12/","Karta graficzna Sparkle Arc A750 ROC Luna OC 8GB GDDR6 (SA750RW-8GO)","1 018,99 zł","https://images.morele.net/i256/13797779_0_i256.jpg","Karta graficzna Sparkle Arc A750 ROC Luna OC 8GB GDDR6 (SA750RW-8GO)","https://www.morele.net/karta-graficzna-sparkle-arc-a750-roc-luna-oc-8gb-gddr6-sa750rw-8go-13797779/","","","",""
"1746604445-242","https://www.morele.net/kategoria/karty-graficzne-12/,,,,,,,,0,,,,/12/","VGA Man GeForce RTX 3050 8GB Nebula Single","1 012,18 zł","https://images.morele.net/i256/14917299_0_i256.jpg","VGA Man GeForce RTX 3050 8GB Nebula Single","https://www.morele.net/vga-man-geforce-rtx-3050-8gb-nebula-single-14917299/","","","",""
"1746604448-243","https://www.morele.net/kategoria/karty-graficzne-12/,,,,,,,,0,,,,/12/","Karta graficzna Zotac Gaming GeForce RTX 3050 Eco Solo 8GB GDDR6 (ZT-A30500R-10L)","964,98 zł","https://images.morele.net/i256/13128216_1_i256.jpg","Karta graficzna Zotac Gaming GeForce RTX 3050 Eco Solo 8GB GDDR6 (ZT-A30500R-10L)","https://www.morele.net/karta-graficzna-zotac-gaming-geforce-rtx-3050-eco-solo-8gb-gddr6-zt-a30500r-10l-13128216/","GeForce RTX 3050","151 mm","151 mm","1777 MHz"
"1746604460-244","https://www.morele.net/kategoria/karty-graficzne-12/,,,,,,,,0,,,,/11/","Karta graficzna Biostar GeForce GTX 1660 SUPER 6GB GDDR6 (VN1666SF69)","928,39 zł","https://images.morele.net/i256/12288422_0_i256.jpg","Karta graficzna Biostar GeForce GTX 1660 SUPER 6GB GDDR6 (VN1666SF69)","https://www.morele.net/karta-graficzna-biostar-geforce-gtx-1660-super-6gb-gddr6-vn1666sf69-12288422/","GeForce GTX 1660 Super","Brak danych","Brak danych","1785 MHz"
"1746604462-245","https://www.morele.net/kategoria/karty-graficzne-12/,,,,,,,,0,,,,/11/","Karta graficzna PNY RTX A400 4GB GDDR6 (VCNRTXA400-PB)","923,83 zł","https://images.morele.net/i256/13267521_0_i256.jpg","Karta graficzna PNY RTX A400 4GB GDDR6 (VCNRTXA400-PB)","https://www.morele.net/karta-graficzna-pny-rtx-a400-4gb-gddr6-vcnrtxa400-pb-13267521/","","","",""
"1746604465-246","https://www.morele.net/kategoria/karty-graficzne-12/,,,,,,,,0,,,,/11/","Karta graficzna Zotac Gaming GeForce RTX 3050 Solo 6GB GDDR6 (ZT-A30510G-10L)","922,17 zł","https://images.morele.net/i256/13178619_0_i256.jpg","Karta graficzna Zotac Gaming GeForce RTX 3050 Solo 6GB GDDR6 (ZT-A30510G-10L)","https://www.morele.net/karta-graficzna-zotac-gaming-geforce-rtx-3050-solo-6gb-gddr6-zt-a30510g-10l-13178619/","GeForce RTX 3050","151 mm","151 mm","1470 MHz"
"1746604467-247","https://www.morele.net/kategoria/karty-graficzne-12/,,,,,,,,0,,,,/11/","Karta graficzna Power Color Radeon RX 6500 XT 4GB GDDR6 (AXRX 6500XT 4GBD6-DH)","914,05 zł","https://images.morele.net/i256/9681343_0_i256.jpg","Karta graficzna Power Color Radeon RX 6500 XT 4GB GDDR6 (AXRX 6500XT 4GBD6-DH)","https://www.morele.net/karta-graficzna-power-color-radeon-rx-6500-xt-4gb-gddr6-axrx-6500xt-4gbd6-dh-9681343/","Radeon RX 6500 XT","165 mm","165 mm","Brak danych"
"1746604470-248","https://www.morele.net/kategoria/karty-graficzne-12/,,,,,,,,0,,,,/11/","Karta graficzna PNY RTX A400 Power Limited 4GB GDDR6 (VCNRTXA400-PL)","912,52 zł","https://images.morele.net/i256/14454563_1_i256.jpg","Karta graficzna PNY RTX A400 Power Limited 4GB GDDR6 (VCNRTXA400-PL)","https://www.morele.net/karta-graficzna-pny-rtx-a400-power-limited-4gb-gddr6-vcnrtxa400-pl-14454563/","RTX A400","163 mm","163 mm","1762 MHz"
"1746604472-249","https://www.morele.net/kategoria/karty-graficzne-12/,,,,,,,,0,,,,/11/","VGA Man GeForce RTX 3050 6GB Nebula Twin (Low Profile) V2","895,96 zł","https://images.morele.net/i256/14917300_0_i256.jpg","VGA Man GeForce RTX 3050 6GB Nebula Twin (Low Profile) V2","https://www.morele.net/vga-man-geforce-rtx-3050-6gb-nebula-twin-low-profile-v2-14917300/","","","",""
"1746604475-250","https://www.morele.net/kategoria/karty-graficzne-12/,,,,,,,,0,,,,/11/","Karta graficzna Sparkle Arc A580 Orc OC Edition 8GB GDDR6 (SA580C-8GOC)","1 124,84 zł","https://images.morele.net/i256/13174202_0_i256.jpg","Karta graficzna Sparkle Arc A580 Orc OC Edition 8GB GDDR6 (SA580C-8GOC)","https://www.morele.net/karta-graficzna-sparkle-arc-a580-orc-oc-edition-8gb-gddr6-sa580c-8goc-13174202/","Arc A580","222 mm","222 mm","2000 MHz"
"1746604478-251","https://www.morele.net/kategoria/karty-graficzne-12/,,,,,,,,0,,,,/11/","Karta graficzna BIOSTAR GeForce RTX 3050 6GB","884,92 zł","https://images.morele.net/i256/14524522_0_i256.jpg","Karta graficzna BIOSTAR GeForce RTX 3050 6GB","https://www.morele.net/karta-graficzna-biostar-geforce-rtx-3050-6gb-14524522/","","","",""
"1746604481-252","https://www.morele.net/kategoria/karty-graficzne-12/,,,,,,,,0,,,,/11/","Karta graficzna Lenovo Quadro T400 4GB GDDR6 (4X61J52234)","877,33 zł","https://images.morele.net/i256/13118027_0_i256.jpg","Karta graficzna Lenovo Quadro T400 4GB GDDR6 (4X61J52234)","https://www.morele.net/karta-graficzna-lenovo-quadro-t400-4gb-gddr6-4x61j52234-13118027/","Quadro T400","156 mm","156 mm","1425 MHz"
"1746604484-253","https://www.morele.net/kategoria/karty-graficzne-12/,,,,,,,,0,,,,/11/","Karta graficzna Sparkle Arc A750 Orc OC Edition 8GB GDDR6 (SA750C-8GOC)","891,71 zł","https://images.morele.net/i256/13120081_0_i256.jpg","Karta graficzna Sparkle Arc A750 Orc OC Edition 8GB GDDR6 (SA750C-8GOC)","https://www.morele.net/karta-graficzna-sparkle-arc-a750-orc-oc-edition-8gb-gddr6-sa750c-8goc-13120081/","Arc A750","222 mm","222 mm","2200 MHz"
"1746604486-254","https://www.morele.net/kategoria/karty-graficzne-12/,,,,,,,,0,,,,/11/","Karta graficzna Asus GeForce RTX 3050 OC 6GB GDDR6 (RTX3050-O6G-LP-BRK)","852,99 zł","https://images.morele.net/i256/13192155_6_i256.jpg","Karta graficzna Asus GeForce RTX 3050 OC 6GB GDDR6 (RTX3050-O6G-LP-BRK)","https://www.morele.net/karta-graficzna-asus-geforce-rtx-3050-oc-6gb-gddr6-rtx3050-o6g-lp-brk-13192155/","GeForce RTX 3050","182 mm","182 mm","1537 MHz"
"1746604489-255","https://www.morele.net/kategoria/karty-graficzne-12/,,,,,,,,0,,,,/11/","AFOX Karta graficzna - Geforce GTX1660Ti 6GB GDDR6 192 bit DP DVI HDMI ATX Dual Fan V4","852,25 zł","https://images.morele.net/i256/14687465_0_i256.jpg","AFOX Karta graficzna - Geforce GTX1660Ti 6GB GDDR6 192 bit DP DVI HDMI ATX Dual Fan V4","https://www.morele.net/afox-karta-graficzna-geforce-gtx1660ti-6gb-gddr6-192-bit-dp-dvi-hdmi-atx-dual-fan-v4-14687465/","","","",""
"1746604492-256","https://www.morele.net/kategoria/karty-graficzne-12/,,,,,,,,0,,,,/11/","Karta graficzna Gainward GeForce RTX 3050 Pegasus 6GB GDDR6 (471056224-4182)","850,99 zł","https://images.morele.net/i256/13173169_0_i256.jpg","Karta graficzna Gainward GeForce RTX 3050 Pegasus 6GB GDDR6 (471056224-4182)","https://www.morele.net/karta-graficzna-gainward-geforce-rtx-3050-pegasus-6gb-gddr6-471056224-4182-13173169/","GeForce RTX 3050","162 mm","162 mm","1470 MHz"
"1746604494-257","https://www.morele.net/kategoria/karty-graficzne-12/,,,,,,,,0,,,,/11/","VGA Man GeForce RTX 3050 6GB Classics Single","847,99 zł","https://images.morele.net/i256/14917298_0_i256.jpg","VGA Man GeForce RTX 3050 6GB Classics Single","https://www.morele.net/vga-man-geforce-rtx-3050-6gb-classics-single-14917298/","","","",""
"1746604497-258","https://www.morele.net/kategoria/karty-graficzne-12/,,,,,,,,0,,,,/11/","Karta graficzna Inno3D GeForce RTX 3050 Twin X2 6GB GDDR6 (N30502-06D6-1711VA60)","842,46 zł","https://images.morele.net/i256/13231327_3_i256.jpg","Karta graficzna Inno3D GeForce RTX 3050 Twin X2 6GB GDDR6 (N30502-06D6-1711VA60)","https://www.morele.net/karta-graficzna-inno3d-geforce-rtx-3050-twin-x2-6gb-gddr6-n30502-06d6-1711va60-13231327/","GeForce RTX 3050","222 mm","222 mm","1470 MHz"
"1746604500-259","https://www.morele.net/kategoria/karty-graficzne-12/,,,,,,,,0,,,,/11/","AFOX Karta graficzna - Geforce GTX1660 SUPER 6GB GDDR6 192Bit DP DVI HDMI ATX Dual V4","832,89 zł","https://images.morele.net/i256/14687466_0_i256.jpg","AFOX Karta graficzna - Geforce GTX1660 SUPER 6GB GDDR6 192Bit DP DVI HDMI ATX Dual V4","https://www.morele.net/afox-karta-graficzna-geforce-gtx1660-super-6gb-gddr6-192bit-dp-dvi-hdmi-atx-dual-v4-14687466/","","","",""
"1746604502-260","https://www.morele.net/kategoria/karty-graficzne-12/,,,,,,,,0,,,,/11/","Karta graficzna Zotac Gaming GeForce RTX 3050 Solo 6GB GDDR6 (ZT-A30510L-10L)","809,80 zł","https://images.morele.net/i256/13263951_7_i256.jpg","Karta graficzna Zotac Gaming GeForce RTX 3050 Solo 6GB GDDR6 (ZT-A30510L-10L)","https://www.morele.net/karta-graficzna-zotac-gaming-geforce-rtx-3050-solo-6gb-gddr6-zt-a30510l-10l-13263951/","GeForce RTX 3050","161 mm","161 mm","1470 MHz"
"1746604506-261","https://www.morele.net/kategoria/karty-graficzne-12/,,,,,,,,0,,,,/11/","Karta graficzna Gigabyte GeForce RTX 3050 OC Low Profile 6GB GDDR6 (GV-N3050OC-6GL)","799 zł","https://images.morele.net/i256/13174073_0_i256.jpg","Karta graficzna Gigabyte GeForce RTX 3050 OC Low Profile 6GB GDDR6 (GV-N3050OC-6GL)","https://www.morele.net/karta-graficzna-gigabyte-geforce-rtx-3050-oc-low-profile-6gb-gddr6-gv-n3050oc-6gl-13174073/","GeForce RTX 3050","181 mm","181 mm","1477 MHz"
"1746604509-262","https://www.morele.net/kategoria/karty-graficzne-12/,,,,,,,,0,,,,/11/","Karta graficzna AFOX Radeon RX 550 4GB GDDR5 (AFRX550-4096D5H4)","769,92 zł","https://images.morele.net/i256/6535579_1_i256.jpg","Karta graficzna AFOX Radeon RX 550 4GB GDDR5 (AFRX550-4096D5H4)","https://www.morele.net/karta-graficzna-afox-radeon-rx-550-4gb-gddr5-afrx550-4096d5h4-6535579/","Radeon RX 550","Brak danych","Brak danych","Brak danych"
"1746604511-263","https://www.morele.net/kategoria/karty-graficzne-12/,,,,,,,,0,,,,/11/","Intel Arc Pro A40 LP 6GB GDDR6 PCIe 4.0 x16 aktiv 23P6PA00BA Bulk","771 zł","https://images.morele.net/i256/14828097_0_i256.jpg","Intel Arc Pro A40 LP 6GB GDDR6 PCIe 4.0 x16 aktiv 23P6PA00BA Bulk","https://www.morele.net/intel-arc-pro-a40-lp-6gb-gddr6-pcie-4-0-x16-aktiv-23p6pa00ba-bulk-14828097/","","","",""
"1746604515-264","https://www.morele.net/kategoria/karty-graficzne-12/,,,,,,,,0,,,,/11/","Karta graficzna Power Color Radeon RX 6500 XT Fighter OC 4GB GDDR6 (AXRX 6500XT 4GBD6-DH/OC)","764,80 zł","https://images.morele.net/i256/9681342_0_i256.jpg","Karta graficzna Power Color Radeon RX 6500 XT Fighter OC 4GB GDDR6 (AXRX 6500XT 4GBD6-DH/OC)","https://www.morele.net/karta-graficzna-power-color-radeon-rx-6500-xt-fighter-oc-4gb-gddr6-axrx-6500xt-4gbd6-dh-oc-9681342/","Radeon RX 6500 XT","191 mm","191 mm","Brak danych"
"1746604517-265","https://www.morele.net/kategoria/karty-graficzne-12/,,,,,,,,0,,,,/11/","Karta graficzna Dell Radeon 550 2GB GDDR5 (DELL-3GY2K)","749,32 zł","https://images.morele.net/i256/14406253_2_i256.jpg","Karta graficzna Dell Radeon 550 2GB GDDR5 (DELL-3GY2K)","https://www.morele.net/karta-graficzna-dell-radeon-550-2gb-gddr5-dell-3gy2k-14406253/","Radeon RX 550","170 mm","170 mm","1230 MHz"
"1746604519-266","https://www.morele.net/kategoria/karty-graficzne-12/,,,,,,,,0,,,,/11/","Karta graficzna Sapphire Pulse Radeon RX 6500 XT OC 8GB GDDR6 (11314-08-20G)","786,81 zł","https://images.morele.net/i256/14265961_1_i256.jpg","Karta graficzna Sapphire Pulse Radeon RX 6500 XT OC 8GB GDDR6 (11314-08-20G)","https://www.morele.net/karta-graficzna-sapphire-pulse-radeon-rx-6500-xt-oc-8gb-gddr6-11314-08-20g-14265961/","Radeon RX 6500 XT","194 mm","194 mm","2855 MHz"
"1746604522-267","https://www.morele.net/kategoria/karty-graficzne-12/,,,,,,,,0,,,,/11/","Karta graficzna Lenovo RTX A400 4GB GDDR6 (4X61Q73040)","739,96 zł","https://images.morele.net/i256/14425032_1_i256.jpg","Karta graficzna Lenovo RTX A400 4GB GDDR6 (4X61Q73040)","https://www.morele.net/karta-graficzna-lenovo-rtx-a400-4gb-gddr6-4x61q73040-14425032/","RTX A400","163 mm","163 mm","1762 MHz"
"1746604525-268","https://www.morele.net/kategoria/karty-graficzne-12/,,,,,,,,0,,,,/11/","Karta graficzna Asus RTX A400 4GB GDDR6 (90SKC000-M8WAN0)","724,90 zł","https://images.morele.net/i256/14156854_0_i256.jpg","Karta graficzna Asus RTX A400 4GB GDDR6 (90SKC000-M8WAN0)","https://www.morele.net/karta-graficzna-asus-rtx-a400-4gb-gddr6-90skc000-m8wan0-14156854/","RTX A400","163 mm","163 mm","1762 MHz"
"1746604527-269","https://www.morele.net/kategoria/karty-graficzne-12/,,,,,,,,0,,,,/11/","Karta graficzna NVIDIA RTX A400 4GB GDDR6 (900-5G172-2560-000)","717,24 zł","https://images.morele.net/i256/14069169_0_i256.jpg","Karta graficzna NVIDIA RTX A400 4GB GDDR6 (900-5G172-2560-000)","https://www.morele.net/karta-graficzna-nvidia-rtx-a400-4gb-gddr6-900-5g172-2560-000-14069169/","RTX A400","163 mm","163 mm","1762 MHz"
"1746604530-270","https://www.morele.net/kategoria/karty-graficzne-12/,,,,,,,,0,,,,/11/","Karta graficzna Gigabyte Radeon RX 6400 D6 Low Profile 4GB GDDR6 (GV-R64D6-4GL)","703,49 zł","https://images.morele.net/i256/10187570_1_i256.jpg","Karta graficzna Gigabyte Radeon RX 6400 D6 Low Profile 4GB GDDR6 (GV-R64D6-4GL)","https://www.morele.net/karta-graficzna-gigabyte-radeon-rx-6400-d6-low-profile-4gb-gddr6-gv-r64d6-4gl-10187570/","Radeon RX 6400","162 mm","162 mm","2321 MHz"
"1746604532-271","https://www.morele.net/kategoria/karty-graficzne-12/,,,,,,,,0,,,,/11/","Karta graficzna NVIDIA RTX A400 4GB GDDR6 (900-5G172-2260-000)","630,87 zł","https://images.morele.net/i256/13809504_0_i256.jpg","Karta graficzna NVIDIA RTX A400 4GB GDDR6 (900-5G172-2260-000)","https://www.morele.net/karta-graficzna-nvidia-rtx-a400-4gb-gddr6-900-5g172-2260-000-13809504/","RTX A400","163 mm","163 mm","1762 MHz"
"1746604535-272","https://www.morele.net/kategoria/karty-graficzne-12/,,,,,,,,0,,,,/11/","Karta graficzna Leadtek Quadro T400 4GB GDDR6 (900-5G172-2540-000)","665,60 zł","https://images.morele.net/i256/14080580_1_i256.jpg","Karta graficzna Leadtek Quadro T400 4GB GDDR6 (900-5G172-2540-000)","https://www.morele.net/karta-graficzna-leadtek-quadro-t400-4gb-gddr6-900-5g172-2540-000-14080580/","Quadro T400","156 mm","156 mm","1425 MHz"
"1746604537-273","https://www.morele.net/kategoria/karty-graficzne-12/,,,,,,,,0,,,,/11/","Karta graficzna Biostar GeForce GTX 1050 Ti 4G GDDR5 (VN1055TF41)","651,96 zł","https://images.morele.net/i256/12812965_0_i256.jpg","Karta graficzna Biostar GeForce GTX 1050 Ti 4G GDDR5 (VN1055TF41)","https://www.morele.net/karta-graficzna-biostar-geforce-gtx-1050-ti-4g-gddr5-vn1055tf41-12812965/","GeForce GTX 1050 Ti","Brak danych","Brak danych","1392 MHz"
"1746604549-274","https://www.morele.net/kategoria/karty-graficzne-12/,,,,,,,,0,,,,/10/","Karta graficzna Sapphire Pulse Radeon RX 6500 XT OC 4GB GDDR6 (11314-07-20G)","648,46 zł","https://images.morele.net/i256/14244674_1_i256.jpg","Karta graficzna Sapphire Pulse Radeon RX 6500 XT OC 4GB GDDR6 (11314-07-20G)","https://www.morele.net/karta-graficzna-sapphire-pulse-radeon-rx-6500-xt-oc-4gb-gddr6-11314-07-20g-14244674/","Radeon RX 6500 XT","194 mm","194 mm","2855 MHz"
"1746604551-275","https://www.morele.net/kategoria/karty-graficzne-12/,,,,,,,,0,,,,/10/","Karta graficzna Power Color Red Dragon Radeon RX 550 LP 4GB GDDR5 (AXRX 550 4GBD5-HLE)","646 zł","https://images.morele.net/i256/13094598_1_i256.jpg","Karta graficzna Power Color Red Dragon Radeon RX 550 LP 4GB GDDR5 (AXRX 550 4GBD5-HLE)","https://www.morele.net/karta-graficzna-power-color-red-dragon-radeon-rx-550-lp-4gb-gddr5-axrx-550-4gbd5-hle-13094598/","Radeon RX 550","181 mm","181 mm","1071 MHz"
"1746604554-276","https://www.morele.net/kategoria/karty-graficzne-12/,,,,,,,,0,,,,/10/","Karta graficzna ASRock Radeon RX 6400 Low Profile 4GB GDDR6 (RX6400 LP 4G)","608,94 zł","https://images.morele.net/i256/14116339_0_i256.jpg","Karta graficzna ASRock Radeon RX 6400 Low Profile 4GB GDDR6 (RX6400 LP 4G)","https://www.morele.net/karta-graficzna-asrock-radeon-rx-6400-low-profile-4gb-gddr6-rx6400-lp-4g-14116339/","Radeon RX 6400","150 mm","150 mm","2321 MHz"
"1746604556-277","https://www.morele.net/kategoria/karty-graficzne-12/,,,,,,,,0,,,,/10/","Karta graficzna Biostar Radeon RX 580 White 2048SP (VA5825RQ82)","575,49 zł","https://images.morele.net/i256/14438031_0_i256.jpg","Karta graficzna Biostar Radeon RX 580 White 2048SP (VA5825RQ82)","https://www.morele.net/karta-graficzna-biostar-radeon-rx-580-white-2048sp-va5825rq82-14438031/","Radeon RX 580","224 mm","224 mm","1244 MHz"
"1746604559-278","https://www.morele.net/kategoria/karty-graficzne-12/,,,,,,,,0,,,,/10/","Karta graficzna BIOSTAR GeForce GTX 1050 4GB","528,73 zł","https://images.morele.net/i256/14454658_0_i256.jpg","Karta graficzna BIOSTAR GeForce GTX 1050 4GB","https://www.morele.net/karta-graficzna-biostar-geforce-gtx-1050-4gb-14454658/","","","",""
"1746604561-279","https://www.morele.net/kategoria/karty-graficzne-12/,,,,,,,,0,,,,/10/","A310 4GB Sparkle Intel Arc Omni View GDDR6 1 Fan","505,71 zł","https://images.morele.net/i256/14730543_0_i256.jpg","A310 4GB Sparkle Intel Arc Omni View GDDR6 1 Fan","https://www.morele.net/a310-4gb-sparkle-intel-arc-omni-view-gddr6-1-fan-14730543/","","","",""
"1746604564-280","https://www.morele.net/kategoria/karty-graficzne-12/,,,,,,,,0,,,,/10/","Karta graf. SPARKLE Intel Arc A310 Omni View 4GB","461,41 zł","https://images.morele.net/i256/14483430_0_i256.jpg","Karta graf. SPARKLE Intel Arc A310 Omni View 4GB","https://www.morele.net/karta-graf-sparkle-intel-arc-a310-omni-view-4gb-14483430/","","","",""
"1746604566-281","https://www.morele.net/kategoria/karty-graficzne-12/,,,,,,,,0,,,,/10/","Karta graficzna AFOX Radeon RX 550 4GB GDDR5 (AFRX550-4096D5H4-V6)","416,99 zł","https://images.morele.net/i256/9641628_1_i256.jpg","Karta graficzna AFOX Radeon RX 550 4GB GDDR5 (AFRX550-4096D5H4-V6)","https://www.morele.net/karta-graficzna-afox-radeon-rx-550-4gb-gddr5-afrx550-4096d5h4-v6-9641628/","Radeon RX 550","Brak danych","Brak danych","1183 MHz"
"1746604569-282","https://www.morele.net/kategoria/karty-graficzne-12/,,,,,,,,0,,,,/10/","Karta graficzna Biostar Radeon RX 550 2GB GDDR5 (VA5505RF21)","377,88 zł","https://images.morele.net/i256/12923119_1_i256.jpg","Karta graficzna Biostar Radeon RX 550 2GB GDDR5 (VA5505RF21)","https://www.morele.net/karta-graficzna-biostar-radeon-rx-550-2gb-gddr5-va5505rf21-12923119/","Radeon RX 550","192 mm","192 mm","1183 MHz"
"1746604572-283","https://www.morele.net/kategoria/karty-graficzne-12/,,,,,,,,0,,,,/10/","Karta graficzna Inno3D GeForce GT 1030 2GB GDDR5 (N1030-1SDV-E5BL)","354,44 zł","https://images.morele.net/i256/1329092_0_i256.jpg","Karta graficzna Inno3D GeForce GT 1030 2GB GDDR5 (N1030-1SDV-E5BL)","https://www.morele.net/karta-graficzna-inno3d-geforce-gt-1030-2gb-gddr5-n1030-1sdv-e5bl-1329092/","GeForce GT 1030","167 mm","167 mm","1468 MHz"
"1746604574-284","https://www.morele.net/kategoria/karty-graficzne-12/,,,,,,,,0,,,,/10/","Karta graficzna AFOX Geforce GT1030 2GB GDDR5 (AF1030-2048D5L5-V2)","347,82 zł","https://images.morele.net/i256/8960029_0_i256.jpg","Karta graficzna AFOX Geforce GT1030 2GB GDDR5 (AF1030-2048D5L5-V2)","https://www.morele.net/karta-graficzna-afox-geforce-gt1030-2gb-gddr5-af1030-2048d5l5-v2-8960029/","GeForce GT 1030","Brak danych","Brak danych","1468 MHz"
"1746604577-285","https://www.morele.net/kategoria/karty-graficzne-12/,,,,,,,,0,,,,/10/","Karta graficzna Asus GeForce GT 730 2GB GDDR5 (GT730-SL-2GD5-BRK)","320,32 zł","https://images.morele.net/i256/845530_5_i256.jpeg","Karta graficzna Asus GeForce GT 730 2GB GDDR5 (GT730-SL-2GD5-BRK)","https://www.morele.net/karta-graficzna-asus-geforce-gt-730-2gb-gddr5-gt730-sl-2gd5-brk-845530/","GeForce GT 730","145 mm","145 mm","Nie dotyczy"
"1746604579-286","https://www.morele.net/kategoria/karty-graficzne-12/,,,,,,,,0,,,,/10/","Karta graficzna AFOX GeForce GT 420 4GB DDR3 (AF420-4096D3L2)","308,99 zł","https://images.morele.net/i256/8549173_0_i256.jpg","Karta graficzna AFOX GeForce GT 420 4GB DDR3 (AF420-4096D3L2)","https://www.morele.net/karta-graficzna-afox-geforce-gt-420-4gb-ddr3-af420-4096d3l2-8549173/","GeForce GT 420","Brak danych","Brak danych","Brak danych"
"1746604582-287","https://www.morele.net/kategoria/karty-graficzne-12/,,,,,,,,0,,,,/10/","Karta graficzna AFOX GeForce GT 710 2GB DDR3 (AF710-2048D3L5-V3)","251,95 zł","https://images.morele.net/i256/10155834_0_i256.jpg","Karta graficzna AFOX GeForce GT 710 2GB DDR3 (AF710-2048D3L5-V3)","https://www.morele.net/karta-graficzna-afox-geforce-gt-710-2gb-ddr3-af710-2048d3l5-v3-10155834/","GeForce GT 710","Brak danych","Brak danych","Nie dotyczy"
"1746604584-288","https://www.morele.net/kategoria/karty-graficzne-12/,,,,,,,,0,,,,/10/","Karta graficzna AFOX GeForce GT 710 2GB DDR3 (AF710-2048D3L5)","251,95 zł","https://images.morele.net/i256/8549174_1_i256.jpg","Karta graficzna AFOX GeForce GT 710 2GB DDR3 (AF710-2048D3L5)","https://www.morele.net/karta-graficzna-afox-geforce-gt-710-2gb-ddr3-af710-2048d3l5-8549174/","GeForce GT 710","Brak danych","Brak danych","Nie dotyczy"
"1746604587-289","https://www.morele.net/kategoria/karty-graficzne-12/,,,,,,,,0,,,,/10/","Karta graficzna Inno3D GeForce GT 730 2GB DDR3 (N730-1SDV-E3BX)","224,56 zł","https://images.morele.net/i256/824679_0_i256.jpeg","Karta graficzna Inno3D GeForce GT 730 2GB DDR3 (N730-1SDV-E3BX)","https://www.morele.net/karta-graficzna-inno3d-geforce-gt-730-2gb-ddr3-n730-1sdv-e3bx-824679/","GeForce GT 730","140 mm","140 mm","Nie dotyczy"
"1746604589-290","https://www.morele.net/kategoria/karty-graficzne-12/,,,,,,,,0,,,,/10/","Karta graficzna AFOX Radeon HD 6450 2GB DDR3 (AF6450-2048D3L5)","176,64 zł","https://images.morele.net/i256/7597400_1_i256.jpg","Karta graficzna AFOX Radeon HD 6450 2GB DDR3 (AF6450-2048D3L5)","https://www.morele.net/karta-graficzna-afox-radeon-hd-6450-2gb-ddr3-af6450-2048d3l5-7597400/","Radeon HD6450","168 mm","168 mm","Nie dotyczy"
"1746604592-291","https://www.morele.net/kategoria/karty-graficzne-12/,,,,,,,,0,,,,/10/","Karta graficzna AFOX Radeon R5 230 1GB DDR3 (AFR5230-1024D3L4)","174,71 zł","https://images.morele.net/i256/12304532_0_i256.jpg","Karta graficzna AFOX Radeon R5 230 1GB DDR3 (AFR5230-1024D3L4)","https://www.morele.net/karta-graficzna-afox-radeon-r5-230-1gb-ddr3-afr5230-1024d3l4-12304532/","Radeon R5 230","Brak danych","Brak danych","Nie dotyczy"
"1746604594-292","https://www.morele.net/kategoria/karty-graficzne-12/,,,,,,,,0,,,,/10/","Karta graficzna PNY GeForce 8400GS 512MB DDR2 (GM84WW0SN2E49H/0TE)","174 zł","https://images.morele.net/i256/13864684_0_i256.jpg","Karta graficzna PNY GeForce 8400GS 512MB DDR2 (GM84WW0SN2E49H/0TE)","https://www.morele.net/karta-graficzna-pny-geforce-8400gs-512mb-ddr2-gm84ww0sn2e49h-0te-13864684/","GeForce 8400GS","Brak danych","Brak danych","Brak danych"
"1746604597-293","https://www.morele.net/kategoria/karty-graficzne-12/,,,,,,,,0,,,,/10/","Karta graficzna PNY GeForce 8400GS 512MB DDR3 (FR146545)","174 zł","https://images.morele.net/i256/13263901_0_i256.jpg","Karta graficzna PNY GeForce 8400GS 512MB DDR3 (FR146545)","https://www.morele.net/karta-graficzna-pny-geforce-8400gs-512mb-ddr3-fr146545-13263901/","GeForce 8400GS","Brak danych","Brak danych","Brak danych"
"1746604600-294","https://www.morele.net/kategoria/karty-graficzne-12/,,,,,,,,0,,,,/10/","Karta graficzna AFOX GeForce GT 610 2GB GDDR3 (AF610-2048D3L7-V8)","172,22 zł","https://images.morele.net/i256/12194743_0_i256.jpg","Karta graficzna AFOX GeForce GT 610 2GB GDDR3 (AF610-2048D3L7-V8)","https://www.morele.net/karta-graficzna-afox-geforce-gt-610-2gb-gddr3-af610-2048d3l7-v8-12194743/","GeForce GT 610","Brak danych","Brak danych","1333 MHz"
"1746604602-295","https://www.morele.net/kategoria/karty-graficzne-12/,,,,,,,,0,,,,/10/","Karta graficzna AFOX Radeon R5 230 1GB DDR3 (AFR5230-1024D3L9)","165,99 zł","https://images.morele.net/i256/12242922_4_i256.jpg","Karta graficzna AFOX Radeon R5 230 1GB DDR3 (AFR5230-1024D3L9)","https://www.morele.net/karta-graficzna-afox-radeon-r5-230-1gb-ddr3-afr5230-1024d3l9-12242922/","Radeon R5 230","Brak danych","Brak danych","Nie dotyczy"
"1746604605-296","https://www.morele.net/kategoria/karty-graficzne-12/,,,,,,,,0,,,,/10/","Karta graficzna AFOX Radeon HD 6450 1GB DDR3 (AF6450-1024D3L9)","158,85 zł","https://images.morele.net/i256/12242932_1_i256.jpg","Karta graficzna AFOX Radeon HD 6450 1GB DDR3 (AF6450-1024D3L9)","https://www.morele.net/karta-graficzna-afox-radeon-hd-6450-1gb-ddr3-af6450-1024d3l9-12242932/","Radeon HD6450","Brak danych","Brak danych","Nie dotyczy"
"1746604607-297","https://www.morele.net/kategoria/karty-graficzne-12/,,,,,,,,0,,,,/10/","PNY GEFORCE 8400GS 512MB (GM84W0SN2F48H/0TP)","154,90 zł","https://images.morele.net/i256/14963733_0_i256.jpg","PNY GEFORCE 8400GS 512MB (GM84W0SN2F48H/0TP)","https://www.morele.net/pny-geforce-8400gs-512mb-gm84w0sn2f48h-0tp-14963733/","","","",""
"1746604610-298","https://www.morele.net/kategoria/karty-graficzne-12/,,,,,,,,0,,,,/10/","Karta graficzna AMD Karta Graficzna AMD FirePro W5000 2GB GDDR5 DVI DisplayPort uniwersalny","154 zł","https://images.morele.net/i256/7296404_0_i256.jpg","Karta graficzna AMD Karta Graficzna AMD FirePro W5000 2GB GDDR5 DVI DisplayPort uniwersalny","https://www.morele.net/karta-graficzna-amd-karta-graficzna-amd-firepro-w5000-2gb-gddr5-dvi-displayport-uniwersalny-7296404/","","","",""
"1746604612-299","https://www.morele.net/kategoria/karty-graficzne-12/,,,,,,,,0,,,,/10/","Karta graficzna AFOX GeForce GT 610 1GB DDR3 (AF610-1024D3L7-V6)","145 zł","https://images.morele.net/i256/12995889_0_i256.jpg","Karta graficzna AFOX GeForce GT 610 1GB DDR3 (AF610-1024D3L7-V6)","https://www.morele.net/karta-graficzna-afox-geforce-gt-610-1gb-ddr3-af610-1024d3l7-v6-12995889/","GeForce GT 610","Brak danych","Brak danych","Nie dotyczy"
"1746604615-300","https://www.morele.net/kategoria/karty-graficzne-12/,,,,,,,,0,,,,/10/","Karta graficzna AFOX GeForce 210 512MB DDR3 (AF210-512D3L3-V2)","124,75 zł","https://images.morele.net/i256/12242927_0_i256.jpg","Karta graficzna AFOX GeForce 210 512MB DDR3 (AF210-512D3L3-V2)","https://www.morele.net/karta-graficzna-afox-geforce-210-512mb-ddr3-af210-512d3l3-v2-12242927/","GeForce GT 210","Brak danych","Brak danych","Nie dotyczy"
"1746604617-301","https://www.morele.net/kategoria/karty-graficzne-12/,,,,,,,,0,,,,/10/","Karta graficzna PNY GeForce 8400GS 512MB DDR3 (GM84W0SN2F49H+0TM)","124 zł","https://images.morele.net/i256/13864683_0_i256.jpg","Karta graficzna PNY GeForce 8400GS 512MB DDR3 (GM84W0SN2F49H+0TM)","https://www.morele.net/karta-graficzna-pny-geforce-8400gs-512mb-ddr3-gm84w0sn2f49h-0tm-13864683/","GeForce 8400GS","Brak danych","Brak danych","Brak danych"
"1746604620-302","https://www.morele.net/kategoria/karty-graficzne-12/,,,,,,,,0,,,,/10/","Karta graficzna NVIDIA Quadro T400 4GB GDDR6 (900-5G172-2240-000)","793,04 zł","https://images.morele.net/i256/13133365_2_i256.jpg","Karta graficzna NVIDIA Quadro T400 4GB GDDR6 (900-5G172-2240-000)","https://www.morele.net/karta-graficzna-nvidia-quadro-t400-4gb-gddr6-900-5g172-2240-000-13133365/","Quadro T400","156 mm","156 mm","1425 MHz"
"1746604623-303","https://www.morele.net/kategoria/karty-graficzne-12/,,,,,,,,0,,,,/10/","Karta graficzna AFOX Radeon R5 220 1GB DDR3 (AFR5220-1024D3L5)","157,01 zł","https://images.morele.net/i256/12242929_3_i256.jpg","Karta graficzna AFOX Radeon R5 220 1GB DDR3 (AFR5220-1024D3L5)","https://www.morele.net/karta-graficzna-afox-radeon-r5-220-1gb-ddr3-afr5220-1024d3l5-12242929/","Radeon R5 220","Brak danych","Brak danych","Nie dotyczy"
"1746604635-304","https://www.morele.net/kategoria/karty-graficzne-12/,,,,,,,,0,,,,/9/","Karta graficzna Asus Prime GeForce RTX 5080 OC 16GB GDDR7 (PRIME-RTX5080-O16G)","6 471,99 zł","https://images.morele.net/i256/14485259_0_i256.jpg","Karta graficzna Asus Prime GeForce RTX 5080 OC 16GB GDDR7 (PRIME-RTX5080-O16G)","https://www.morele.net/karta-graficzna-asus-prime-geforce-rtx-5080-oc-16gb-gddr7-prime-rtx5080-o16g-14485259/","GeForce RTX 5080","306 mm","306 mm","Brak danych"
"1746604638-305","https://www.morele.net/kategoria/karty-graficzne-12/,,,,,,,,0,,,,/9/","Karta graficzna Palit GeForce RTX 3070 Ti GameRock 8GB GDDR6X (NED307T019P2-1047G)","5 205,45 zł","https://images.morele.net/i256/5948149_0_i256.jpg","Karta graficzna Palit GeForce RTX 3070 Ti GameRock 8GB GDDR6X (NED307T019P2-1047G)","https://www.morele.net/karta-graficzna-palit-geforce-rtx-3070-ti-gamerock-8gb-gddr6x-ned307t019p2-1047g-5948149/","GeForce RTX 3070 Ti","304 mm","304 mm","1770 MHz"
"1746604641-306","https://www.morele.net/kategoria/karty-graficzne-12/,,,,,,,,0,,,,/9/","Karta graficzna Palit GeForce RTX 5070 Ti GamingPro OC 16GB GDDR7 DLSS4 (NE7507TS19T2-GB2031A)","4 769 zł","https://images.morele.net/i256/14731807_0_i256.jpg","Karta graficzna Palit GeForce RTX 5070 Ti GamingPro OC 16GB GDDR7 DLSS4 (NE7507TS19T2-GB2031A)","https://www.morele.net/karta-graficzna-palit-geforce-rtx-5070-ti-gamingpro-oc-16gb-gddr7-dlss4-ne7507ts19t2-gb2031a-14731807/","","","",""
"1746604643-307","https://www.morele.net/kategoria/karty-graficzne-12/,,,,,,,,0,,,,/9/","Karta graficzna POWERCOLOR Hellhound Radeon RX 9070 XT 16GB GDDR6 (RX9070XT 16G-L/OC)","3 785,44 zł","https://images.morele.net/i256/14749710_1_i256.jpg","Karta graficzna POWERCOLOR Hellhound Radeon RX 9070 XT 16GB GDDR6 (RX9070XT 16G-L/OC)","https://www.morele.net/karta-graficzna-powercolor-hellhound-radeon-rx-9070-xt-16gb-gddr6-rx9070xt-16g-l-oc-14749710/","Radeon RX 9070 XT","327 mm","327 mm","3010 MHz"
"1746604645-308","https://www.morele.net/kategoria/karty-graficzne-12/,,,,,,,,0,,,,/9/","Karta graficzna Sapphire Pulse Radeon RX 9070 16GB GDDR6 (11349-03-20G)","3 192,85 zł","https://images.morele.net/i256/14732578_0_i256.jpg","Karta graficzna Sapphire Pulse Radeon RX 9070 16GB GDDR6 (11349-03-20G)","https://www.morele.net/karta-graficzna-sapphire-pulse-radeon-rx-9070-16gb-gddr6-11349-03-20g-14732578/","Radeon RX 9070","280 mm","280 mm","2520 MHz"
"1746604648-309","https://www.morele.net/kategoria/karty-graficzne-12/,,,,,,,,0,,,,/9/","Karta graficzna Asus Dual Radeon RX 7600 EVO OC 8GB GDDR6 (DUAL-RX7600-O8G-EVO)","1 089 zł","https://images.morele.net/i256/14405446_11_i256.jpg","Karta graficzna Asus Dual Radeon RX 7600 EVO OC 8GB GDDR6 (DUAL-RX7600-O8G-EVO)","https://www.morele.net/karta-graficzna-asus-dual-radeon-rx-7600-evo-oc-8gb-gddr6-dual-rx7600-o8g-evo-14405446/","Radeon RX 7600","229 mm","229 mm","2715 MHz"
"1746604650-310","https://www.morele.net/kategoria/karty-graficzne-12/,,,,,,,,0,,,,/9/","Karta graficzna ASRock Radeon RX 6500 XT Phantom Gaming OC 8GB GDDR6 (RX6500XT PG 8GO)","847,35 zł","https://images.morele.net/i256/13261938_0_i256.jpg","Karta graficzna ASRock Radeon RX 6500 XT Phantom Gaming OC 8GB GDDR6 (RX6500XT PG 8GO)","https://www.morele.net/karta-graficzna-asrock-radeon-rx-6500-xt-phantom-gaming-oc-8gb-gddr6-rx6500xt-pg-8go-13261938/","Radeon RX 6500 XT","240 mm","240 mm","2825 MHz"
"1746604653-311","https://www.morele.net/kategoria/karty-graficzne-12/,,,,,,,,0,,,,/9/","Karta graficzna Gigabyte Radeon RX 6400 Eagle 4GB GDDR6 (GV-R64EAGLE-4GD)","728,79 zł","https://images.morele.net/i256/10187569_1_i256.jpg","Karta graficzna Gigabyte Radeon RX 6400 Eagle 4GB GDDR6 (GV-R64EAGLE-4GD)","https://www.morele.net/karta-graficzna-gigabyte-radeon-rx-6400-eagle-4gb-gddr6-gv-r64eagle-4gd-10187569/","Radeon RX 6400","192 mm","192 mm","2321 MHz"
"1746604655-312","https://www.morele.net/kategoria/karty-graficzne-12/,,,,,,,,0,,,,/9/","Karta graficzna ASRock Radeon RX 6400 Challenger ITX 4GB GDDR6 (RX6400 CLI 4G)","590,79 zł","https://images.morele.net/i256/10246227_0_i256.jpg","Karta graficzna ASRock Radeon RX 6400 Challenger ITX 4GB GDDR6 (RX6400 CLI 4G)","https://www.morele.net/karta-graficzna-asrock-radeon-rx-6400-challenger-itx-4gb-gddr6-rx6400-cli-4g-10246227/","Radeon RX 6400","162 mm","162 mm","2321 MHz"
"1746604658-313","https://www.morele.net/kategoria/karty-graficzne-12/,,,,,,,,0,,,,/9/","Karta graficzna Gigabyte GeForce RTX 5090 Gaming OC 32GB GDDR7 (GV-N5090GAMING OC-32GD)","13 499 zł","https://images.morele.net/i256/14485560_9_i256.jpg","Karta graficzna Gigabyte GeForce RTX 5090 Gaming OC 32GB GDDR7 (GV-N5090GAMING OC-32GD)","https://www.morele.net/karta-graficzna-gigabyte-geforce-rtx-5090-gaming-oc-32gb-gddr7-gv-n5090gaming-oc-32gd-14485560/","GeForce RTX 5090","342 mm","342 mm","2550 MHz"
"1746604660-314","https://www.morele.net/kategoria/karty-graficzne-12/,,,,,,,,0,,,,/9/","Karta graficzna Asus ROG Astral GeForce RTX 5080 OC 16GB GDDR7 (ROG-ASTRAL-RTX5080-O16G-GAMING)","7 358,99 zł","https://images.morele.net/i256/14485389_0_i256.jpg","Karta graficzna Asus ROG Astral GeForce RTX 5080 OC 16GB GDDR7 (ROG-ASTRAL-RTX5080-O16G-GAMING)","https://www.morele.net/karta-graficzna-asus-rog-astral-geforce-rtx-5080-oc-16gb-gddr7-rog-astral-rtx5080-o16g-gaming-14485389/","GeForce RTX 5080","358 mm","358 mm","Brak danych"
"1746604663-315","https://www.morele.net/kategoria/karty-graficzne-12/,,,,,,,,0,,,,/9/","Karta graficzna MSI GeForce RTX 5080 Suprim Liquid SOC 16GB GDDR7 DLSS4","7 255,89 zł","https://images.morele.net/i256/14458120_5_i256.jpg","Karta graficzna MSI GeForce RTX 5080 Suprim Liquid SOC 16GB GDDR7 DLSS4","https://www.morele.net/karta-graficzna-msi-geforce-rtx-5080-suprim-liquid-soc-16gb-gddr7-dlss4-14458120/","GeForce RTX 5080","280 mm","280 mm","2760 MHz"
"1746604665-316","https://www.morele.net/kategoria/karty-graficzne-12/,,,,,,,,0,,,,/9/","Karta graficzna Gigabyte AORUS GeForce RTX 5080 Xtreme Waterforce 16GB GDDR7 (GV-N5080AORUSX W-16GD)","7 499 zł","https://images.morele.net/i256/14485747_7_i256.jpg","Karta graficzna Gigabyte AORUS GeForce RTX 5080 Xtreme Waterforce 16GB GDDR7 (GV-N5080AORUSX W-16GD)","https://www.morele.net/karta-graficzna-gigabyte-aorus-geforce-rtx-5080-xtreme-waterforce-16gb-gddr7-gv-n5080aorusx-w-16gd-14485747/","GeForce RTX 5080","220 mm","220 mm","2805 MHz"
"1746604668-317","https://www.morele.net/kategoria/karty-graficzne-12/,,,,,,,,0,,,,/9/","Karta graficzna Gigabyte AORUS GeForce RTX 5080 Master 16GB GDDR7 (GV-N5080AORUS M-16GD)","6 799 zł","https://images.morele.net/i256/14485972_9_i256.jpg","Karta graficzna Gigabyte AORUS GeForce RTX 5080 Master 16GB GDDR7 (GV-N5080AORUS M-16GD)","https://www.morele.net/karta-graficzna-gigabyte-aorus-geforce-rtx-5080-master-16gb-gddr7-gv-n5080aorus-m-16gd-14485972/","GeForce RTX 5080","360 mm","360 mm","2805 MHz"
"1746604670-318","https://www.morele.net/kategoria/karty-graficzne-12/,,,,,,,,0,,,,/9/","Karta graficzna Gigabyte AORUS GeForce RTX 5070 Ti Master 16GB GDDR7 (GV-N507TAORUS M-16GD)","6 184,99 zł","https://images.morele.net/i256/14485973_9_i256.jpg","Karta graficzna Gigabyte AORUS GeForce RTX 5070 Ti Master 16GB GDDR7 (GV-N507TAORUS M-16GD)","https://www.morele.net/karta-graficzna-gigabyte-aorus-geforce-rtx-5070-ti-master-16gb-gddr7-gv-n507taorus-m-16gd-14485973/","GeForce RTX 5070 Ti","360 mm","360 mm","2670 MHz"
"1746604672-319","https://www.morele.net/kategoria/karty-graficzne-12/,,,,,,,,0,,,,/9/","Karta graficzna Palit GeForce RTX 4080 GamingPro	16GB GDDR6X (NED4080019T2-1032A)","","https://images.morele.net/i256/12535641_0_i256.jpg","Karta graficzna Palit GeForce RTX 4080 GamingPro	16GB GDDR6X (NED4080019T2-1032A)","https://www.morele.net/karta-graficzna-palit-geforce-rtx-4080-gamingpro-16gb-gddr6x-ned4080019t2-1032a-12535641/","GeForce RTX 4080","329 mm","329 mm","2505 MHz"
"1746604675-320","https://www.morele.net/kategoria/karty-graficzne-12/,,,,,,,,0,,,,/9/","Karta graficzna PNY RTX 4000 Ada Generation 20GB GDDR6 (VCNRTX4000ADA-SB)","6 139,40 zł","https://images.morele.net/i256/13119830_0_i256.jpg","Karta graficzna PNY RTX 4000 Ada Generation 20GB GDDR6 (VCNRTX4000ADA-SB)","https://www.morele.net/karta-graficzna-pny-rtx-4000-ada-generation-20gb-gddr6-vcnrtx4000ada-sb-13119830/","","","",""
"1746604678-321","https://www.morele.net/kategoria/karty-graficzne-12/,,,,,,,,0,,,,/9/","Karta graficzna MSI GeForce RTX 5080 Gaming Trio OC 16GB GDDR7 DLSS4","6 043,90 zł","https://images.morele.net/i256/14458150_6_i256.jpg","Karta graficzna MSI GeForce RTX 5080 Gaming Trio OC 16GB GDDR7 DLSS4","https://www.morele.net/karta-graficzna-msi-geforce-rtx-5080-gaming-trio-oc-16gb-gddr7-dlss4-14458150/","GeForce RTX 5080","338 mm","338 mm","2715 MHz"
"1746604680-322","https://www.morele.net/kategoria/karty-graficzne-12/,,,,,,,,0,,,,/9/","Karta graficzna Palit GeForce RTX 5080 GameRock OC 16GB GDDR7 (NE75080T19T2-GB2030G)","5 877,99 zł","https://images.morele.net/i256/14485260_0_i256.jpg","Karta graficzna Palit GeForce RTX 5080 GameRock OC 16GB GDDR7 (NE75080T19T2-GB2030G)","https://www.morele.net/karta-graficzna-palit-geforce-rtx-5080-gamerock-oc-16gb-gddr7-ne75080t19t2-gb2030g-14485260/","GeForce RTX 5080","332 mm","332 mm","2730 MHz"
"1746604683-323","https://www.morele.net/kategoria/karty-graficzne-12/,,,,,,,,0,,,,/9/","Karta graficzna ASRock Radeon RX 9070 XT Taichi OC 16GB GDDR6 (RX9070XT TC 16GO)","4 253,97 zł","https://images.morele.net/i256/14732564_7_i256.jpg","Karta graficzna ASRock Radeon RX 9070 XT Taichi OC 16GB GDDR6 (RX9070XT TC 16GO)","https://www.morele.net/karta-graficzna-asrock-radeon-rx-9070-xt-taichi-oc-16gb-gddr6-rx9070xt-tc-16go-14732564/","Radeon RX 9070 XT","330 mm","330 mm","3100 MHz"
"1746604685-324","https://www.morele.net/kategoria/karty-graficzne-12/,,,,,,,,0,,,,/9/","Karta graficzna Gigabyte GeForce RTX 5070 Ti Eagle OC ICE SFF 16GB GDDR7 (GV-N507TEAGLEOC ICE-16GD)","4 499 zł","https://images.morele.net/i256/14485562_9_i256.jpg","Karta graficzna Gigabyte GeForce RTX 5070 Ti Eagle OC ICE SFF 16GB GDDR7 (GV-N507TEAGLEOC ICE-16GD)","https://www.morele.net/karta-graficzna-gigabyte-geforce-rtx-5070-ti-eagle-oc-ice-sff-16gb-gddr7-gv-n507teagleoc-ice-16gd-14485562/","GeForce RTX 5070 Ti","304 mm","304 mm","2542 MHz"
"1746604687-325","https://www.morele.net/kategoria/karty-graficzne-12/,,,,,,,,0,,,,/9/","Karta graficzna MSI GeForce RTX 5070 Ti Inspire 3X OC Plus 16GB GDDR7","4 349 zł","https://images.morele.net/i256/14481984_7_i256.jpg","Karta graficzna MSI GeForce RTX 5070 Ti Inspire 3X OC Plus 16GB GDDR7","https://www.morele.net/karta-graficzna-msi-geforce-rtx-5070-ti-inspire-3x-oc-plus-16gb-gddr7-14481984/","GeForce RTX 5070 Ti","288 mm","288 mm","2497 MHz"
"1746604690-326","https://www.morele.net/kategoria/karty-graficzne-12/,,,,,,,,0,,,,/9/","Karta graficzna Inno3D GeForce RTX 5070 Ti X3 OC 16GB GDDR7 DLSS4 (N507T3-16D7X-176068N)","4 308,94 zł","https://images.morele.net/i256/14702205_2_i256.jpg","Karta graficzna Inno3D GeForce RTX 5070 Ti X3 OC 16GB GDDR7 DLSS4 (N507T3-16D7X-176068N)","https://www.morele.net/karta-graficzna-inno3d-geforce-rtx-5070-ti-x3-oc-16gb-gddr7-dlss4-n507t3-16d7x-176068n-14702205/","","","",""
"1746604692-327","https://www.morele.net/kategoria/karty-graficzne-12/,,,,,,,,0,,,,/9/","Karta graficzna Gigabyte GeForce RTX 5070 Ti Eagle OC SFF 16GB GDDR7 (GV-N507TEAGLE OC-16GD)","4 299 zł","https://images.morele.net/i256/14485561_9_i256.jpg","Karta graficzna Gigabyte GeForce RTX 5070 Ti Eagle OC SFF 16GB GDDR7 (GV-N507TEAGLE OC-16GD)","https://www.morele.net/karta-graficzna-gigabyte-geforce-rtx-5070-ti-eagle-oc-sff-16gb-gddr7-gv-n507teagle-oc-16gd-14485561/","GeForce RTX 5070 Ti","304 mm","304 mm","2542 MHz"
"1746604695-328","https://www.morele.net/kategoria/karty-graficzne-12/,,,,,,,,0,,,,/9/","Karta graficzna XFX Mercury Radeon RX 9070 XT OC White Magnetic Air RGB 16GB GDDR6 (RX-97TMARGW9)","3 889,99 zł","https://images.morele.net/i256/14739189_0_i256.jpg","Karta graficzna XFX Mercury Radeon RX 9070 XT OC White Magnetic Air RGB 16GB GDDR6 (RX-97TMARGW9)","https://www.morele.net/karta-graficzna-xfx-mercury-radeon-rx-9070-xt-oc-white-magnetic-air-rgb-16gb-gddr6-rx-97tmargw9-14739189/","Radeon RX 9070 XT","360 mm","360 mm","3100 MHz"
"1746604697-329","https://www.morele.net/kategoria/karty-graficzne-12/,,,,,,,,0,,,,/9/","Karta graficzna Asus Prime Radeon RX 9070 XT OC 16GB GDDR6 (PRIME-RX9070XT-O16G)","3 454,33 zł","https://images.morele.net/i256/14731754_0_i256.jpg","Karta graficzna Asus Prime Radeon RX 9070 XT OC 16GB GDDR6 (PRIME-RX9070XT-O16G)","https://www.morele.net/karta-graficzna-asus-prime-radeon-rx-9070-xt-oc-16gb-gddr6-prime-rx9070xt-o16g-14731754/","Radeon RX 9070 XT","312 mm","312 mm","Brak danych"
"1746604700-330","https://www.morele.net/kategoria/karty-graficzne-12/,,,,,,,,0,,,,/9/","Karta graficzna XFX Quicksilver Radeon RX 9070 XT White Magnetic Air 16GB GDDR6 (RX-97TMAQKW9)","3 399 zł","https://images.morele.net/i256/14739282_0_i256.jpg","Karta graficzna XFX Quicksilver Radeon RX 9070 XT White Magnetic Air 16GB GDDR6 (RX-97TMAQKW9)","https://www.morele.net/karta-graficzna-xfx-quicksilver-radeon-rx-9070-xt-white-magnetic-air-16gb-gddr6-rx-97tmaqkw9-14739282/","","","",""
"1746604702-331","https://www.morele.net/kategoria/karty-graficzne-12/,,,,,,,,0,,,,/9/","Karta graficzna PNY GeForce RTX 5070 Overclocked (VCG507012TFXPB1-O)","3 206,99 zł","https://images.morele.net/i256/14481850_0_i256.jpg","Karta graficzna PNY GeForce RTX 5070 Overclocked (VCG507012TFXPB1-O)","https://www.morele.net/karta-graficzna-pny-geforce-rtx-5070-overclocked-vcg507012tfxpb1-o-14481850/","GeForce RTX 5070","300 mm","300 mm","2510 MHz"
"1746604705-332","https://www.morele.net/kategoria/karty-graficzne-12/,,,,,,,,0,,,,/9/","Karta graficzna Gigabyte GeForce RTX 5070 Aero OC 12GB GDDR7 (GV-N5070AERO OC-12GD)","3 199 zł","https://images.morele.net/i256/14485484_9_i256.jpg","Karta graficzna Gigabyte GeForce RTX 5070 Aero OC 12GB GDDR7 (GV-N5070AERO OC-12GD)","https://www.morele.net/karta-graficzna-gigabyte-geforce-rtx-5070-aero-oc-12gb-gddr7-gv-n5070aero-oc-12gd-14485484/","GeForce RTX 5070","324 mm","324 mm","Brak danych"
"1746604707-333","https://www.morele.net/kategoria/karty-graficzne-12/,,,,,,,,0,,,,/9/","Karta graficzna XFX Quicksilver Radeon RX 9070 OC Gaming 16GB GDDR6 (RX-97QICKBB9)","3 099,56 zł","https://images.morele.net/i256/14777843_4_i256.jpg","Karta graficzna XFX Quicksilver Radeon RX 9070 OC Gaming 16GB GDDR6 (RX-97QICKBB9)","https://www.morele.net/karta-graficzna-xfx-quicksilver-radeon-rx-9070-oc-gaming-16gb-gddr6-rx-97qickbb9-14777843/","Radeon RX 9070","350 mm","350 mm","2700 MHz"
"1746604718-334","https://www.morele.net/kategoria/karty-graficzne-12/,,,,,,,,0,,,,/8/","Karta graficzna MSI GeForce RTX 4060 Ti VENTUS 2X BLACK 16G OC + Spatium M480 Pro 1TB M.2 2280 PCI-E x4 Gen4 NVMe","2 886 zł","https://images.morele.net/i256/9118994_0_i256.jpg","Karta graficzna MSI GeForce RTX 4060 Ti VENTUS 2X BLACK 16G OC + Spatium M480 Pro 1TB M.2 2280 PCI-E x4 Gen4 NVMe","https://www.morele.net/karta-graficzna-msi-geforce-rtx-4060-ti-ventus-2x-black-16g-oc-spatium-m480-pro-1tb-m-2-2280-pci-e-x4-gen4-nvme-9118994/","","","",""
"1746604720-335","https://www.morele.net/kategoria/karty-graficzne-12/,,,,,,,,0,,,,/8/","Karta graficzna Zotac GeForce RTX 5070 Solid OC 12GB GDDR7 DLSS4 (ZT-B50700J-10P)","2 845,01 zł","https://images.morele.net/i256/14764365_7_i256.jpg","Karta graficzna Zotac GeForce RTX 5070 Solid OC 12GB GDDR7 DLSS4 (ZT-B50700J-10P)","https://www.morele.net/karta-graficzna-zotac-geforce-rtx-5070-solid-oc-12gb-gddr7-dlss4-zt-b50700j-10p-14764365/","GeForce RTX 5070","304 mm","304 mm","2542 MHz"
"1746604723-336","https://www.morele.net/kategoria/karty-graficzne-12/,,,,,,,,0,,,,/8/","Karta graficzna Power Color Fighter Radeon RX 7800 XT 16GB GDDR6 (RX 7800 XT 16G-F/OC)","2 358,87 zł","https://images.morele.net/i256/13126723_1_i256.jpg","Karta graficzna Power Color Fighter Radeon RX 7800 XT 16GB GDDR6 (RX 7800 XT 16G-F/OC)","https://www.morele.net/karta-graficzna-power-color-fighter-radeon-rx-7800-xt-16gb-gddr6-rx-7800-xt-16g-f-oc-13126723/","Radeon RX 7800 XT","303 mm","303 mm","2475 MHz"
"1746604725-337","https://www.morele.net/kategoria/karty-graficzne-12/,,,,,,,,0,,,,/8/","Karta graficzna XFX Speedster SWFT 210 Radeon RX 7800 XT Core 16GB GDDR6 (RX-78TSWFTFP)","2 318,73 zł","https://images.morele.net/i256/13918672_0_i256.jpg","Karta graficzna XFX Speedster SWFT 210 Radeon RX 7800 XT Core 16GB GDDR6 (RX-78TSWFTFP)","https://www.morele.net/karta-graficzna-xfx-speedster-swft-210-radeon-rx-7800-xt-core-16gb-gddr6-rx-78tswftfp-13918672/","Radeon RX 7800 XT","283 mm","283 mm","2430 MHz"
"1746604728-338","https://www.morele.net/kategoria/karty-graficzne-12/,,,,,,,,0,,,,/8/","Karta graficzna Palit GeForce RTX 5060 Ti Infinity 3 OC 16GB GDDR7 DLSS4 (NE7506TS19T1-GB2061S)","2 184,04 zł","https://images.morele.net/i256/14848078_0_i256.jpg","Karta graficzna Palit GeForce RTX 5060 Ti Infinity 3 OC 16GB GDDR7 DLSS4 (NE7506TS19T1-GB2061S)","https://www.morele.net/karta-graficzna-palit-geforce-rtx-5060-ti-infinity-3-oc-16gb-gddr7-dlss4-ne7506ts19t1-gb2061s-14848078/","","","",""
"1746604730-339","https://www.morele.net/kategoria/karty-graficzne-12/,,,,,,,,0,,,,/8/","Karta graficzna Asus Dual Radeon RX 7700 XT OC 12GB GDDR6 (DUAL-RX7700XT-O12G)","2 049 zł","https://images.morele.net/i256/13169804_13_i256.jpg","Karta graficzna Asus Dual Radeon RX 7700 XT OC 12GB GDDR6 (DUAL-RX7700XT-O12G)","https://www.morele.net/karta-graficzna-asus-dual-radeon-rx-7700-xt-oc-12gb-gddr6-dual-rx7700xt-o12g-13169804/","Radeon RX 7700 XT","280 mm","280 mm","2599 MHz"
"1746604733-340","https://www.morele.net/kategoria/karty-graficzne-12/,,,,,,,,0,,,,/8/","Karta graficzna Sapphire Pure Radeon RX 7700 XT Frost Punk 2 Edition 12GB GDDR6 (11335-08-50G)","1 965,74 zł","https://images.morele.net/i256/13269242_0_i256.jpg","Karta graficzna Sapphire Pure Radeon RX 7700 XT Frost Punk 2 Edition 12GB GDDR6 (11335-08-50G)","https://www.morele.net/karta-graficzna-sapphire-pure-radeon-rx-7700-xt-frost-punk-2-edition-12gb-gddr6-11335-08-50g-13269242/","Radeon RX 7700 XT","320 mm","320 mm","2584 MHz"
"1746604736-341","https://www.morele.net/kategoria/karty-graficzne-12/,,,,,,,,0,,,,/8/","Karta graficzna PNY RTX A1000 8GB GDDR6 (VCNRTXA1000-SB)","1 898,19 zł","https://images.morele.net/i256/13239076_1_i256.jpg","Karta graficzna PNY RTX A1000 8GB GDDR6 (VCNRTXA1000-SB)","https://www.morele.net/karta-graficzna-pny-rtx-a1000-8gb-gddr6-vcnrtxa1000-sb-13239076/","","","",""
"1746604738-342","https://www.morele.net/kategoria/karty-graficzne-12/,,,,,,,,0,,,,/8/","Karta graficzna Inno3D GeForce RTX 4060 Twin X2 OC White 8GB GDDR6 (N40602-08D6X-173051W)","1 813,91 zł","https://images.morele.net/i256/13122037_0_i256.jpg","Karta graficzna Inno3D GeForce RTX 4060 Twin X2 OC White 8GB GDDR6 (N40602-08D6X-173051W)","https://www.morele.net/karta-graficzna-inno3d-geforce-rtx-4060-twin-x2-oc-white-8gb-gddr6-n40602-08d6x-173051w-13122037/","","","",""
"1746604741-343","https://www.morele.net/kategoria/karty-graficzne-12/,,,,,,,,0,,,,/8/","Karta graficzna MSI GeForce RTX 4060 Ventus 2X Black OC 8GB GDDR6 + MSI B550-A PRO","1 767 zł","https://images.morele.net/i256/9118115_0_i256.jpg","Karta graficzna MSI GeForce RTX 4060 Ventus 2X Black OC 8GB GDDR6 + MSI B550-A PRO","https://www.morele.net/karta-graficzna-msi-geforce-rtx-4060-ventus-2x-black-oc-8gb-gddr6-msi-b550-a-pro-9118115/","","","",""
"1746604744-344","https://www.morele.net/kategoria/karty-graficzne-12/,,,,,,,,0,,,,/8/","Karta graficzna MSI GeForce RTX 4060 VENTUS 2X BLACK 8G OC + Spatium M480 Pro 1TB M.2 2280 PCI-E x4 Gen4 NVMe","1 671 zł","https://images.morele.net/i256/9118940_0_i256.jpg","Karta graficzna MSI GeForce RTX 4060 VENTUS 2X BLACK 8G OC + Spatium M480 Pro 1TB M.2 2280 PCI-E x4 Gen4 NVMe","https://www.morele.net/karta-graficzna-msi-geforce-rtx-4060-ventus-2x-black-8g-oc-spatium-m480-pro-1tb-m-2-2280-pci-e-x4-gen4-nvme-9118940/","GeForce RTX 4060","199 mm","199 mm","2505 MHz"
"1746604746-345","https://www.morele.net/kategoria/karty-graficzne-12/,,,,,,,,0,,,,/8/","Karta graficzna Inno3D GeForce RTX 3060 Twin X2 OC LHR 8GB GDDR6 (N30602-08D6X-11902130)","1 381,98 zł","https://images.morele.net/i256/12801345_1_i256.jpg","Karta graficzna Inno3D GeForce RTX 3060 Twin X2 OC LHR 8GB GDDR6 (N30602-08D6X-11902130)","https://www.morele.net/karta-graficzna-inno3d-geforce-rtx-3060-twin-x2-oc-lhr-8gb-gddr6-n30602-08d6x-11902130-12801345/","GeForce RTX 3060","240 mm","240 mm","1792 MHz"
"1746604749-346","https://www.morele.net/kategoria/karty-graficzne-12/,,,,,,,,0,,,,/8/","Karta graficzna Power Color Radeon RX 7600 Hellhound 8GB GDDR6 (RX 7600 8G-L/OC)","1 364,78 zł","https://images.morele.net/i256/12919740_0_i256.jpg","Karta graficzna Power Color Radeon RX 7600 Hellhound 8GB GDDR6 (RX 7600 8G-L/OC)","https://www.morele.net/karta-graficzna-power-color-radeon-rx-7600-hellhound-8gb-gddr6-rx-7600-8g-l-oc-12919740/","Radeon RX 7600","223 mm","223 mm","2695 MHz"
"1746604751-347","https://www.morele.net/kategoria/karty-graficzne-12/,,,,,,,,0,,,,/8/","Karta graficzna Biostar GeForce RTX 3060 12GB GDDR6 (VN3606RML9)","1 297,25 zł","https://images.morele.net/i256/13130114_0_i256.jpg","Karta graficzna Biostar GeForce RTX 3060 12GB GDDR6 (VN3606RML9)","https://www.morele.net/karta-graficzna-biostar-geforce-rtx-3060-12gb-gddr6-vn3606rml9-13130114/","GeForce RTX 3060","242 mm","242 mm","1777 MHz"
"1746604754-348","https://www.morele.net/kategoria/karty-graficzne-12/,,,,,,,,0,,,,/8/","Karta graficzna Asus Phoenix GeForce RTX 3050 V2 8GB GDDR6 (PH-RTX3050-8G-V2)","1 231,61 zł","https://images.morele.net/i256/12801289_1_i256.jpg","Karta graficzna Asus Phoenix GeForce RTX 3050 V2 8GB GDDR6 (PH-RTX3050-8G-V2)","https://www.morele.net/karta-graficzna-asus-phoenix-geforce-rtx-3050-v2-8gb-gddr6-ph-rtx3050-8g-v2-12801289/","GeForce RTX 3050","178 mm","178 mm","1807 MHz"
"1746604756-349","https://www.morele.net/kategoria/karty-graficzne-12/,,,,,,,,0,,,,/8/","Karta graficzna ASRock Arc B570 Challenger OC 10GB GDDR6 (B570 CL 10GO)","1 199 zł","https://images.morele.net/i256/14453145_0_i256.jpg","Karta graficzna ASRock Arc B570 Challenger OC 10GB GDDR6 (B570 CL 10GO)","https://www.morele.net/karta-graficzna-asrock-arc-b570-challenger-oc-10gb-gddr6-b570-cl-10go-14453145/","Arc B570","249 mm","249 mm","2600 MHz"
"1746604759-350","https://www.morele.net/kategoria/karty-graficzne-12/,,,,,,,,0,,,,/8/","Karta graficzna Gainward GeForce RTX 3050 Pegasus 8GB GDDR6 (471056224-3734)","1 115,83 zł","https://images.morele.net/i256/12593890_11_i256.jpg","Karta graficzna Gainward GeForce RTX 3050 Pegasus 8GB GDDR6 (471056224-3734)","https://www.morele.net/karta-graficzna-gainward-geforce-rtx-3050-pegasus-8gb-gddr6-471056224-3734-12593890/","GeForce RTX 3050","162 mm","162 mm","1777 MHz"
"1746604762-351","https://www.morele.net/kategoria/karty-graficzne-12/,,,,,,,,0,,,,/8/","Karta graficzna Asus Dual Radeon RX 6600 Gaming OC V3 8GB GDDR6 (DUAL-RX6600-8G-V3)","1 022,15 zł","https://images.morele.net/i256/14211586_14_i256.jpg","Karta graficzna Asus Dual Radeon RX 6600 Gaming OC V3 8GB GDDR6 (DUAL-RX6600-8G-V3)","https://www.morele.net/karta-graficzna-asus-dual-radeon-rx-6600-gaming-oc-v3-8gb-gddr6-dual-rx6600-8g-v3-14211586/","Radeon RX 6600","219 mm","219 mm","2491 MHz"
"1746604764-352","https://www.morele.net/kategoria/karty-graficzne-12/,,,,,,,,0,,,,/8/","Karta graficzna Inno3D GeForce RTX 3050 Twin X2 8GB GDDR6 (N30502-08D6-1711VA41)","978,99 zł","https://images.morele.net/i256/13133686_0_i256.jpg","Karta graficzna Inno3D GeForce RTX 3050 Twin X2 8GB GDDR6 (N30502-08D6-1711VA41)","https://www.morele.net/karta-graficzna-inno3d-geforce-rtx-3050-twin-x2-8gb-gddr6-n30502-08d6-1711va41-13133686/","","","",""
"1746604767-353","https://www.morele.net/kategoria/karty-graficzne-12/,,,,,,,,0,,,,/8/","Karta graficzna PNY RTX A400 4GB GDDR6 (VCNRTXA400-SB)","839,29 zł","https://images.morele.net/i256/13473773_0_i256.jpg","Karta graficzna PNY RTX A400 4GB GDDR6 (VCNRTXA400-SB)","https://www.morele.net/karta-graficzna-pny-rtx-a400-4gb-gddr6-vcnrtxa400-sb-13473773/","","","",""
"1746604769-354","https://www.morele.net/kategoria/karty-graficzne-12/,,,,,,,,0,,,,/8/","Karta graficzna Gigabyte GeForce RTX 3050 Windforce OC V2 6GB GDDR6 (GV-N3050WF2OCV2-6GD)","778 zł","https://images.morele.net/i256/14454835_1_i256.jpg","Karta graficzna Gigabyte GeForce RTX 3050 Windforce OC V2 6GB GDDR6 (GV-N3050WF2OCV2-6GD)","https://www.morele.net/karta-graficzna-gigabyte-geforce-rtx-3050-windforce-oc-v2-6gb-gddr6-gv-n3050wf2ocv2-6gd-14454835/","GeForce RTX 3050","191 mm","191 mm","1477 MHz"
"1746604772-355","https://www.morele.net/kategoria/karty-graficzne-12/,,,,,,,,0,,,,/8/","Karta graficzna Sapphire Pulse Radeon RX 6500 XT ITX Pure OC 4GB GDDR6 (11314-04-20G)","769,25 zł","https://images.morele.net/i256/13120224_0_i256.jpg","Karta graficzna Sapphire Pulse Radeon RX 6500 XT ITX Pure OC 4GB GDDR6 (11314-04-20G)","https://www.morele.net/karta-graficzna-sapphire-pulse-radeon-rx-6500-xt-itx-pure-oc-4gb-gddr6-11314-04-20g-13120224/","Radeon RX 6500 XT","153 mm","153 mm","2610 MHz"
"1746604774-356","https://www.morele.net/kategoria/karty-graficzne-12/,,,,,,,,0,,,,/8/","Karta graficznaBiostarGeForce GTX 1050 Ti 4GB GDDR5 (VN1055XF41)","544,45 zł","https://images.morele.net/i256/13177979_0_i256.jpg","Karta graficznaBiostarGeForce GTX 1050 Ti 4GB GDDR5 (VN1055XF41)","https://www.morele.net/karta-graficznabiostargeforce-gtx-1050-ti-4gb-gddr5-vn1055xf41-13177979/","GeForce GTX 1050 Ti","195 mm","195 mm","1455 MHz"
"1746604777-357","https://www.morele.net/kategoria/karty-graficzne-12/,,,,,,,,0,,,,/8/","Karta graficzna AFOX Radeon RX 560 4GB GDDR5 (AFRX560-4096D5H4-V2)","523 zł","https://images.morele.net/i256/12242925_0_i256.jpg","Karta graficzna AFOX Radeon RX 560 4GB GDDR5 (AFRX560-4096D5H4-V2)","https://www.morele.net/karta-graficzna-afox-radeon-rx-560-4gb-gddr5-afrx560-4096d5h4-v2-12242925/","Radeon RX 560","Brak danych","Brak danych","1275 MHz"
"1746604780-358","https://www.morele.net/kategoria/karty-graficzne-12/,,,,,,,,0,,,,/8/","Karta graficzna AFOX GeForce GT 710 4GB DDR3 (AF710-4096D3L7-V1)","209,95 zł","https://images.morele.net/i256/12996419_0_i256.jpg","Karta graficzna AFOX GeForce GT 710 4GB DDR3 (AF710-4096D3L7-V1)","https://www.morele.net/karta-graficzna-afox-geforce-gt-710-4gb-ddr3-af710-4096d3l7-v1-12996419/","GeForce GT 710","Brak danych","Brak danych","Nie dotyczy"
"1746604782-359","https://www.morele.net/kategoria/karty-graficzne-12/,,,,,,,,0,,,,/8/","Karta graficzna AFOX GeForce GT 240 1GB DDR3 (AF240-1024D3L2-V2)","145,90 zł","https://images.morele.net/i256/13173317_0_i256.jpg","Karta graficzna AFOX GeForce GT 240 1GB DDR3 (AF240-1024D3L2-V2)","https://www.morele.net/karta-graficzna-afox-geforce-gt-240-1gb-ddr3-af240-1024d3l2-v2-13173317/","GeForce GT 240","Brak danych","Brak danych","Nie dotyczy"
"1746604785-360","https://www.morele.net/kategoria/karty-graficzne-12/,,,,,,,,0,,,,/8/","Karta graficzna AFOX Radeon HD 5450 1GB DDR3 (AF5450-1024D3L5)","141,86 zł","https://images.morele.net/i256/6895019_1_i256.jpg","Karta graficzna AFOX Radeon HD 5450 1GB DDR3 (AF5450-1024D3L5)","https://www.morele.net/karta-graficzna-afox-radeon-hd-5450-1gb-ddr3-af5450-1024d3l5-6895019/","Radeon HD5450","168 mm","168 mm","Nie dotyczy"
"1746604787-361","https://www.morele.net/kategoria/karty-graficzne-12/,,,,,,,,0,,,,/8/","Karta graficzna Fujitsu GeForce 405 512MB DDR3 (S26361-D2422-V407 GS2)","54,90 zł","https://images.morele.net/i256/13659895_0_i256.jpg","Karta graficzna Fujitsu GeForce 405 512MB DDR3 (S26361-D2422-V407 GS2)","https://www.morele.net/karta-graficzna-fujitsu-geforce-405-512mb-ddr3-s26361-d2422-v407-gs2-13659895/","GeForce 405","168 mm","168 mm","Nie dotyczy"
"1746604790-362","https://www.morele.net/kategoria/karty-graficzne-12/,,,,,,,,0,,,,/8/","Karta graficzna Gigabyte GeForce RTX 5070 Ti Windforce OC SFF 16GB GDDR7 (GV-N507TWF3OC-16GD)","5 104,54 zł","https://images.morele.net/i256/14485558_8_i256.jpg","Karta graficzna Gigabyte GeForce RTX 5070 Ti Windforce OC SFF 16GB GDDR7 (GV-N507TWF3OC-16GD)","https://www.morele.net/karta-graficzna-gigabyte-geforce-rtx-5070-ti-windforce-oc-sff-16gb-gddr7-gv-n507twf3oc-16gd-14485558/","","","",""
"1746604793-363","https://www.morele.net/kategoria/karty-graficzne-12/,,,,,,,,0,,,,/8/","Karta graficzna Asus ROG Strix GeForce RTX 4070 Ti SUPER OC 16GB GDDR6X (ROG-STRIX-RTX4070TIS-O16G-GAMING)","3 999 zł","https://images.morele.net/i256/13166583_0_i256.jpg","Karta graficzna Asus ROG Strix GeForce RTX 4070 Ti SUPER OC 16GB GDDR6X (ROG-STRIX-RTX4070TIS-O16G-GAMING)","https://www.morele.net/karta-graficzna-asus-rog-strix-geforce-rtx-4070-ti-super-oc-16gb-gddr6x-rog-strix-rtx4070tis-o16g-gaming-13166583/","GeForce RTX 4070 Ti Super","336 mm","336 mm","2700 MHz"
"1746604804-364","https://www.morele.net/kategoria/karty-graficzne-12/,,,,,,,,0,,,,/7/","Karta graficzna Power Color Hellhound Radeon RX 7800 XT 16GB GDDR6 (RX 7800 XT 16G-L/OC)","2 411,98 zł","https://images.morele.net/i256/13095054_0_i256.jpg","Karta graficzna Power Color Hellhound Radeon RX 7800 XT 16GB GDDR6 (RX 7800 XT 16G-L/OC)","https://www.morele.net/karta-graficzna-power-color-hellhound-radeon-rx-7800-xt-16gb-gddr6-rx-7800-xt-16g-l-oc-13095054/","Radeon RX 7800 XT","332 mm","332 mm","2520 MHz"
"1746604807-365","https://www.morele.net/kategoria/karty-graficzne-12/,,,,,,,,0,,,,/7/","Karta graficzna PNY Quadro P1000 4GB GDDR5 (VCQP1000V2-PB)","1 519,98 zł","https://images.morele.net/i256/6535146_0_i256.jpg","Karta graficzna PNY Quadro P1000 4GB GDDR5 (VCQP1000V2-PB)","https://www.morele.net/karta-graficzna-pny-quadro-p1000-4gb-gddr5-vcqp1000v2-pb-6535146/","Quadro P1000","145 mm","145 mm","1455 MHz"
"1746604809-366","https://www.morele.net/kategoria/karty-graficzne-12/,,,,,,,,0,,,,/7/","Karta graficzna XFX Speedster SWFT 210 Radeon RX 6650 XT Core Gaming 8GB GDDR6 (RX-665X8DFDY)","1 192,10 zł","https://images.morele.net/i256/12906561_6_i256.jpg","Karta graficzna XFX Speedster SWFT 210 Radeon RX 6650 XT Core Gaming 8GB GDDR6 (RX-665X8DFDY)","https://www.morele.net/karta-graficzna-xfx-speedster-swft-210-radeon-rx-6650-xt-core-gaming-8gb-gddr6-rx-665x8dfdy-12906561/","Radeon RX 6650 XT","241 mm","241 mm","2635 MHz"
"1746604812-367","https://www.morele.net/kategoria/karty-graficzne-12/,,,,,,,,0,,,,/7/","Karta graficzna AMD Radeon Pro W6400 4GB GDDR6 (100-506189)","992 zł","https://images.morele.net/i256/10155935_3_i256.jpg","Karta graficzna AMD Radeon Pro W6400 4GB GDDR6 (100-506189)","https://www.morele.net/karta-graficzna-amd-radeon-pro-w6400-4gb-gddr6-100-506189-10155935/","Radeon Pro W6400","168 mm","168 mm","Nie dotyczy"
"1746604815-368","https://www.morele.net/kategoria/karty-graficzne-12/,,,,,,,,0,,,,/7/","Karta graficzna Asus Dual GeForce RTX 3050 OC 6GB GDDR6 (DUAL-RTX3050-O6G)","799 zł","https://images.morele.net/i256/13177948_1_i256.jpg","Karta graficzna Asus Dual GeForce RTX 3050 OC 6GB GDDR6 (DUAL-RTX3050-O6G)","https://www.morele.net/karta-graficzna-asus-dual-geforce-rtx-3050-oc-6gb-gddr6-dual-rtx3050-o6g-13177948/","GeForce RTX 3050","201 mm","201 mm","1537 MHz"
"1746604817-369","https://www.morele.net/kategoria/karty-graficzne-12/,,,,,,,,0,,,,/7/","Karta graficzna PNY GeForce RTX 3050 Verto Dual 6GB GDDR6 (VCG30506DFXPB1)","759 zł","https://images.morele.net/i256/13229488_10_i256.jpg","Karta graficzna PNY GeForce RTX 3050 Verto Dual 6GB GDDR6 (VCG30506DFXPB1)","https://www.morele.net/karta-graficzna-pny-geforce-rtx-3050-verto-dual-6gb-gddr6-vcg30506dfxpb1-13229488/","GeForce RTX 3050","186 mm","186 mm","1470 MHz"
"1746604820-370","https://www.morele.net/kategoria/karty-graficzne-12/,,,,,,,,0,,,,/7/","Karta graficzna Inno3D GeForce GT 710 2GB DDR3 (N710-1SDV-E3BX)","196,95 zł","https://images.morele.net/i256/857511_0_i256.jpeg","Karta graficzna Inno3D GeForce GT 710 2GB DDR3 (N710-1SDV-E3BX)","https://www.morele.net/karta-graficzna-inno3d-geforce-gt-710-2gb-ddr3-n710-1sdv-e3bx-857511/","GeForce GT 710","146 mm","146 mm","Nie dotyczy"
"1746604823-371","https://www.morele.net/kategoria/karty-graficzne-12/,,,,,,,,0,,,,/7/","Karta graficzna MSI GeForce RTX 3080 Ti Ventus 3X OC 12GB GDDR6X (RTX 3080 Ti VENTUS 3X 12G OC)","9 266 zł","https://images.morele.net/i256/5948201_0_i256.jpg","Karta graficzna MSI GeForce RTX 3080 Ti Ventus 3X OC 12GB GDDR6X (RTX 3080 Ti VENTUS 3X 12G OC)","https://www.morele.net/karta-graficzna-msi-geforce-rtx-3080-ti-ventus-3x-oc-12gb-gddr6x-rtx-3080-ti-ventus-3x-12g-oc-5948201/","GeForce RTX 3080 Ti","305 mm","305 mm","1695 MHz"
"1746604825-372","https://www.morele.net/kategoria/karty-graficzne-12/,,,,,,,,0,,,,/7/","Karta graficzna ASRock Radeon RX 6800 XT Taichi X OC 16G B GDDR6 (RX6800XT TCX 16GO)","6 372,68 zł","https://images.morele.net/i256/7497490_0_i256.jpg","Karta graficzna ASRock Radeon RX 6800 XT Taichi X OC 16G B GDDR6 (RX6800XT TCX 16GO)","https://www.morele.net/karta-graficzna-asrock-radeon-rx-6800-xt-taichi-x-oc-16g-b-gddr6-rx6800xt-tcx-16go-7497490/","Radeon RX 6800 XT","330 mm","330 mm","2360 MHz"
"1746604828-373","https://www.morele.net/kategoria/karty-graficzne-12/,,,,,,,,0,,,,/7/","Karta graficzna Palit GeForce RTX 5080 GameRock 16GB GDDR7 (NE75080019T2-GB2030G)","5 999 zł","https://images.morele.net/i256/14485258_0_i256.jpg","Karta graficzna Palit GeForce RTX 5080 GameRock 16GB GDDR7 (NE75080019T2-GB2030G)","https://www.morele.net/karta-graficzna-palit-geforce-rtx-5080-gamerock-16gb-gddr7-ne75080019t2-gb2030g-14485258/","GeForce RTX 5080","332 mm","332 mm","2617 MHz"
"1746604830-374","https://www.morele.net/kategoria/karty-graficzne-12/,,,,,,,,0,,,,/7/","Karta graficzna PNY RTX A4000 16GB GDDR6 (VCNRTXA4000-PB)","5 958,32 zł","https://images.morele.net/i256/8658168_0_i256.jpg","Karta graficzna PNY RTX A4000 16GB GDDR6 (VCNRTXA4000-PB)","https://www.morele.net/karta-graficzna-pny-rtx-a4000-16gb-gddr6-vcnrtxa4000-pb-8658168/","","","",""
"1746604833-375","https://www.morele.net/kategoria/karty-graficzne-12/,,,,,,,,0,,,,/7/","Karta graficzna Asus Prime GeForce RTX 5070 Ti OC 16GB GDDR7 (PRIME-RTX5070TI-O16G)","4 399 zł","https://images.morele.net/i256/14486804_0_i256.jpg","Karta graficzna Asus Prime GeForce RTX 5070 Ti OC 16GB GDDR7 (PRIME-RTX5070TI-O16G)","https://www.morele.net/karta-graficzna-asus-prime-geforce-rtx-5070-ti-oc-16gb-gddr7-prime-rtx5070ti-o16g-14486804/","GeForce RTX 5070 Ti","306 mm","306 mm","2527 MHz"
"1746604835-376","https://www.morele.net/kategoria/karty-graficzne-12/,,,,,,,,0,,,,/7/","Karta graficzna Zotac Gaming GeForce RTX 4070 Ti SUPER Solid 16GB GDDR6X (ZT-D40730R-10P)","4 091,77 zł","https://images.morele.net/i256/13270363_0_i256.jpg","Karta graficzna Zotac Gaming GeForce RTX 4070 Ti SUPER Solid 16GB GDDR6X (ZT-D40730R-10P)","https://www.morele.net/karta-graficzna-zotac-gaming-geforce-rtx-4070-ti-super-solid-16gb-gddr6x-zt-d40730r-10p-13270363/","GeForce RTX 4070 Ti Super","337 mm","337 mm","2610 MHz"
"1746604838-377","https://www.morele.net/kategoria/karty-graficzne-12/,,,,,,,,0,,,,/7/","Karta graficzna Sapphire Pure Radeon RX 9070 XT 16GB GDDR6 (11348-02-20G)","3 499,01 zł","https://images.morele.net/i256/14732576_0_i256.jpg","Karta graficzna Sapphire Pure Radeon RX 9070 XT 16GB GDDR6 (11348-02-20G)","https://www.morele.net/karta-graficzna-sapphire-pure-radeon-rx-9070-xt-16gb-gddr6-11348-02-20g-14732576/","Radeon RX 9070 XT","320 mm","320 mm","3010 MHz"
"1746604840-378","https://www.morele.net/kategoria/karty-graficzne-12/,,,,,,,,0,,,,/7/","Karta graficzna Gigabyte GeForce RTX 4070 Windforce 2X OC 12GB GDDR6X (GV-N4070WF2OC-12GD)","2 841,90 zł","https://images.morele.net/i256/13146290_0_i256.jpg","Karta graficzna Gigabyte GeForce RTX 4070 Windforce 2X OC 12GB GDDR6X (GV-N4070WF2OC-12GD)","https://www.morele.net/karta-graficzna-gigabyte-geforce-rtx-4070-windforce-2x-oc-12gb-gddr6x-gv-n4070wf2oc-12gd-13146290/","GeForce RTX 4070","201 mm","201 mm","2490 MHz"
"1746604843-379","https://www.morele.net/kategoria/karty-graficzne-12/,,,,,,,,0,,,,/7/","Karta graficzna Gigabyte GeForce RTX 5070 Windforce SFF 12GB GDDR7 DLSS4 (GV-N5070WF3-12GD)","2 839 zł","https://images.morele.net/i256/14855269_0_i256.jpg","Karta graficzna Gigabyte GeForce RTX 5070 Windforce SFF 12GB GDDR7 DLSS4 (GV-N5070WF3-12GD)","https://www.morele.net/karta-graficzna-gigabyte-geforce-rtx-5070-windforce-sff-12gb-gddr7-dlss4-gv-n5070wf3-12gd-14855269/","GeForce RTX 5070","282 mm","282 mm","Brak danych"
"1746604846-380","https://www.morele.net/kategoria/karty-graficzne-12/,,,,,,,,0,,,,/7/","Karta graficzna Power Color Fighter Radeon RX 7700 XT 12GB GDDR6 (RX 7700 XT 12G-F/OC)","2 121 zł","https://images.morele.net/i256/13095057_0_i256.jpg","Karta graficzna Power Color Fighter Radeon RX 7700 XT 12GB GDDR6 (RX 7700 XT 12G-F/OC)","https://www.morele.net/karta-graficzna-power-color-fighter-radeon-rx-7700-xt-12gb-gddr6-rx-7700-xt-12g-f-oc-13095057/","Radeon RX 7700 XT","303 mm","303 mm","2250 MHz"
"1746604848-381","https://www.morele.net/kategoria/karty-graficzne-12/,,,,,,,,0,,,,/7/","Karta graficzna AMD Radeon Pro W 5700 8GB GDDR6 (100-506085)","2 155,73 zł","https://images.morele.net/i256/6641261_0_i256.jpg","Karta graficzna AMD Radeon Pro W 5700 8GB GDDR6 (100-506085)","https://www.morele.net/karta-graficzna-amd-radeon-pro-w-5700-8gb-gddr6-100-506085-6641261/","Radeon Pro W5700","267 mm","267 mm","1930 MHz"
"1746604851-382","https://www.morele.net/kategoria/karty-graficzne-12/,,,,,,,,0,,,,/7/","Karta graficzna Asus TUF GeForce GTX 1660 Gaming OC 6GB GDDR5 (TUF-GTX1660-O6G-GAMING)","1 945,98 zł","https://images.morele.net/i256/5887532_6_i256.jpg","Karta graficzna Asus TUF GeForce GTX 1660 Gaming OC 6GB GDDR5 (TUF-GTX1660-O6G-GAMING)","https://www.morele.net/karta-graficzna-asus-tuf-geforce-gtx-1660-gaming-oc-6gb-gddr5-tuf-gtx1660-o6g-gaming-5887532/","GeForce GTX 1660","205 mm","205 mm","1845 MHz"
"1746604854-383","https://www.morele.net/kategoria/karty-graficzne-12/,,,,,,,,0,,,,/7/","Karta graficzna PNY Quadro T1000 8GB GDDR6 (VCNT1000-8GB-SB)","1 722,43 zł","https://images.morele.net/i256/9704852_0_i256.jpg","Karta graficzna PNY Quadro T1000 8GB GDDR6 (VCNT1000-8GB-SB)","https://www.morele.net/karta-graficzna-pny-quadro-t1000-8gb-gddr6-vcnt1000-8gb-sb-9704852/","","","",""
"1746604857-384","https://www.morele.net/kategoria/karty-graficzne-12/,,,,,,,,0,,,,/7/","Karta graficzna Biostar GeForce RTX 3060 Ti 8GB GDDR6X (N3606TM82)","1 527,61 zł","https://images.morele.net/i256/13181667_0_i256.jpg","Karta graficzna Biostar GeForce RTX 3060 Ti 8GB GDDR6X (N3606TM82)","https://www.morele.net/karta-graficzna-biostar-geforce-rtx-3060-ti-8gb-gddr6x-n3606tm82-13181667/","GeForce RTX 3060 Ti","242 mm","242 mm","1665 MHz"
"1746604859-385","https://www.morele.net/kategoria/karty-graficzne-12/,,,,,,,,0,,,,/7/","Karta graficzna Sparkle Arc A770 Titan OC Edition 16GB GDDR6 (SA770T-16GOC)","1 431,63 zł","https://images.morele.net/i256/13120230_0_i256.jpg","Karta graficzna Sparkle Arc A770 Titan OC Edition 16GB GDDR6 (SA770T-16GOC)","https://www.morele.net/karta-graficzna-sparkle-arc-a770-titan-oc-edition-16gb-gddr6-sa770t-16goc-13120230/","Arc A770","306 mm","306 mm","2300 MHz"
"1746604863-386","https://www.morele.net/kategoria/karty-graficzne-12/,,,,,,,,0,,,,/7/","Karta graficzna PNY Quadro P1000 4GB GDDR5 (VCQP1000DVIV2-PB)","1 397,67 zł","https://images.morele.net/i256/6517112_0_i256.jpg","Karta graficzna PNY Quadro P1000 4GB GDDR5 (VCQP1000DVIV2-PB)","https://www.morele.net/karta-graficzna-pny-quadro-p1000-4gb-gddr5-vcqp1000dviv2-pb-6517112/","Quadro P1000","145 mm","145 mm","1455 MHz"
"1746604865-387","https://www.morele.net/kategoria/karty-graficzne-12/,,,,,,,,0,,,,/7/","Karta graficzna Sparkle Arc B580 Titan OC 12GB GDDR6 (SB580T-12GOC)","1 371,82 zł","https://images.morele.net/i256/14460684_0_i256.jpg","Karta graficzna Sparkle Arc B580 Titan OC 12GB GDDR6 (SB580T-12GOC)","https://www.morele.net/karta-graficzna-sparkle-arc-b580-titan-oc-12gb-gddr6-sb580t-12goc-14460684/","Arc B580","315 mm","315 mm","2740 MHz"
"1746604868-388","https://www.morele.net/kategoria/karty-graficzne-12/,,,,,,,,0,,,,/7/","Karta graficzna Inno3D GeForce RTX 3060 Twin X2 LHR 8GB GDDR6 (N30602-08D6-11902130)","1 355,54 zł","https://images.morele.net/i256/12739107_2_i256.jpg","Karta graficzna Inno3D GeForce RTX 3060 Twin X2 LHR 8GB GDDR6 (N30602-08D6-11902130)","https://www.morele.net/karta-graficzna-inno3d-geforce-rtx-3060-twin-x2-lhr-8gb-gddr6-n30602-08d6-11902130-12739107/","GeForce RTX 3060","240 mm","240 mm","1777 MHz"
"1746604870-389","https://www.morele.net/kategoria/karty-graficzne-12/,,,,,,,,0,,,,/7/","Karta graficzna ASRock Arc A770 Challenger OC 16GB GDDR6 (A770 CL 16GO)","1 289,22 zł","https://images.morele.net/i256/13122494_0_i256.jpg","Karta graficzna ASRock Arc A770 Challenger OC 16GB GDDR6 (A770 CL 16GO)","https://www.morele.net/karta-graficzna-asrock-arc-a770-challenger-oc-16gb-gddr6-a770-cl-16go-13122494/","Arc A770","271 mm","271 mm","2400 MHz"
"1746604873-390","https://www.morele.net/kategoria/karty-graficzne-12/,,,,,,,,0,,,,/7/","Karta graficzna Power Color Radeon RX 7600 Fighter 8GB GDDR6 (RX 7600 8G-F)","1 105,77 zł","https://images.morele.net/i256/12919739_0_i256.jpg","Karta graficzna Power Color Radeon RX 7600 Fighter 8GB GDDR6 (RX 7600 8G-F)","https://www.morele.net/karta-graficzna-power-color-radeon-rx-7600-fighter-8gb-gddr6-rx-7600-8g-f-12919739/","Radeon RX 7600","200 mm","200 mm","2655 MHz"
"1746604876-391","https://www.morele.net/kategoria/karty-graficzne-12/,,,,,,,,0,,,,/7/","Karta graficzna AFOX Radeon RX 570 8GB GDDR5 (AFRX570-8192D5H3-V2)","724,70 zł","https://images.morele.net/i256/9624379_0_i256.jpg","Karta graficzna AFOX Radeon RX 570 8GB GDDR5 (AFRX570-8192D5H3-V2)","https://www.morele.net/karta-graficzna-afox-radeon-rx-570-8gb-gddr5-afrx570-8192d5h3-v2-9624379/","Radeon RX 570","Brak danych","Brak danych","1244 MHz"
"1746604878-392","https://www.morele.net/kategoria/karty-graficzne-12/,,,,,,,,0,,,,/7/","Karta graficzna Sparkle Arc A310 ECO 4GB GDDR6 (SA310C-4G)","528,99 zł","https://images.morele.net/i256/13248526_1_i256.jpg","Karta graficzna Sparkle Arc A310 ECO 4GB GDDR6 (SA310C-4G)","https://www.morele.net/karta-graficzna-sparkle-arc-a310-eco-4gb-gddr6-sa310c-4g-13248526/","Arc A310","156 mm","156 mm","Brak danych"
"1746604881-393","https://www.morele.net/kategoria/karty-graficzne-12/,,,,,,,,0,,,,/7/","Karta graficzna Biostar GeForce GT 610 2GB DDR3 (VN6103THX6)","201,99 zł","https://images.morele.net/i256/5946476_1_i256.jpg","Karta graficzna Biostar GeForce GT 610 2GB DDR3 (VN6103THX6)","https://www.morele.net/karta-graficzna-biostar-geforce-gt-610-2gb-ddr3-vn6103thx6-5946476/","GeForce GT 610","Brak danych","Brak danych","Nie dotyczy"
"1746604893-394","https://www.morele.net/kategoria/karty-graficzne-12/,,,,,,,,0,,,,/6/","Karta graficzna Zotac GeForce GT 710 2GB DDR3 (ZT-71310-10L)","196,07 zł","https://images.morele.net/i256/11735967_1_i256.jpg","Karta graficzna Zotac GeForce GT 710 2GB DDR3 (ZT-71310-10L)","https://www.morele.net/karta-graficzna-zotac-geforce-gt-710-2gb-ddr3-zt-71310-10l-11735967/","GeForce GT 710","Brak danych","Brak danych","Brak danych"
"1746604895-395","https://www.morele.net/kategoria/karty-graficzne-12/,,,,,,,,0,,,,/6/","Karta graficzna Sapphire Pulse Radeon RX 9070 XT 16GB GDDR6 (11348-03-20G)","3 454,79 zł","https://images.morele.net/i256/14732579_0_i256.jpg","Karta graficzna Sapphire Pulse Radeon RX 9070 XT 16GB GDDR6 (11348-03-20G)","https://www.morele.net/karta-graficzna-sapphire-pulse-radeon-rx-9070-xt-16gb-gddr6-11348-03-20g-14732579/","Radeon RX 9070 XT","320 mm","320 mm","2970 MHz"
"1746604898-396","https://www.morele.net/kategoria/karty-graficzne-12/,,,,,,,,0,,,,/6/","Karta graficzna PNY RTX A4000 16GB GDDR6 (VCNRTXA4000-SB)","5 459,28 zł","https://images.morele.net/i256/8658169_0_i256.jpg","Karta graficzna PNY RTX A4000 16GB GDDR6 (VCNRTXA4000-SB)","https://www.morele.net/karta-graficzna-pny-rtx-a4000-16gb-gddr6-vcnrtxa4000-sb-8658169/","","","",""
"1746604900-397","https://www.morele.net/kategoria/karty-graficzne-12/,,,,,,,,0,,,,/6/","Karta graficzna Asus TUF GeForce RTX 5070 Ti OC 16GB GDDR7 (TUF-RTX5070TI-O16G-GAMING)","4 699 zł","https://images.morele.net/i256/14486744_0_i256.jpg","Karta graficzna Asus TUF GeForce RTX 5070 Ti OC 16GB GDDR7 (TUF-RTX5070TI-O16G-GAMING)","https://www.morele.net/karta-graficzna-asus-tuf-geforce-rtx-5070-ti-oc-16gb-gddr7-tuf-rtx5070ti-o16g-gaming-14486744/","GeForce RTX 5070 Ti","329 mm","329 mm","2610 MHz"
"1746604903-398","https://www.morele.net/kategoria/karty-graficzne-12/,,,,,,,,0,,,,/6/","Karta graficzna Asus Prime GeForce RTX 5070 OC 12GB GDDR7 DLSS4 (PRIME-RTX5070-O12G)","2 849 zł","https://images.morele.net/i256/14735376_0_i256.jpg","Karta graficzna Asus Prime GeForce RTX 5070 OC 12GB GDDR7 DLSS4 (PRIME-RTX5070-O12G)","https://www.morele.net/karta-graficzna-asus-prime-geforce-rtx-5070-oc-12gb-gddr7-dlss4-prime-rtx5070-o12g-14735376/","","","",""
"1746604905-399","https://www.morele.net/kategoria/karty-graficzne-12/,,,,,,,,0,,,,/6/","Karta graficzna Asus TUF Gaming Radeon RX 7700 XT OC 12GB GDDR6 (TUF-RX7700XT-O12G-GAMING)","","https://images.morele.net/i256/13115237_15_i256.jpg","Karta graficzna Asus TUF Gaming Radeon RX 7700 XT OC 12GB GDDR6 (TUF-RX7700XT-O12G-GAMING)","https://www.morele.net/karta-graficzna-asus-tuf-gaming-radeon-rx-7700-xt-oc-12gb-gddr6-tuf-rx7700xt-o12g-gaming-13115237/","Radeon RX 7700 XT","320 mm","320 mm","2599 MHz"
"1746604908-400","https://www.morele.net/kategoria/karty-graficzne-12/,,,,,,,,0,,,,/6/","Karta graficzna Zotac Gaming GeForce RTX 4060 Twin Edge OC White 8GB GDDR6 (ZT-D40600Q-10M)","1 633,85 zł","https://images.morele.net/i256/12960748_0_i256.jpg","Karta graficzna Zotac Gaming GeForce RTX 4060 Twin Edge OC White 8GB GDDR6 (ZT-D40600Q-10M)","https://www.morele.net/karta-graficzna-zotac-gaming-geforce-rtx-4060-twin-edge-oc-white-8gb-gddr6-zt-d40600q-10m-12960748/","","","",""
"1746604911-401","https://www.morele.net/kategoria/karty-graficzne-12/,,,,,,,,0,,,,/6/","Karta graficzna ASRock Arc A750 Challenger D OC 8GB GDDR6 (A750 CLD 8GO)","1 501,99 zł","https://images.morele.net/i256/12285820_5_i256.jpg","Karta graficzna ASRock Arc A750 Challenger D OC 8GB GDDR6 (A750 CLD 8GO)","https://www.morele.net/karta-graficzna-asrock-arc-a750-challenger-d-oc-8gb-gddr6-a750-cld-8go-12285820/","Arc A750","271 mm","271 mm","Brak danych"
"1746604914-402","https://www.morele.net/kategoria/karty-graficzne-12/,,,,,,,,0,,,,/6/","Karta graficzna AFOX GeForce RTX 2060 Super 8GB GDDR6 (AF2060S-8192D6H4-V2)","1 218,84 zł","https://images.morele.net/i256/13133257_0_i256.jpg","Karta graficzna AFOX GeForce RTX 2060 Super 8GB GDDR6 (AF2060S-8192D6H4-V2)","https://www.morele.net/karta-graficzna-afox-geforce-rtx-2060-super-8gb-gddr6-af2060s-8192d6h4-v2-13133257/","GeForce RTX 2060 Super","Brak danych","Brak danych","1650 MHz"
"1746604916-403","https://www.morele.net/kategoria/karty-graficzne-12/,,,,,,,,0,,,,/6/","Karta graficzna AFOX GeForce GT 220 1GB GDDR3 (AF220-1024D3L2)","144,93 zł","https://images.morele.net/i256/8224557_0_i256.jpg","Karta graficzna AFOX GeForce GT 220 1GB GDDR3 (AF220-1024D3L2)","https://www.morele.net/karta-graficzna-afox-geforce-gt-220-1gb-gddr3-af220-1024d3l2-8224557/","GeForce GT 220","Brak danych","Brak danych","Brak danych"
"1746604919-404","https://www.morele.net/kategoria/karty-graficzne-12/,,,,,,,,0,,,,/6/","Karta graficzna Inno3D GeForce RTX 3080 Ti iChill X4 12GB GDDR6X (C308T4-126XX-1810VA36)","","https://images.morele.net/i256/5947964_0_i256.jpg","Karta graficzna Inno3D GeForce RTX 3080 Ti iChill X4 12GB GDDR6X (C308T4-126XX-1810VA36)","https://www.morele.net/karta-graficzna-inno3d-geforce-rtx-3080-ti-ichill-x4-12gb-gddr6x-c308t4-126xx-1810va36-5947964/","GeForce RTX 3080 Ti","300 mm","300 mm","1710 MHz"
"1746604921-405","https://www.morele.net/kategoria/karty-graficzne-12/,,,,,,,,0,,,,/6/","Karta graficzna Sapphire Nitro+ Radeon RX 9070 XT 16GB GDDR6 (11348-01-20G)","3 646,49 zł","https://images.morele.net/i256/14732572_0_i256.jpg","Karta graficzna Sapphire Nitro+ Radeon RX 9070 XT 16GB GDDR6 (11348-01-20G)","https://www.morele.net/karta-graficzna-sapphire-nitro-radeon-rx-9070-xt-16gb-gddr6-11348-01-20g-14732572/","Radeon RX 9070 XT","331 mm","331 mm","3060 MHz"
"1746604924-406","https://www.morele.net/kategoria/karty-graficzne-12/,,,,,,,,0,,,,/6/","Karta graficzna XFX Swift Radeon RX 9070 OC Triple Fan Gaming 16GB GDDR6 (RX-97SWFB3B9)","3 249 zł","https://images.morele.net/i256/14739182_0_i256.jpg","Karta graficzna XFX Swift Radeon RX 9070 OC Triple Fan Gaming 16GB GDDR6 (RX-97SWFB3B9)","https://www.morele.net/karta-graficzna-xfx-swift-radeon-rx-9070-oc-triple-fan-gaming-16gb-gddr6-rx-97swfb3b9-14739182/","","","",""
"1746604927-407","https://www.morele.net/kategoria/karty-graficzne-12/,,,,,,,,0,,,,/6/","Karta graficzna Gigabyte Radeon RX 9070 Gaming OC 16GB GDDR6 (GV-R9070GAMING OC-16GD)","3 199 zł","https://images.morele.net/i256/14731782_0_i256.jpg","Karta graficzna Gigabyte Radeon RX 9070 Gaming OC 16GB GDDR6 (GV-R9070GAMING OC-16GD)","https://www.morele.net/karta-graficzna-gigabyte-radeon-rx-9070-gaming-oc-16gb-gddr6-gv-r9070gaming-oc-16gd-14731782/","Radeon RX 9070","288 mm","288 mm","Brak danych"
"1746604929-408","https://www.morele.net/kategoria/karty-graficzne-12/,,,,,,,,0,,,,/6/","Karta graficzna Gigabyte GeForce RTX 5070 Windforce OC SFF 12GB GDDR7 (GV-N5070WF3OC-12GD)","2 899 zł","https://images.morele.net/i256/14485262_5_i256.jpg","Karta graficzna Gigabyte GeForce RTX 5070 Windforce OC SFF 12GB GDDR7 (GV-N5070WF3OC-12GD)","https://www.morele.net/karta-graficzna-gigabyte-geforce-rtx-5070-windforce-oc-sff-12gb-gddr7-gv-n5070wf3oc-12gd-14485262/","GeForce RTX 5070","282 mm","282 mm","Brak danych"
"1746604932-409","https://www.morele.net/kategoria/karty-graficzne-12/,,,,,,,,0,,,,/6/","Karta graficzna ASRock Arc B580 Challenger OC 12GB GDDR6 (B580 CL 12GO)","1 295,26 zł","https://images.morele.net/i256/14450505_0_i256.jpg","Karta graficzna ASRock Arc B580 Challenger OC 12GB GDDR6 (B580 CL 12GO)","https://www.morele.net/karta-graficzna-asrock-arc-b580-challenger-oc-12gb-gddr6-b580-cl-12go-14450505/","Arc B580","249 mm","249 mm","2740 MHz"
"1746604935-410","https://www.morele.net/kategoria/karty-graficzne-12/,,,,,,,,0,,,,/6/","Karta graficzna AFOX GeForce GT 210 1GB DDR2 (AF210-1024D2LG2-V7)","146,03 zł","https://images.morele.net/i256/6699669_0_i256.jpg","Karta graficzna AFOX GeForce GT 210 1GB DDR2 (AF210-1024D2LG2-V7)","https://www.morele.net/karta-graficzna-afox-geforce-gt-210-1gb-ddr2-af210-1024d2lg2-v7-6699669/","GeForce GT 210","150 mm","150 mm","Nie dotyczy"
"1746604937-411","https://www.morele.net/kategoria/karty-graficzne-12/,,,,,,,,0,,,,/6/","Karta graficzna Gigabyte AORUS Radeon RX 9070 XT Elite 16GB GDDR6 (GV-R9070XTAORUS E-16GD)","3 599 zł","https://images.morele.net/i256/14731776_0_i256.jpg","Karta graficzna Gigabyte AORUS Radeon RX 9070 XT Elite 16GB GDDR6 (GV-R9070XTAORUS E-16GD)","https://www.morele.net/karta-graficzna-gigabyte-aorus-radeon-rx-9070-xt-elite-16gb-gddr6-gv-r9070xtaorus-e-16gd-14731776/","Radeon RX 9070 XT","339 mm","339 mm","Brak danych"
"1746604940-412","https://www.morele.net/kategoria/karty-graficzne-12/,,,,,,,,0,,,,/6/","Karta graficzna Gigabyte GeForce RTX 5080 Gaming OC 16GB GDDR7 (GV-N5080GAMING OC-16GD)","5 999 zł","https://images.morele.net/i256/14485974_8_i256.jpg","Karta graficzna Gigabyte GeForce RTX 5080 Gaming OC 16GB GDDR7 (GV-N5080GAMING OC-16GD)","https://www.morele.net/karta-graficzna-gigabyte-geforce-rtx-5080-gaming-oc-16gb-gddr7-gv-n5080gaming-oc-16gd-14485974/","GeForce RTX 5080","342 mm","342 mm","2730 MHz"
"1746604942-413","https://www.morele.net/kategoria/karty-graficzne-12/,,,,,,,,0,,,,/6/","Karta graficzna Zotac Gaming GeForce RTX 5070 Ti AMP Extreme INFINITY 16GB GDDR7 (ZT-B50710B-10P)","4 624,68 zł","https://images.morele.net/i256/14689677_7_i256.jpg","Karta graficzna Zotac Gaming GeForce RTX 5070 Ti AMP Extreme INFINITY 16GB GDDR7 (ZT-B50710B-10P)","https://www.morele.net/karta-graficzna-zotac-gaming-geforce-rtx-5070-ti-amp-extreme-infinity-16gb-gddr7-zt-b50710b-10p-14689677/","GeForce RTX 5070 Ti","332 mm","332 mm","2512 MHz"
"1746604945-414","https://www.morele.net/kategoria/karty-graficzne-12/,,,,,,,,0,,,,/6/","Karta graficzna XFX Mercury Radeon RX 9070 XT OC Gaming RGB 16GB GDDR6 (RX-97TRGBBB9)","3 720,35 zł","https://images.morele.net/i256/14771925_8_i256.jpg","Karta graficzna XFX Mercury Radeon RX 9070 XT OC Gaming RGB 16GB GDDR6 (RX-97TRGBBB9)","https://www.morele.net/karta-graficzna-xfx-mercury-radeon-rx-9070-xt-oc-gaming-rgb-16gb-gddr6-rx-97trgbbb9-14771925/","Radeon RX 9070 XT","360 mm","360 mm","3100 MHz"
"1746604947-415","https://www.morele.net/kategoria/karty-graficzne-12/,,,,,,,,0,,,,/6/","Karta graficzna XFX Swift Radeon RX 9070 XT Triple Fan Gaming 16GB GDDR6 (RX-97TSWF3B9)","3 440,16 zł","https://images.morele.net/i256/14739185_0_i256.jpg","Karta graficzna XFX Swift Radeon RX 9070 XT Triple Fan Gaming 16GB GDDR6 (RX-97TSWF3B9)","https://www.morele.net/karta-graficzna-xfx-swift-radeon-rx-9070-xt-triple-fan-gaming-16gb-gddr6-rx-97tswf3b9-14739185/","Radeon RX 9070 XT","325 mm","325 mm","2970 MHz"
"1746604950-416","https://www.morele.net/kategoria/karty-graficzne-12/,,,,,,,,0,,,,/6/","Karta graficzna Palit GeForce RTX 4060 StormX 8GB GDDR6 (NE64060019P1-1070F)","1 299 zł","https://images.morele.net/i256/12960737_0_i256.jpg","Karta graficzna Palit GeForce RTX 4060 StormX 8GB GDDR6 (NE64060019P1-1070F)","https://www.morele.net/karta-graficzna-palit-geforce-rtx-4060-stormx-8gb-gddr6-ne64060019p1-1070f-12960737/","GeForce RTX 4060","170 mm","170 mm","2460 MHz"
"1746604953-417","https://www.morele.net/kategoria/karty-graficzne-12/,,,,,,,,0,,,,/6/","Karta graficzna PNY Quadro T400 4GB GDDR6 (VCNT400-4GB-SB)","738,62 zł","https://images.morele.net/i256/9856260_0_i256.jpg","Karta graficzna PNY Quadro T400 4GB GDDR6 (VCNT400-4GB-SB)","https://www.morele.net/karta-graficzna-pny-quadro-t400-4gb-gddr6-vcnt400-4gb-sb-9856260/","Quadro T400","156 mm","156 mm","1425 MHz"
"1746604956-418","https://www.morele.net/kategoria/karty-graficzne-12/,,,,,,,,0,,,,/6/","Karta graficzna XFX Speedster SWFT 210 Radeon RX 7600 XT 16GB GDDR6 (RX-76TSWFTFP)","1 690 zł","https://images.morele.net/i256/13174189_5_i256.jpg","Karta graficzna XFX Speedster SWFT 210 Radeon RX 7600 XT 16GB GDDR6 (RX-76TSWFTFP)","https://www.morele.net/karta-graficzna-xfx-speedster-swft-210-radeon-rx-7600-xt-16gb-gddr6-rx-76tswftfp-13174189/","Radeon RX 7600 XT","241 mm","241 mm","2755 MHz"
"1746604959-419","https://www.morele.net/kategoria/karty-graficzne-12/,,,,,,,,0,,,,/6/","Karta graficzna Biostar Radeon RX 580 8GB GDDR5 (VA5815TQ82)","534,71 zł","https://images.morele.net/i256/13172856_1_i256.jpg","Karta graficzna Biostar Radeon RX 580 8GB GDDR5 (VA5815TQ82)","https://www.morele.net/karta-graficzna-biostar-radeon-rx-580-8gb-gddr5-va5815tq82-13172856/","Radeon RX 580","Brak danych","Brak danych","Brak danych"
"1746604961-420","https://www.morele.net/kategoria/karty-graficzne-12/,,,,,,,,0,,,,/6/","Karta graficzna Power Color Hellhound Radeon RX 7900 XT 20GB GDDR6 (RX 7900 XT 20G-L/OC)","3 208,84 zł","https://images.morele.net/i256/13098760_0_i256.jpg","Karta graficzna Power Color Hellhound Radeon RX 7900 XT 20GB GDDR6 (RX 7900 XT 20G-L/OC)","https://www.morele.net/karta-graficzna-power-color-hellhound-radeon-rx-7900-xt-20gb-gddr6-rx-7900-xt-20g-l-oc-13098760/","Radeon RX 7900 XT","320 mm","320 mm","2500 MHz"
"1746604964-421","https://www.morele.net/kategoria/karty-graficzne-12/,,,,,,,,0,,,,/6/","Karta graficzna Inno3D GeForce RTX 4060 Twin X2 8GB GDDR6 (N40602-08D6-173051N)","1 397,90 zł","https://images.morele.net/i256/13113172_0_i256.jpg","Karta graficzna Inno3D GeForce RTX 4060 Twin X2 8GB GDDR6 (N40602-08D6-173051N)","https://www.morele.net/karta-graficzna-inno3d-geforce-rtx-4060-twin-x2-8gb-gddr6-n40602-08d6-173051n-13113172/","","","",""
"1746604967-422","https://www.morele.net/kategoria/karty-graficzne-12/,,,,,,,,0,,,,/6/","Karta graficzna XFX Speedster QICK 308 Radeon RX 7600 8GB GDDR6 (RX-76PQICKBY)","1 252,93 zł","https://images.morele.net/i256/12967120_0_i256.jpg","Karta graficzna XFX Speedster QICK 308 Radeon RX 7600 8GB GDDR6 (RX-76PQICKBY)","https://www.morele.net/karta-graficzna-xfx-speedster-qick-308-radeon-rx-7600-8gb-gddr6-rx-76pqickby-12967120/","Radeon RX 7600","274 mm","274 mm","2755 MHz"
"1746604969-423","https://www.morele.net/kategoria/karty-graficzne-12/,,,,,,,,0,,,,/6/","Karta graficzna Gigabyte GeForce RTX 5070 Ti Aero OC 16GB GDDR7 (GV-N507TAERO OC-16GD)","4 599 zł","https://images.morele.net/i256/14485810_9_i256.jpg","Karta graficzna Gigabyte GeForce RTX 5070 Ti Aero OC 16GB GDDR7 (GV-N507TAERO OC-16GD)","https://www.morele.net/karta-graficzna-gigabyte-geforce-rtx-5070-ti-aero-oc-16gb-gddr7-gv-n507taero-oc-16gd-14485810/","GeForce RTX 5070 Ti","340 mm","340 mm","2588 MHz"
"1746604978-424","https://www.morele.net/kategoria/karty-graficzne-12/,,,,,,,,0,,,,/5/","Karta graficzna Zotac Gaming GeForce RTX 4070 Ti Trinity OC 12GB GDDR6X (ZT-D40710J-10P)","","https://images.morele.net/i256/12481736_0_i256.jpg","Karta graficzna Zotac Gaming GeForce RTX 4070 Ti Trinity OC 12GB GDDR6X (ZT-D40710J-10P)","https://www.morele.net/karta-graficzna-zotac-gaming-geforce-rtx-4070-ti-trinity-oc-12gb-gddr6x-zt-d40710j-10p-12481736/","GeForce RTX 4070 Ti","307 mm","307 mm","2625 MHz"
"1746604981-425","https://www.morele.net/kategoria/karty-graficzne-12/,,,,,,,,0,,,,/5/","Karta graficzna Zotac Gaming GeForce RTX 4070 SUPER Twin Edge 12GB GDDR6X (ZT-D40720E-10M)","3 129,26 zł","https://images.morele.net/i256/13166616_0_i256.jpg","Karta graficzna Zotac Gaming GeForce RTX 4070 SUPER Twin Edge 12GB GDDR6X (ZT-D40720E-10M)","https://www.morele.net/karta-graficzna-zotac-gaming-geforce-rtx-4070-super-twin-edge-12gb-gddr6x-zt-d40720e-10m-13166616/","GeForce RTX 4070 Super","234 mm","234 mm","2475 MHz"
"1746604984-426","https://www.morele.net/kategoria/karty-graficzne-12/,,,,,,,,0,,,,/5/","Karta graficzna Asus TUF GeForce GTX 1660 SUPER Gaming OC 6GB GDDR6 (90YV0DT2-M0NA00)","1 500 zł","https://images.morele.net/i256/6470553_0_i256.jpg","Karta graficzna Asus TUF GeForce GTX 1660 SUPER Gaming OC 6GB GDDR6 (90YV0DT2-M0NA00)","https://www.morele.net/karta-graficzna-asus-tuf-geforce-gtx-1660-super-gaming-oc-6gb-gddr6-90yv0dt2-m0na00-6470553/","","","",""
"1746604986-427","https://www.morele.net/kategoria/karty-graficzne-12/,,,,,,,,0,,,,/5/","Karta graficzna AMD Radeon Pro WX 3200 4GB GDDR5 (100-506115)","609,54 zł","https://images.morele.net/i256/6660027_0_i256.jpg","Karta graficzna AMD Radeon Pro WX 3200 4GB GDDR5 (100-506115)","https://www.morele.net/karta-graficzna-amd-radeon-pro-wx-3200-4gb-gddr5-100-506115-6660027/","Radeon Pro WX 3200","168 mm","168 mm","Nie dotyczy"
"1746604989-428","https://www.morele.net/kategoria/karty-graficzne-12/,,,,,,,,0,,,,/5/","Karta graficzna Gigabyte Radeon RX 6500 XT Eagle 4GB GDDR6 (GV-R65XTEAGLE-4GD)","626,84 zł","https://images.morele.net/i256/9681338_0_i256.jpg","Karta graficzna Gigabyte Radeon RX 6500 XT Eagle 4GB GDDR6 (GV-R65XTEAGLE-4GD)","https://www.morele.net/karta-graficzna-gigabyte-radeon-rx-6500-xt-eagle-4gb-gddr6-gv-r65xteagle-4gd-9681338/","Radeon RX 6500 XT","192 mm","192 mm","Brak danych"
"1746604991-429","https://www.morele.net/kategoria/karty-graficzne-12/,,,,,,,,0,,,,/5/","Karta graficzna Gigabyte GeForce RTX 5070 Ti Gaming OC 16GB GDDR7 (GV-N507TGAMING OC-16GD)","4 399 zł","https://images.morele.net/i256/14485809_11_i256.jpg","Karta graficzna Gigabyte GeForce RTX 5070 Ti Gaming OC 16GB GDDR7 (GV-N507TGAMING OC-16GD)","https://www.morele.net/karta-graficzna-gigabyte-geforce-rtx-5070-ti-gaming-oc-16gb-gddr7-gv-n507tgaming-oc-16gd-14485809/","GeForce RTX 5070 Ti","342 mm","342 mm","2588 MHz"
"1746604994-430","https://www.morele.net/kategoria/karty-graficzne-12/,,,,,,,,0,,,,/5/","Karta graficzna PNY GeForce RTX 4060 Ti XLR8 Gaming Verto OC Dual Fan 8GB GDDR6 (VCG4060T8DFXPB1-O)","1 849 zł","https://images.morele.net/i256/13131189_0_i256.jpg","Karta graficzna PNY GeForce RTX 4060 Ti XLR8 Gaming Verto OC Dual Fan 8GB GDDR6 (VCG4060T8DFXPB1-O)","https://www.morele.net/karta-graficzna-pny-geforce-rtx-4060-ti-xlr8-gaming-verto-oc-dual-fan-8gb-gddr6-vcg4060t8dfxpb1-o-13131189/","GeForce RTX 4060 Ti","245 mm","245 mm","2550 MHz"
"1746604996-431","https://www.morele.net/kategoria/karty-graficzne-12/,,,,,,,,0,,,,/5/","Karta graficzna Sapphire Pulse Radeon RX 7600 XT OC 16GB GDDR6 (11339-04-20G)","1 609 zł","https://images.morele.net/i256/13173835_4_i256.jpg","Karta graficzna Sapphire Pulse Radeon RX 7600 XT OC 16GB GDDR6 (11339-04-20G)","https://www.morele.net/karta-graficzna-sapphire-pulse-radeon-rx-7600-xt-oc-16gb-gddr6-11339-04-20g-13173835/","Radeon RX 7600 XT","250 mm","250 mm","2755 MHz"
"1746604999-432","https://www.morele.net/kategoria/karty-graficzne-12/,,,,,,,,0,,,,/5/","Karta graficzna PNY GeForce RTX 3050 XLR8 Gaming Revel Epic-X 8GB GDDR6 (VCG30508DFXPPB)","1 559 zł","https://images.morele.net/i256/9865542_0_i256.jpg","Karta graficzna PNY GeForce RTX 3050 XLR8 Gaming Revel Epic-X 8GB GDDR6 (VCG30508DFXPPB)","https://www.morele.net/karta-graficzna-pny-geforce-rtx-3050-xlr8-gaming-revel-epic-x-8gb-gddr6-vcg30508dfxppb-9865542/","GeForce RTX 3050","247 mm","247 mm","1777 MHz"
"1746605001-433","https://www.morele.net/kategoria/karty-graficzne-12/,,,,,,,,0,,,,/5/","Karta graficzna Intel Arc A750 Limited Edition 8GB GDDR6 (21P02J00BA)","1 133,67 zł","https://images.morele.net/i256/12241383_3_i256.jpg","Karta graficzna Intel Arc A750 Limited Edition 8GB GDDR6 (21P02J00BA)","https://www.morele.net/karta-graficzna-intel-arc-a750-limited-edition-8gb-gddr6-21p02j00ba-12241383/","Arc A750","Brak danych","Brak danych","Brak danych"
"1746605004-434","https://www.morele.net/kategoria/karty-graficzne-12/,,,,,,,,0,,,,/5/","Karta graficzna Palit GeForce RTX 3050 StormX 8GB GDDR6 (NE63050018P1-1070F)","829 zł","https://images.morele.net/i256/12510464_3_i256.jpg","Karta graficzna Palit GeForce RTX 3050 StormX 8GB GDDR6 (NE63050018P1-1070F)","https://www.morele.net/karta-graficzna-palit-geforce-rtx-3050-stormx-8gb-gddr6-ne63050018p1-1070f-12510464/","GeForce RTX 3050","162 mm","162 mm","1777 MHz"
"1746605006-435","https://www.morele.net/kategoria/karty-graficzne-12/,,,,,,,,0,,,,/5/","Karta graficzna Biostar Radeon RX 550 4GB GDDR5 (VA5505RF41-SBHRA-BS2)","384,72 zł","https://images.morele.net/i256/5949843_0_i256.jpg","Karta graficzna Biostar Radeon RX 550 4GB GDDR5 (VA5505RF41-SBHRA-BS2)","https://www.morele.net/karta-graficzna-biostar-radeon-rx-550-4gb-gddr5-va5505rf41-sbhra-bs2-5949843/","Radeon RX 550","Brak danych","Brak danych","1183 MHz"
"1746605009-436","https://www.morele.net/kategoria/karty-graficzne-12/,,,,,,,,0,,,,/5/","Karta graficzna Biostar GeForce GT 210 1GB DDR3 (VN2103NHG6-TBARL-BS2)","158,83 zł","https://images.morele.net/i256/8408286_0_i256.jpg","Karta graficzna Biostar GeForce GT 210 1GB DDR3 (VN2103NHG6-TBARL-BS2)","https://www.morele.net/karta-graficzna-biostar-geforce-gt-210-1gb-ddr3-vn2103nhg6-tbarl-bs2-8408286/","GeForce GT 210","Brak danych","Brak danych","Brak danych"
"1746605011-437","https://www.morele.net/kategoria/karty-graficzne-12/,,,,,,,,0,,,,/5/","Karta graficzna Gigabyte Radeon RX 9070 XT Gaming OC 16GB GDDR6 (GV-R9070XTGAMING OC-16GD)","3 659 zł","https://images.morele.net/i256/14731777_0_i256.jpg","Karta graficzna Gigabyte Radeon RX 9070 XT Gaming OC 16GB GDDR6 (GV-R9070XTGAMING OC-16GD)","https://www.morele.net/karta-graficzna-gigabyte-radeon-rx-9070-xt-gaming-oc-16gb-gddr6-gv-r9070xtgaming-oc-16gd-14731777/","Radeon RX 9070 XT","288 mm","288 mm","Brak danych"
"1746605014-438","https://www.morele.net/kategoria/karty-graficzne-12/,,,,,,,,0,,,,/5/","Karta graficzna Gigabyte GeForce RTX 4070 Windforce 2X OC V2 12GB GDDR6 (GV-N4070WF2OCV2-12GD)","2 676,39 zł","https://images.morele.net/i256/14118169_0_i256.jpg","Karta graficzna Gigabyte GeForce RTX 4070 Windforce 2X OC V2 12GB GDDR6 (GV-N4070WF2OCV2-12GD)","https://www.morele.net/karta-graficzna-gigabyte-geforce-rtx-4070-windforce-2x-oc-v2-12gb-gddr6-gv-n4070wf2ocv2-12gd-14118169/","GeForce RTX 4070","201 mm","201 mm","2490 MHz"
"1746605017-439","https://www.morele.net/kategoria/karty-graficzne-12/,,,,,,,,0,,,,/5/","Karta graficzna Asus Dual Radeon RX 6600 XT OC 8GB GDDR6 (DUAL-RX6600XT-O8G)","2 439 zł","https://images.morele.net/i256/8852738_0_i256.jpg","Karta graficzna Asus Dual Radeon RX 6600 XT OC 8GB GDDR6 (DUAL-RX6600XT-O8G)","https://www.morele.net/karta-graficzna-asus-dual-radeon-rx-6600-xt-oc-8gb-gddr6-dual-rx6600xt-o8g-8852738/","Radeon RX 6600 XT","243 mm","243 mm","2607 MHz"
"1746605019-440","https://www.morele.net/kategoria/karty-graficzne-12/,,,,,,,,0,,,,/5/","Karta graficzna ASRock Radeon RX 7600 Challenger OC 8GB GDDR6 (RX 7600 CL 8GO)","1 110,86 zł","https://images.morele.net/i256/12899796_0_i256.jpg","Karta graficzna ASRock Radeon RX 7600 Challenger OC 8GB GDDR6 (RX 7600 CL 8GO)","https://www.morele.net/karta-graficzna-asrock-radeon-rx-7600-challenger-oc-8gb-gddr6-rx-7600-cl-8go-12899796/","Radeon RX 7600","270 mm","270 mm","2695 MHz"
"1746605022-441","https://www.morele.net/kategoria/karty-graficzne-12/,,,,,,,,0,,,,/5/","Karta graficzna Sapphire Pulse Radeon RX 7900 XTX 24GB GDDR6 (11322-02-20G)","4 780,35 zł","https://images.morele.net/i256/12801358_1_i256.jpg","Karta graficzna Sapphire Pulse Radeon RX 7900 XTX 24GB GDDR6 (11322-02-20G)","https://www.morele.net/karta-graficzna-sapphire-pulse-radeon-rx-7900-xtx-24gb-gddr6-11322-02-20g-12801358/","Radeon RX 7900 XTX","313 mm","313 mm","2525 MHz"
"1746605025-442","https://www.morele.net/kategoria/karty-graficzne-12/,,,,,,,,0,,,,/5/","Karta graficzna Asus Dual GeForce GTX 1650 OC 4GB GDDR5 (DUAL-GTX1650-O4G)","1 399 zł","https://images.morele.net/i256/5887886_0_i256.jpg","Karta graficzna Asus Dual GeForce GTX 1650 OC 4GB GDDR5 (DUAL-GTX1650-O4G)","https://www.morele.net/karta-graficzna-asus-dual-geforce-gtx-1650-oc-4gb-gddr5-dual-gtx1650-o4g-5887886/","GeForce GTX 1650","190 mm","190 mm","1755 MHz"
"1746605027-443","https://www.morele.net/kategoria/karty-graficzne-12/,,,,,,,,0,,,,/5/","Karta graficzna Power Color Radeon RX 7900 XTX Hellhound 24GB GDDR6 (RX 7900 XTX 24G-L/OC)","4 010,99 zł","https://images.morele.net/i256/12629158_0_i256.jpg","Karta graficzna Power Color Radeon RX 7900 XTX Hellhound 24GB GDDR6 (RX 7900 XTX 24G-L/OC)","https://www.morele.net/karta-graficzna-power-color-radeon-rx-7900-xtx-hellhound-24gb-gddr6-rx-7900-xtx-24g-l-oc-12629158/","Radeon RX 7900 XTX","320 mm","320 mm","2525 MHz"
"1746605030-444","https://www.morele.net/kategoria/karty-graficzne-12/,,,,,,,,0,,,,/5/","Karta graficzna XFX Speedster MERC 310 Radeon RX 7900 GRE 16GB GDDR6 (RX-79GMERCB9)","2 963,99 zł","https://images.morele.net/i256/13180389_0_i256.jpg","Karta graficzna XFX Speedster MERC 310 Radeon RX 7900 GRE 16GB GDDR6 (RX-79GMERCB9)","https://www.morele.net/karta-graficzna-xfx-speedster-merc-310-radeon-rx-7900-gre-16gb-gddr6-rx-79gmercb9-13180389/","Radeon RX 7900 GRE","335 mm","335 mm","2395 MHz"
"1746605032-445","https://www.morele.net/kategoria/karty-graficzne-12/,,,,,,,,0,,,,/5/","Karta graficzna Power Color Red Devil Radeon RX 7800 XT 16GB GDDR6 (RX 7800 XT 16G-E/OC)","2 506,34 zł","https://images.morele.net/i256/13095050_0_i256.jpg","Karta graficzna Power Color Red Devil Radeon RX 7800 XT 16GB GDDR6 (RX 7800 XT 16G-E/OC)","https://www.morele.net/karta-graficzna-power-color-red-devil-radeon-rx-7800-xt-16gb-gddr6-rx-7800-xt-16g-e-oc-13095050/","Radeon RX 7800 XT","345 mm","345 mm","2425 MHz"
"1746605035-446","https://www.morele.net/kategoria/karty-graficzne-12/,,,,,,,,0,,,,/5/","Karta graficzna Zotac GeForce RTX 3060 Twin Edge 12GB GDDR6 (ZT-A30600E-10M)","1 821,35 zł","https://images.morele.net/i256/7951871_0_i256.jpg","Karta graficzna Zotac GeForce RTX 3060 Twin Edge 12GB GDDR6 (ZT-A30600E-10M)","https://www.morele.net/karta-graficzna-zotac-geforce-rtx-3060-twin-edge-12gb-gddr6-zt-a30600e-10m-7951871/","GeForce RTX 3060","224 mm","224 mm","1777 MHz"
"1746605038-447","https://www.morele.net/kategoria/karty-graficzne-12/,,,,,,,,0,,,,/5/","Karta graficzna Asus Dual GeForce GTX 1660 SUPER Evo OC 6GB GDDR6 (DUAL-GTX1660S-O6G-EVO)","1 499 zł","https://images.morele.net/i256/6317629_7_i256.jpg","Karta graficzna Asus Dual GeForce GTX 1660 SUPER Evo OC 6GB GDDR6 (DUAL-GTX1660S-O6G-EVO)","https://www.morele.net/karta-graficzna-asus-dual-geforce-gtx-1660-super-evo-oc-6gb-gddr6-dual-gtx1660s-o6g-evo-6317629/","GeForce GTX 1660 Super","242 mm","242 mm","1860 MHz"
"1746605041-448","https://www.morele.net/kategoria/karty-graficzne-12/,,,,,,,,0,,,,/5/","Karta graficzna XFX Speedster MERC 319 Radeon RX 6950 XT 16GB GDDR6 (RX-695XATBD9)","","https://images.morele.net/i256/12706402_0_i256.jpg","Karta graficzna XFX Speedster MERC 319 Radeon RX 6950 XT 16GB GDDR6 (RX-695XATBD9)","https://www.morele.net/karta-graficzna-xfx-speedster-merc-319-radeon-rx-6950-xt-16gb-gddr6-rx-695xatbd9-12706402/","Radeon RX 6950 XT","340 mm","340 mm","2368 MHz"
"1746605043-449","https://www.morele.net/kategoria/karty-graficzne-12/,,,,,,,,0,,,,/5/","Karta graficzna Gigabyte Radeon RX 7900 XT Gaming OC 20GB GDDR6 (GV-R79XTGAMING OC-20GD)","3 187,53 zł","https://images.morele.net/i256/12456937_0_i256.jpg","Karta graficzna Gigabyte Radeon RX 7900 XT Gaming OC 20GB GDDR6 (GV-R79XTGAMING OC-20GD)","https://www.morele.net/karta-graficzna-gigabyte-radeon-rx-7900-xt-gaming-oc-20gb-gddr6-gv-r79xtgaming-oc-20gd-12456937/","Radeon RX 7900 XT","331 mm","331 mm","2535 MHz"
"1746605046-450","https://www.morele.net/kategoria/karty-graficzne-12/,,,,,,,,0,,,,/5/","Karta graficzna Asus TUF GeForce GTX 1660 Ti Evo Top Gaming 6GB GDDR6 (TUF-GTX1660TI-T6G-EVO-GAMING)","1 400 zł","https://images.morele.net/i256/5949275_0_i256.jpg","Karta graficzna Asus TUF GeForce GTX 1660 Ti Evo Top Gaming 6GB GDDR6 (TUF-GTX1660TI-T6G-EVO-GAMING)","https://www.morele.net/karta-graficzna-asus-tuf-geforce-gtx-1660-ti-evo-top-gaming-6gb-gddr6-tuf-gtx1660ti-t6g-evo-gaming-5949275/","GeForce GTX 1660 Ti","205 mm","205 mm","1845 MHz"
"1746605049-451","https://www.morele.net/kategoria/karty-graficzne-12/,,,,,,,,0,,,,/5/","Karta graficzna XFX Speedster SWFT 210 Radeon RX 7600 8GB GDDR6 (RX-76PSWFTFY)","1 171,69 zł","https://images.morele.net/i256/12967121_0_i256.jpg","Karta graficzna XFX Speedster SWFT 210 Radeon RX 7600 8GB GDDR6 (RX-76PSWFTFY)","https://www.morele.net/karta-graficzna-xfx-speedster-swft-210-radeon-rx-7600-8gb-gddr6-rx-76pswftfy-12967121/","Radeon RX 7600","241 mm","241 mm","2655 MHz"
"1746605052-452","https://www.morele.net/kategoria/karty-graficzne-12/,,,,,,,,0,,,,/5/","Karta graficzna Palit GeForce RTX 3050 Dual 8GB GDDR6 (NE63050019P1-190AD)","2 002,17 zł","https://images.morele.net/i256/9710310_0_i256.jpg","Karta graficzna Palit GeForce RTX 3050 Dual 8GB GDDR6 (NE63050019P1-190AD)","https://www.morele.net/karta-graficzna-palit-geforce-rtx-3050-dual-8gb-gddr6-ne63050019p1-190ad-9710310/","GeForce RTX 3050","245 mm","245 mm","Brak danych"
"1746605054-453","https://www.morele.net/kategoria/karty-graficzne-12/,,,,,,,,0,,,,/5/","Karta graficzna Gigabyte GeForce GT 1030 Low Profile D4 2GB DDR4 (GV-N1030D4-2GL)","347,68 zł","https://images.morele.net/i256/4107408_3_i256.jpg","Karta graficzna Gigabyte GeForce GT 1030 Low Profile D4 2GB DDR4 (GV-N1030D4-2GL)","https://www.morele.net/karta-graficzna-gigabyte-geforce-gt-1030-low-profile-d4-2gb-ddr4-gv-n1030d4-2gl-4107408/","GeForce GT 1030","150 mm","150 mm","1417 MHz"
"1746605065-454","https://www.morele.net/kategoria/karty-graficzne-12/,,,,,,,,0,,,,/4/","Karta graficzna Sapphire Pure Radeon RX 7700 XT 12GB GDDR6 (11335-03-20G)","1 866,37 zł","https://images.morele.net/i256/13119843_0_i256.jpg","Karta graficzna Sapphire Pure Radeon RX 7700 XT 12GB GDDR6 (11335-03-20G)","https://www.morele.net/karta-graficzna-sapphire-pure-radeon-rx-7700-xt-12gb-gddr6-11335-03-20g-13119843/","Radeon RX 7700 XT","320 mm","320 mm","2584 MHz"
"1746605068-455","https://www.morele.net/kategoria/karty-graficzne-12/,,,,,,,,0,,,,/4/","Karta graficzna MSI Radeon RX 6500 XT Mech X2 OC 4GB GDDR6 (RX 6500 XT MECH 2X 4G OC)","","https://images.morele.net/i256/9681344_0_i256.jpg","Karta graficzna MSI Radeon RX 6500 XT Mech X2 OC 4GB GDDR6 (RX 6500 XT MECH 2X 4G OC)","https://www.morele.net/karta-graficzna-msi-radeon-rx-6500-xt-mech-x2-oc-4gb-gddr6-rx-6500-xt-mech-2x-4g-oc-9681344/","Radeon RX 6500 XT","201 mm","201 mm","Brak danych"
"1746605070-456","https://www.morele.net/kategoria/karty-graficzne-12/,,,,,,,,0,,,,/4/","Karta graficzna AFOX Geforce GT 210 1GB DDR2 (AF210-1024D2LG2)","184 zł","https://images.morele.net/i256/6747499_4_i256.jpg","Karta graficzna AFOX Geforce GT 210 1GB DDR2 (AF210-1024D2LG2)","https://www.morele.net/karta-graficzna-afox-geforce-gt-210-1gb-ddr2-af210-1024d2lg2-6747499/","GeForce GT 210","Brak danych","Brak danych","Brak danych"
"1746605073-457","https://www.morele.net/kategoria/karty-graficzne-12/,,,,,,,,0,,,,/4/","Karta graficzna Sapphire Nitro+ Radeon RX 7700 XT 12GB GDDR6 (11335-02-20G)","2 099 zł","https://images.morele.net/i256/13122438_0_i256.jpg","Karta graficzna Sapphire Nitro+ Radeon RX 7700 XT 12GB GDDR6 (11335-02-20G)","https://www.morele.net/karta-graficzna-sapphire-nitro-radeon-rx-7700-xt-12gb-gddr6-11335-02-20g-13122438/","Radeon RX 7700 XT","320 mm","320 mm","2599 MHz"
"1746605075-458","https://www.morele.net/kategoria/karty-graficzne-12/,,,,,,,,0,,,,/4/","Karta graficzna PNY GeForce RTX 4060 XLR8 Gaming Verto Epic-X RGB OC 8GB GDDR6 (VCG40608TFXXPB1-O)","1 779,88 zł","https://images.morele.net/i256/13120685_0_i256.jpg","Karta graficzna PNY GeForce RTX 4060 XLR8 Gaming Verto Epic-X RGB OC 8GB GDDR6 (VCG40608TFXXPB1-O)","https://www.morele.net/karta-graficzna-pny-geforce-rtx-4060-xlr8-gaming-verto-epic-x-rgb-oc-8gb-gddr6-vcg40608tfxxpb1-o-13120685/","GeForce RTX 4060","260 mm","260 mm","2505 MHz"
"1746605078-459","https://www.morele.net/kategoria/karty-graficzne-12/,,,,,,,,0,,,,/4/","Karta graficzna Asus TUF GeForce GTX 1660 Ti Gaming Evo OC 6GB GDDR6 (TUF-GTX1660TI-O6G-EVO-GAMING)","1 500 zł","https://images.morele.net/i256/9289668_0_i256.jpg","Karta graficzna Asus TUF GeForce GTX 1660 Ti Gaming Evo OC 6GB GDDR6 (TUF-GTX1660TI-O6G-EVO-GAMING)","https://www.morele.net/karta-graficzna-asus-tuf-geforce-gtx-1660-ti-gaming-evo-oc-6gb-gddr6-tuf-gtx1660ti-o6g-evo-gaming-9289668/","GeForce GTX 1660 Ti","215 mm","215 mm","1830 MHz"
"1746605080-460","https://www.morele.net/kategoria/karty-graficzne-12/,,,,,,,,0,,,,/4/","Karta graficzna Zotac GeForce GT 1030 LP 2GB GDDR5 (ZT-P10300A-10L)","349,98 zł","https://images.morele.net/i256/1293090_0_i256.jpg","Karta graficzna Zotac GeForce GT 1030 LP 2GB GDDR5 (ZT-P10300A-10L)","https://www.morele.net/karta-graficzna-zotac-geforce-gt-1030-lp-2gb-gddr5-zt-p10300a-10l-1293090/","GeForce GT 1030","172 mm","172 mm","1468 MHz"
"1746605083-461","https://www.morele.net/kategoria/karty-graficzne-12/,,,,,,,,0,,,,/4/","Karta graficzna ASRock Radeon RX 7800 XT Steel Legend OC 16GB GDDR6 (RX7800XT SL 16GO)","2 387,13 zł","https://images.morele.net/i256/13095052_1_i256.jpg","Karta graficzna ASRock Radeon RX 7800 XT Steel Legend OC 16GB GDDR6 (RX7800XT SL 16GO)","https://www.morele.net/karta-graficzna-asrock-radeon-rx-7800-xt-steel-legend-oc-16gb-gddr6-rx7800xt-sl-16go-13095052/","Radeon RX 7800 XT","304 mm","304 mm","2520 MHz"
"1746605085-462","https://www.morele.net/kategoria/karty-graficzne-12/,,,,,,,,0,,,,/4/","Karta graficzna Biostar Radeon RX 560 Gaming OC 4GB GDDR5 (VA5615RF41-TBE1A-BS2)","497,28 zł","https://images.morele.net/i256/5946478_0_i256.jpg","Karta graficzna Biostar Radeon RX 560 Gaming OC 4GB GDDR5 (VA5615RF41-TBE1A-BS2)","https://www.morele.net/karta-graficzna-biostar-radeon-rx-560-gaming-oc-4gb-gddr5-va5615rf41-tbe1a-bs2-5946478/","Radeon RX 560","Brak danych","Brak danych","Brak danych"
"1746605088-463","https://www.morele.net/kategoria/karty-graficzne-12/,,,,,,,,0,,,,/4/","Karta graficzna Zotac GeForce GT 730 Zone 4GB DDR3 (ZT-71115-20L)","395,47 zł","https://images.morele.net/i256/800628_0_i256.jpeg","Karta graficzna Zotac GeForce GT 730 Zone 4GB DDR3 (ZT-71115-20L)","https://www.morele.net/karta-graficzna-zotac-geforce-gt-730-zone-4gb-ddr3-zt-71115-20l-800628/","GeForce GT 730","146 mm","146 mm","Nie dotyczy"
"1746605091-464","https://www.morele.net/kategoria/karty-graficzne-12/,,,,,,,,0,,,,/4/","Karta graficzna Biostar GeForce GT 1030 4GB DDR4 (VN1034TB46-TB1RA-BS2)","410,96 zł","https://images.morele.net/i256/7953789_0_i256.jpg","Karta graficzna Biostar GeForce GT 1030 4GB DDR4 (VN1034TB46-TB1RA-BS2)","https://www.morele.net/karta-graficzna-biostar-geforce-gt-1030-4gb-ddr4-vn1034tb46-tb1ra-bs2-7953789/","GeForce GT 1030","160 mm","160 mm","Brak danych"
"1746605093-465","https://www.morele.net/kategoria/karty-graficzne-12/,,,,,,,,0,,,,/4/","Karta graficzna XFX Radeon RX 7900 XTX Speedster MERC 310 Black Edition 24GB GDDR6 (RX-79XMERCB9)","4 174,76 zł","https://images.morele.net/i256/12456769_0_i256.jpg","Karta graficzna XFX Radeon RX 7900 XTX Speedster MERC 310 Black Edition 24GB GDDR6 (RX-79XMERCB9)","https://www.morele.net/karta-graficzna-xfx-radeon-rx-7900-xtx-speedster-merc-310-black-edition-24gb-gddr6-rx-79xmercb9-12456769/","Radeon RX 7900 XTX","344 mm","344 mm","2615 MHz"
"1746605096-466","https://www.morele.net/kategoria/karty-graficzne-12/,,,,,,,,0,,,,/4/","Karta graficzna Inno3D GeForce RTX 3060 Twin X2 12GB GDDR6 (N30602-12D6-119032AH)","1 556,75 zł","https://images.morele.net/i256/9289659_0_i256.jpg","Karta graficzna Inno3D GeForce RTX 3060 Twin X2 12GB GDDR6 (N30602-12D6-119032AH)","https://www.morele.net/karta-graficzna-inno3d-geforce-rtx-3060-twin-x2-12gb-gddr6-n30602-12d6-119032ah-9289659/","GeForce RTX 3060","240 mm","240 mm","1777 MHz"
"1746605098-467","https://www.morele.net/kategoria/karty-graficzne-12/,,,,,,,,0,,,,/4/","Karta graficzna ASRock Radeon RX 7900 XTX Phantom Gaming OC 24GB GDDR6 (RX7900XTX PG 24GO)","4 099,59 zł","https://images.morele.net/i256/12801361_4_i256.jpg","Karta graficzna ASRock Radeon RX 7900 XTX Phantom Gaming OC 24GB GDDR6 (RX7900XTX PG 24GO)","https://www.morele.net/karta-graficzna-asrock-radeon-rx-7900-xtx-phantom-gaming-oc-24gb-gddr6-rx7900xtx-pg-24go-12801361/","Radeon RX 7900 XTX","330 mm","330 mm","2615 MHz"
"1746605101-468","https://www.morele.net/kategoria/karty-graficzne-12/,,,,,,,,0,,,,/4/","Karta graficzna Asus TUF Gaming Radeon RX 7800 XT OC 16GB GDDR6 (TUF-RX7800XT-O16G-GAMING)","2 455,01 zł","https://images.morele.net/i256/13118393_15_i256.jpg","Karta graficzna Asus TUF Gaming Radeon RX 7800 XT OC 16GB GDDR6 (TUF-RX7800XT-O16G-GAMING)","https://www.morele.net/karta-graficzna-asus-tuf-gaming-radeon-rx-7800-xt-oc-16gb-gddr6-tuf-rx7800xt-o16g-gaming-13118393/","Radeon RX 7800 XT","320 mm","320 mm","2565 MHz"
"1746605104-469","https://www.morele.net/kategoria/karty-graficzne-12/,,,,,,,,0,,,,/4/","Karta graficzna Palit GeForce GT 710 2GB DDR3 (NEAT7100HD46H)","229 zł","https://images.morele.net/i256/852781_0_i256.jpeg","Karta graficzna Palit GeForce GT 710 2GB DDR3 (NEAT7100HD46H)","https://www.morele.net/karta-graficzna-palit-geforce-gt-710-2gb-ddr3-neat7100hd46h-852781/","GeForce GT 710","115 mm","115 mm","Nie dotyczy"
"1746605106-470","https://www.morele.net/kategoria/karty-graficzne-12/,,,,,,,,0,,,,/4/","Karta graficzna Asus TUF Gaming GeForce RTX 3070 Ti Gaming OC 8GB GDDR6X (TUF-RTX3070TI-O8G-GAMING)","3 499 zł","https://images.morele.net/i256/5948248_0_i256.jpg","Karta graficzna Asus TUF Gaming GeForce RTX 3070 Ti Gaming OC 8GB GDDR6X (TUF-RTX3070TI-O8G-GAMING)","https://www.morele.net/karta-graficzna-asus-tuf-gaming-geforce-rtx-3070-ti-gaming-oc-8gb-gddr6x-tuf-rtx3070ti-o8g-gaming-5948248/","GeForce RTX 3070 Ti","299 mm","299 mm","1815 MHz"
"1746605109-471","https://www.morele.net/kategoria/karty-graficzne-12/,,,,,,,,0,,,,/4/","Karta graficzna Sapphire Pulse Radeon RX 7800 XT 16GB GDDR6 (11330-02-20G)","2 249 zł","https://images.morele.net/i256/13095047_0_i256.jpg","Karta graficzna Sapphire Pulse Radeon RX 7800 XT 16GB GDDR6 (11330-02-20G)","https://www.morele.net/karta-graficzna-sapphire-pulse-radeon-rx-7800-xt-16gb-gddr6-11330-02-20g-13095047/","Radeon RX 7800 XT","280 mm","280 mm","2430 MHz"
"1746605112-472","https://www.morele.net/kategoria/karty-graficzne-12/,,,,,,,,0,,,,/4/","Karta graficzna Gigabyte GeForce RTX 3050 Eagle OC 8GB GDDR6 (GV-N3050EAGLE OC-8GD)","2 097 zł","https://images.morele.net/i256/9710305_0_i256.jpg","Karta graficzna Gigabyte GeForce RTX 3050 Eagle OC 8GB GDDR6 (GV-N3050EAGLE OC-8GD)","https://www.morele.net/karta-graficzna-gigabyte-geforce-rtx-3050-eagle-oc-8gb-gddr6-gv-n3050eagle-oc-8gd-9710305/","GeForce RTX 3050","214 mm","214 mm","1792 MHz"
"1746605114-473","https://www.morele.net/kategoria/karty-graficzne-12/,,,,,,,,0,,,,/4/","Karta graficzna XFX Radeon RX 6600 Speedster SWFT 210 Core Gaming 8GB GDDR6 (RX-66XL8LFDQ)","1 049,83 zł","https://images.morele.net/i256/5949667_5_i256.jpg","Karta graficzna XFX Radeon RX 6600 Speedster SWFT 210 Core Gaming 8GB GDDR6 (RX-66XL8LFDQ)","https://www.morele.net/karta-graficzna-xfx-radeon-rx-6600-speedster-swft-210-core-gaming-8gb-gddr6-rx-66xl8lfdq-5949667/","Radeon RX 6600","241 mm","241 mm","2491 MHz"
"1746605117-474","https://www.morele.net/kategoria/karty-graficzne-12/,,,,,,,,0,,,,/4/","Karta graficzna Palit GeForce RTX 4070 SUPER Dual 12GB GDDR6X (NED407S019K9-1043D)","","https://images.morele.net/i256/13167350_0_i256.jpg","Karta graficzna Palit GeForce RTX 4070 SUPER Dual 12GB GDDR6X (NED407S019K9-1043D)","https://www.morele.net/karta-graficzna-palit-geforce-rtx-4070-super-dual-12gb-gddr6x-ned407s019k9-1043d-13167350/","GeForce RTX 4070 Super","269 mm","269 mm","2475 MHz"
"1746605119-475","https://www.morele.net/kategoria/karty-graficzne-12/,,,,,,,,0,,,,/4/","Karta graficzna Sapphire Nitro+ Radeon RX 7900 XTX Vapor-X 24GB GDDR6 (11322-01-40G)","4 398,62 zł","https://images.morele.net/i256/12778756_1_i256.jpg","Karta graficzna Sapphire Nitro+ Radeon RX 7900 XTX Vapor-X 24GB GDDR6 (11322-01-40G)","https://www.morele.net/karta-graficzna-sapphire-nitro-radeon-rx-7900-xtx-vapor-x-24gb-gddr6-11322-01-40g-12778756/","Radeon RX 7900 XTX","320 mm","320 mm","2680 MHz"
"1746605122-476","https://www.morele.net/kategoria/karty-graficzne-12/,,,,,,,,0,,,,/4/","Karta graficzna Inno3D GeForce RTX 3060 Twin X2 OC 12GB GDDR6 LHR (N30602-12D6X-11902120H)","1 365,50 zł","https://images.morele.net/i256/5946320_0_i256.jpg","Karta graficzna Inno3D GeForce RTX 3060 Twin X2 OC 12GB GDDR6 LHR (N30602-12D6X-11902120H)","https://www.morele.net/karta-graficzna-inno3d-geforce-rtx-3060-twin-x2-oc-12gb-gddr6-lhr-n30602-12d6x-11902120h-5946320/","GeForce RTX 3060","240 mm","240 mm","1792 MHz"
"1746605125-477","https://www.morele.net/kategoria/karty-graficzne-12/,,,,,,,,0,,,,/4/","Karta graficzna Asus Dual GeForce RTX 2060 OC Evo 6GB GDDR6 (DUAL-RTX2060-O6G-EVO)","2 019 zł","https://images.morele.net/i256/6130161_9_i256.jpg","Karta graficzna Asus Dual GeForce RTX 2060 OC Evo 6GB GDDR6 (DUAL-RTX2060-O6G-EVO)","https://www.morele.net/karta-graficzna-asus-dual-geforce-rtx-2060-oc-evo-6gb-gddr6-dual-rtx2060-o6g-evo-6130161/","GeForce RTX 2060","242 mm","242 mm","1785 MHz"
"1746605127-478","https://www.morele.net/kategoria/karty-graficzne-12/,,,,,,,,0,,,,/4/","Karta graficzna Asus TUF Gaming GeForce RTX 3060 Ti Gaming OC V2 8GB GDDR6 (TUF-RTX3060TI-O8G-V2-GAMING)","2 999 zł","https://images.morele.net/i256/5948249_0_i256.jpg","Karta graficzna Asus TUF Gaming GeForce RTX 3060 Ti Gaming OC V2 8GB GDDR6 (TUF-RTX3060TI-O8G-V2-GAMING)","https://www.morele.net/karta-graficzna-asus-tuf-gaming-geforce-rtx-3060-ti-gaming-oc-v2-8gb-gddr6-tuf-rtx3060ti-o8g-v2-gaming-5948249/","GeForce RTX 3060 Ti","301 mm","301 mm","1785 MHz"
"1746605130-479","https://www.morele.net/kategoria/karty-graficzne-12/,,,,,,,,0,,,,/4/","Karta graficzna Power Color Radeon RX 6600 Fighter 8GB GDDR6 (AXRX 6600 8GBD6-3DH)","940,97 zł","https://images.morele.net/i256/5949666_0_i256.jpg","Karta graficzna Power Color Radeon RX 6600 Fighter 8GB GDDR6 (AXRX 6600 8GBD6-3DH)","https://www.morele.net/karta-graficzna-power-color-radeon-rx-6600-fighter-8gb-gddr6-axrx-6600-8gbd6-3dh-5949666/","Radeon RX 6600","200 mm","200 mm","2491 MHz"
"1746605132-480","https://www.morele.net/kategoria/karty-graficzne-12/,,,,,,,,0,,,,/4/","Karta graficzna Asus Dual GeForce RTX 3060 Gaming OC 12GB GDDR6 (DUAL-RTX3060-O12G-V2)","1 248,50 zł","https://images.morele.net/i256/5948085_0_i256.jpg","Karta graficzna Asus Dual GeForce RTX 3060 Gaming OC 12GB GDDR6 (DUAL-RTX3060-O12G-V2)","https://www.morele.net/karta-graficzna-asus-dual-geforce-rtx-3060-gaming-oc-12gb-gddr6-dual-rtx3060-o12g-v2-5948085/","GeForce RTX 3060","200 mm","200 mm","1867 MHz"
"1746605135-481","https://www.morele.net/kategoria/karty-graficzne-12/,,,,,,,,0,,,,/4/","Karta graficzna Asus Dual GeForce RTX 4060 EVO OC 8GB GDDR6 (DUAL-RTX4060-O8G-EVO)","1 493,99 zł","https://images.morele.net/i256/13180050_1_i256.jpg","Karta graficzna Asus Dual GeForce RTX 4060 EVO OC 8GB GDDR6 (DUAL-RTX4060-O8G-EVO)","https://www.morele.net/karta-graficzna-asus-dual-geforce-rtx-4060-evo-oc-8gb-gddr6-dual-rtx4060-o8g-evo-13180050/","","","",""
"1746605137-482","https://www.morele.net/kategoria/karty-graficzne-12/,,,,,,,,0,,,,/4/","Karta graficzna Sapphire Nitro+ Radeon RX 7800 XT 16GB GDDR6 (11330-01-20G)","2 378,57 zł","https://images.morele.net/i256/13095048_0_i256.jpg","Karta graficzna Sapphire Nitro+ Radeon RX 7800 XT 16GB GDDR6 (11330-01-20G)","https://www.morele.net/karta-graficzna-sapphire-nitro-radeon-rx-7800-xt-16gb-gddr6-11330-01-20g-13095048/","Radeon RX 7800 XT","320 mm","320 mm","2565 MHz"
"1746605140-483","https://www.morele.net/kategoria/karty-graficzne-12/,,,,,,,,0,,,,/4/","Karta graficzna Gigabyte GeForce RTX 3070 Gaming OC 8GB GDDR6 (GV-N3070GAMING OC-8GD)","","https://images.morele.net/i256/5944660_0_i256.jpg","Karta graficzna Gigabyte GeForce RTX 3070 Gaming OC 8GB GDDR6 (GV-N3070GAMING OC-8GD)","https://www.morele.net/karta-graficzna-gigabyte-geforce-rtx-3070-gaming-oc-8gb-gddr6-gv-n3070gaming-oc-8gd-5944660/","GeForce RTX 3070","286 mm","286 mm","1815 MHz"
"1746605153-484","https://www.morele.net/kategoria/karty-graficzne-12/,,,,,,,,0,,,,/3/","Karta graficzna ASRock Radeon RX 7900 XTX Creator 24GB GDDR6 (RX7900XTX CT 24G)","4 269 zł","https://images.morele.net/i256/13797778_0_i256.jpg","Karta graficzna ASRock Radeon RX 7900 XTX Creator 24GB GDDR6 (RX7900XTX CT 24G)","https://www.morele.net/karta-graficzna-asrock-radeon-rx-7900-xtx-creator-24gb-gddr6-rx7900xtx-ct-24g-13797778/","Radeon RX 7900 XTX","312 mm","312 mm","2500 MHz"
"1746605155-485","https://www.morele.net/kategoria/karty-graficzne-12/,,,,,,,,0,,,,/3/","Karta graficzna PNY RTX A2000 12GB GDDR6 (VCNRTXA2000-12GB-PB)","2 941,99 zł","https://images.morele.net/i256/10326722_0_i256.jpg","Karta graficzna PNY RTX A2000 12GB GDDR6 (VCNRTXA2000-12GB-PB)","https://www.morele.net/karta-graficzna-pny-rtx-a2000-12gb-gddr6-vcnrtxa2000-12gb-pb-10326722/","","","",""
"1746605158-486","https://www.morele.net/kategoria/karty-graficzne-12/,,,,,,,,0,,,,/3/","Karta graficzna Zotac Gaming GeForce RTX 4060 Solo 8GB GDDR6 (ZT-D40600G-10L)","1 497,57 zł","https://images.morele.net/i256/12960746_0_i256.jpg","Karta graficzna Zotac Gaming GeForce RTX 4060 Solo 8GB GDDR6 (ZT-D40600G-10L)","https://www.morele.net/karta-graficzna-zotac-gaming-geforce-rtx-4060-solo-8gb-gddr6-zt-d40600g-10l-12960746/","GeForce RTX 4060","163 mm","163 mm","2460 MHz"
"1746605161-487","https://www.morele.net/kategoria/karty-graficzne-12/,,,,,,,,0,,,,/3/","Karta graficzna Gigabyte GeForce RTX 4060 OC Low Profile 8GB GDDR6 (GV-N4060OC-8GL)","1 435,57 zł","https://images.morele.net/i256/13120232_0_i256.jpg","Karta graficzna Gigabyte GeForce RTX 4060 OC Low Profile 8GB GDDR6 (GV-N4060OC-8GL)","https://www.morele.net/karta-graficzna-gigabyte-geforce-rtx-4060-oc-low-profile-8gb-gddr6-gv-n4060oc-8gl-13120232/","GeForce RTX 4060","182 mm","182 mm","2475 MHz"
"1746605163-488","https://www.morele.net/kategoria/karty-graficzne-12/,,,,,,,,0,,,,/3/","Karta graficzna Sparkle Arc A380 Elf 6GB GDDR6 (SA380E-6G)","559,32 zł","https://images.morele.net/i256/13118012_0_i256.jpg","Karta graficzna Sparkle Arc A380 Elf 6GB GDDR6 (SA380E-6G)","https://www.morele.net/karta-graficzna-sparkle-arc-a380-elf-6gb-gddr6-sa380e-6g-13118012/","Arc A380","153 mm","153 mm","Nie dotyczy"
"1746605166-489","https://www.morele.net/kategoria/karty-graficzne-12/,,,,,,,,0,,,,/3/","Karta graficzna ASRock Radeon RX 550 Phantom Gaming 4GB GDDR5 (PHANTOM G R RX550 4G)","364,63 zł","https://images.morele.net/i256/13261590_5_i256.jpg","Karta graficzna ASRock Radeon RX 550 Phantom Gaming 4GB GDDR5 (PHANTOM G R RX550 4G)","https://www.morele.net/karta-graficzna-asrock-radeon-rx-550-phantom-gaming-4gb-gddr5-phantom-g-r-rx550-4g-13261590/","Radeon RX 550","170 mm","170 mm","1230 MHz"
"1746605168-490","https://www.morele.net/kategoria/karty-graficzne-12/,,,,,,,,0,,,,/3/","Karta graficzna AFOX GeForce GTX 750 Ti 2GB GDDR5 (AF750TI-2048D5H5-V8)","253,05 zł","https://images.morele.net/i256/6535581_0_i256.jpg","Karta graficzna AFOX GeForce GTX 750 Ti 2GB GDDR5 (AF750TI-2048D5H5-V8)","https://www.morele.net/karta-graficzna-afox-geforce-gtx-750-ti-2gb-gddr5-af750ti-2048d5h5-v8-6535581/","GeForce GTX 750 Ti","Brak danych","Brak danych","1085 MHz"
"1746605171-491","https://www.morele.net/kategoria/karty-graficzne-12/,,,,,,,,0,,,,/3/","Karta graficzna Asus GeForce GT 710 2GB GDDR5 EVO (GT710-SL-2GD5-BRK-EVO)","209 zł","https://images.morele.net/i256/13400605_3_i256.jpg","Karta graficzna Asus GeForce GT 710 2GB GDDR5 EVO (GT710-SL-2GD5-BRK-EVO)","https://www.morele.net/karta-graficzna-asus-geforce-gt-710-2gb-gddr5-evo-gt710-sl-2gd5-brk-evo-13400605/","GeForce GT 710","170 mm","170 mm","Nie dotyczy"
"1746605173-492","https://www.morele.net/kategoria/karty-graficzne-12/,,,,,,,,0,,,,/3/","Karta graficzna Gainward GeForce RTX 4070 Ghost 12GB GDDR6 (471056224-4724)","3 317,99 zł","https://images.morele.net/i256/14182449_0_i256.jpg","Karta graficzna Gainward GeForce RTX 4070 Ghost 12GB GDDR6 (471056224-4724)","https://www.morele.net/karta-graficzna-gainward-geforce-rtx-4070-ghost-12gb-gddr6-471056224-4724-14182449/","GeForce RTX 4070","269 mm","269 mm","2475 MHz"
"1746605176-493","https://www.morele.net/kategoria/karty-graficzne-12/,,,,,,,,0,,,,/3/","Karta graficzna Asus Dual GeForce RTX 3050 OC V2 8GB GDDR6 (DUAL-RTX3050-O8G-V2)","979 zł","https://images.morele.net/i256/12907657_1_i256.jpg","Karta graficzna Asus Dual GeForce RTX 3050 OC V2 8GB GDDR6 (DUAL-RTX3050-O8G-V2)","https://www.morele.net/karta-graficzna-asus-dual-geforce-rtx-3050-oc-v2-8gb-gddr6-dual-rtx3050-o8g-v2-12907657/","GeForce RTX 3050","200 mm","200 mm","1852 MHz"
"1746605179-494","https://www.morele.net/kategoria/karty-graficzne-12/,,,,,,,,0,,,,/3/","Karta graficzna AFOX GeForce GT 210 1GB DDR3 (AF210-1024D3L5)","148,85 zł","https://images.morele.net/i256/6513026_5_i256.jpg","Karta graficzna AFOX GeForce GT 210 1GB DDR3 (AF210-1024D3L5)","https://www.morele.net/karta-graficzna-afox-geforce-gt-210-1gb-ddr3-af210-1024d3l5-6513026/","GeForce GT 210","197 mm","197 mm","Nie dotyczy"
"1746605181-495","https://www.morele.net/kategoria/karty-graficzne-12/,,,,,,,,0,,,,/3/","Karta graficzna Asus Dual GeForce RTX 4060 Ti EVO OC 16GB GDDR6 (DUAL-RTX4060TI-O16G-EVO)","2 281,63 zł","https://images.morele.net/i256/13244419_2_i256.jpg","Karta graficzna Asus Dual GeForce RTX 4060 Ti EVO OC 16GB GDDR6 (DUAL-RTX4060TI-O16G-EVO)","https://www.morele.net/karta-graficzna-asus-dual-geforce-rtx-4060-ti-evo-oc-16gb-gddr6-dual-rtx4060ti-o16g-evo-13244419/","GeForce RTX 4060 Ti","227 mm","227 mm","2625 MHz"
"1746605184-496","https://www.morele.net/kategoria/karty-graficzne-12/,,,,,,,,0,,,,/3/","Karta graficzna Gigabyte GeForce RTX 4060 Ti Windforce OC 8GB GDDR6 (GV-N406TWF2OC-8GD)","1 884,79 zł","https://images.morele.net/i256/13113169_6_i256.jpg","Karta graficzna Gigabyte GeForce RTX 4060 Ti Windforce OC 8GB GDDR6 (GV-N406TWF2OC-8GD)","https://www.morele.net/karta-graficzna-gigabyte-geforce-rtx-4060-ti-windforce-oc-8gb-gddr6-gv-n406twf2oc-8gd-13113169/","GeForce RTX 4060 Ti","201 mm","201 mm","2550 MHz"
"1746605186-497","https://www.morele.net/kategoria/karty-graficzne-12/,,,,,,,,0,,,,/3/","Karta graficzna Zotac Gaming GeForce RTX 4060 Twin Edge OC 8GB GDDR6 (ZT-D40600H-10M)","1 673,60 zł","https://images.morele.net/i256/13123479_0_i256.jpg","Karta graficzna Zotac Gaming GeForce RTX 4060 Twin Edge OC 8GB GDDR6 (ZT-D40600H-10M)","https://www.morele.net/karta-graficzna-zotac-gaming-geforce-rtx-4060-twin-edge-oc-8gb-gddr6-zt-d40600h-10m-13123479/","","","",""
"1746605189-498","https://www.morele.net/kategoria/karty-graficzne-12/,,,,,,,,0,,,,/3/","Karta graficzna Asus Dual Radeon RX 7600 XT OC 16GB GDDR6 (DUAL-RX7600XT-O16G)","1 517,40 zł","https://images.morele.net/i256/13168876_0_i256.jpg","Karta graficzna Asus Dual Radeon RX 7600 XT OC 16GB GDDR6 (DUAL-RX7600XT-O16G)","https://www.morele.net/karta-graficzna-asus-dual-radeon-rx-7600-xt-oc-16gb-gddr6-dual-rx7600xt-o16g-13168876/","Radeon RX 7600 XT","227 mm","227 mm","2801 MHz"
"1746605191-499","https://www.morele.net/kategoria/karty-graficzne-12/,,,,,,,,0,,,,/3/","Karta graficzna PNY Quadro T400 4GB GDDR6 (VCNT400-4GB-PB)","989,42 zł","https://images.morele.net/i256/9856257_0_i256.jpg","Karta graficzna PNY Quadro T400 4GB GDDR6 (VCNT400-4GB-PB)","https://www.morele.net/karta-graficzna-pny-quadro-t400-4gb-gddr6-vcnt400-4gb-pb-9856257/","Quadro T400","156 mm","156 mm","1425 MHz"
"1746605194-500","https://www.morele.net/kategoria/karty-graficzne-12/,,,,,,,,0,,,,/3/","Karta graficzna Palit GeForce RTX 3050 KalmX 6GB GDDR6 (NE63050018JE-1070H)","889 zł","https://images.morele.net/i256/13173058_0_i256.jpg","Karta graficzna Palit GeForce RTX 3050 KalmX 6GB GDDR6 (NE63050018JE-1070H)","https://www.morele.net/karta-graficzna-palit-geforce-rtx-3050-kalmx-6gb-gddr6-ne63050018je-1070h-13173058/","GeForce RTX 3050","166 mm","166 mm","1492 MHz"
"1746605196-501","https://www.morele.net/kategoria/karty-graficzne-12/,,,,,,,,0,,,,/3/","Karta graficzna AFOX Radeon RX 5500 XT 8GB GDDR6 (AFRX5500XT-8GD6H7)","788,92 zł","https://images.morele.net/i256/9624378_1_i256.jpg","Karta graficzna AFOX Radeon RX 5500 XT 8GB GDDR6 (AFRX5500XT-8GD6H7)","https://www.morele.net/karta-graficzna-afox-radeon-rx-5500-xt-8gb-gddr6-afrx5500xt-8gd6h7-9624378/","Radeon RX 5500 XT","Brak danych","Brak danych","1845 MHz"
"1746605199-502","https://www.morele.net/kategoria/karty-graficzne-12/,,,,,,,,0,,,,/3/","Karta graficzna MSI GeForce GT 1030 4GHD4 LP OC 4GB DDR4","318,89 zł","https://images.morele.net/i256/13672987_0_i256.jpg","Karta graficzna MSI GeForce GT 1030 4GHD4 LP OC 4GB DDR4","https://www.morele.net/karta-graficzna-msi-geforce-gt-1030-4ghd4-lp-oc-4gb-ddr4-13672987/","GeForce GT 1030","150 mm","150 mm","1430 MHz"
"1746605202-503","https://www.morele.net/kategoria/karty-graficzne-12/,,,,,,,,0,,,,/3/","Karta graficzna Gigabyte GeForce RTX 4060 Ti Eagle OC Ice 8GB GDDR6 (GV-N406TEAGLEOC ICE-8GD)","2 139,94 zł","https://images.morele.net/i256/13178938_0_i256.jpg","Karta graficzna Gigabyte GeForce RTX 4060 Ti Eagle OC Ice 8GB GDDR6 (GV-N406TEAGLEOC ICE-8GD)","https://www.morele.net/karta-graficzna-gigabyte-geforce-rtx-4060-ti-eagle-oc-ice-8gb-gddr6-gv-n406teagleoc-ice-8gd-13178938/","GeForce RTX 4060 Ti","272 mm","272 mm","2550 MHz"
"1746605204-504","https://www.morele.net/kategoria/karty-graficzne-12/,,,,,,,,0,,,,/3/","Karta graficzna PNY Quadro T1000 8GB GDDR6 (VCNT1000-8GB-PB)","1 952,99 zł","https://images.morele.net/i256/9865541_0_i256.jpg","Karta graficzna PNY Quadro T1000 8GB GDDR6 (VCNT1000-8GB-PB)","https://www.morele.net/karta-graficzna-pny-quadro-t1000-8gb-gddr6-vcnt1000-8gb-pb-9865541/","","","",""
"1746605207-505","https://www.morele.net/kategoria/karty-graficzne-12/,,,,,,,,0,,,,/3/","Karta graficzna Palit GeForce RTX 3050 StormX 6GB GDDR6 (NE63050018JE-1070F)","769 zł","https://images.morele.net/i256/13173059_0_i256.jpg","Karta graficzna Palit GeForce RTX 3050 StormX 6GB GDDR6 (NE63050018JE-1070F)","https://www.morele.net/karta-graficzna-palit-geforce-rtx-3050-stormx-6gb-gddr6-ne63050018je-1070f-13173059/","GeForce RTX 3050","162 mm","162 mm","1470 MHz"
"1746605209-506","https://www.morele.net/kategoria/karty-graficzne-12/,,,,,,,,0,,,,/3/","Karta graficzna PNY RTX A2000 12GB GDDR6 (VCNRTXA2000-12GB-SB)","2 646,87 zł","https://images.morele.net/i256/9893280_0_i256.jpg","Karta graficzna PNY RTX A2000 12GB GDDR6 (VCNRTXA2000-12GB-SB)","https://www.morele.net/karta-graficzna-pny-rtx-a2000-12gb-gddr6-vcnrtxa2000-12gb-sb-9893280/","","","",""
"1746605212-507","https://www.morele.net/kategoria/karty-graficzne-12/,,,,,,,,0,,,,/3/","Karta graficzna Palit GeForce RTX 4060 Infinity 2 8GB GDDR6 (NE64060019P1-1070L)","1 339 zł","https://images.morele.net/i256/13224696_0_i256.jpg","Karta graficzna Palit GeForce RTX 4060 Infinity 2 8GB GDDR6 (NE64060019P1-1070L)","https://www.morele.net/karta-graficzna-palit-geforce-rtx-4060-infinity-2-8gb-gddr6-ne64060019p1-1070l-13224696/","GeForce RTX 4060","250 mm","250 mm","2460 MHz"
"1746605214-508","https://www.morele.net/kategoria/karty-graficzne-12/,,,,,,,,0,,,,/3/","Karta graficzna Gigabyte GeForce RTX 3060 Gaming OC 8GB GDDR6 (GV-N3060GAMING OC-8GD 2.0)","1 199 zł","https://images.morele.net/i256/13056910_0_i256.jpg","Karta graficzna Gigabyte GeForce RTX 3060 Gaming OC 8GB GDDR6 (GV-N3060GAMING OC-8GD 2.0)","https://www.morele.net/karta-graficzna-gigabyte-geforce-rtx-3060-gaming-oc-8gb-gddr6-gv-n3060gaming-oc-8gd-2-0-13056910/","GeForce RTX 3060","198 mm","198 mm","1807 MHz"
"1746605217-509","https://www.morele.net/kategoria/karty-graficzne-12/,,,,,,,,0,,,,/3/","Karta graficzna Biostar GeForce GT 730 4GB DDR3 (VN7313TH41-TBBRL-BS2)","298,80 zł","https://images.morele.net/i256/5946477_1_i256.jpg","Karta graficzna Biostar GeForce GT 730 4GB DDR3 (VN7313TH41-TBBRL-BS2)","https://www.morele.net/karta-graficzna-biostar-geforce-gt-730-4gb-ddr3-vn7313th41-tbbrl-bs2-5946477/","GeForce GT 730","Brak danych","Brak danych","Nie dotyczy"
"1746605219-510","https://www.morele.net/kategoria/karty-graficzne-12/,,,,,,,,0,,,,/3/","Karta graficzna ASRock Radeon RX 6600 Challenger White 8GB GDDR6 (RX6600 CLW 8G)","953,99 zł","https://images.morele.net/i256/13126220_0_i256.jpg","Karta graficzna ASRock Radeon RX 6600 Challenger White 8GB GDDR6 (RX6600 CLW 8G)","https://www.morele.net/karta-graficzna-asrock-radeon-rx-6600-challenger-white-8gb-gddr6-rx6600-clw-8g-13126220/","Radeon RX 6600","269 mm","269 mm","2491 MHz"
"1746605221-511","https://www.morele.net/kategoria/karty-graficzne-12/,,,,,,,,0,,,,/3/","Karta graficzna ASRock Radeon RX 7700 XT Steel Legend 12GB GDDR6 (RX7700XT SL 12GO)","2 018,96 zł","https://images.morele.net/i256/13095049_1_i256.jpg","Karta graficzna ASRock Radeon RX 7700 XT Steel Legend 12GB GDDR6 (RX7700XT SL 12GO)","https://www.morele.net/karta-graficzna-asrock-radeon-rx-7700-xt-steel-legend-12gb-gddr6-rx7700xt-sl-12go-13095049/","Radeon RX 7700 XT","304 mm","304 mm","2599 MHz"
"1746605224-512","https://www.morele.net/kategoria/karty-graficzne-12/,,,,,,,,0,,,,/3/","Karta graficzna ASRock Radeon RX 7600 Phantom Gaming OC 8GB GDDR6 (RX7600 PG 8GO)","1 493,60 zł","https://images.morele.net/i256/12899795_0_i256.jpg","Karta graficzna ASRock Radeon RX 7600 Phantom Gaming OC 8GB GDDR6 (RX7600 PG 8GO)","https://www.morele.net/karta-graficzna-asrock-radeon-rx-7600-phantom-gaming-oc-8gb-gddr6-rx7600-pg-8go-12899795/","Radeon RX 7600","305 mm","305 mm","2775 MHz"
"1746605227-513","https://www.morele.net/kategoria/karty-graficzne-12/,,,,,,,,0,,,,/3/","Karta graficzna Gigabyte GeForce RTX 4060 Eagle OC Ice 8GB GDDR6 (GV-N4060EAGLEOC ICE-8GD)","1 448,02 zł","https://images.morele.net/i256/13178937_0_i256.jpg","Karta graficzna Gigabyte GeForce RTX 4060 Eagle OC Ice 8GB GDDR6 (GV-N4060EAGLEOC ICE-8GD)","https://www.morele.net/karta-graficzna-gigabyte-geforce-rtx-4060-eagle-oc-ice-8gb-gddr6-gv-n4060eagleoc-ice-8gd-13178937/","","","",""
"1746605237-514","https://www.morele.net/kategoria/karty-graficzne-12/,,,,,,,,0,,,,/2/","Karta graficzna ASRock Arc A770 Phantom Gaming OC 16GB GDDR6 (A770 PG 16GO)","1 466,35 zł","https://images.morele.net/i256/13120076_0_i256.jpg","Karta graficzna ASRock Arc A770 Phantom Gaming OC 16GB GDDR6 (A770 PG 16GO)","https://www.morele.net/karta-graficzna-asrock-arc-a770-phantom-gaming-oc-16gb-gddr6-a770-pg-16go-13120076/","Arc A770","305 mm","305 mm","2400 MHz"
"1746605240-515","https://www.morele.net/kategoria/karty-graficzne-12/,,,,,,,,0,,,,/2/","Karta graficzna XFX Speedster QICK 319 Radeon RX 7700 XT Black Edition 12GB GDDR6 (RX-77TQICKB9)","1 867 zł","https://images.morele.net/i256/13118009_0_i256.jpg","Karta graficzna XFX Speedster QICK 319 Radeon RX 7700 XT Black Edition 12GB GDDR6 (RX-77TQICKB9)","https://www.morele.net/karta-graficzna-xfx-speedster-qick-319-radeon-rx-7700-xt-black-edition-12gb-gddr6-rx-77tqickb9-13118009/","Radeon RX 7700 XT","335 mm","335 mm","2599 MHz"
"1746605242-516","https://www.morele.net/kategoria/karty-graficzne-12/,,,,,,,,0,,,,/2/","Karta graficzna ASRock Radeon RX 6500 XT Phantom Gaming D OC 4GB GDDR6 (RX6500XT PGD 4GO)","672,70 zł","https://images.morele.net/i256/9858876_0_i256.jpg","Karta graficzna ASRock Radeon RX 6500 XT Phantom Gaming D OC 4GB GDDR6 (RX6500XT PGD 4GO)","https://www.morele.net/karta-graficzna-asrock-radeon-rx-6500-xt-phantom-gaming-d-oc-4gb-gddr6-rx6500xt-pgd-4go-9858876/","Radeon RX 6500 XT","240 mm","240 mm","Brak danych"
"1746605245-517","https://www.morele.net/kategoria/karty-graficzne-12/,,,,,,,,0,,,,/2/","Karta graficzna PNY GeForce RTX 4080 SUPER Verto OC 16GB GDDR6X (VCG4080S16TFXPB1-O)","","https://images.morele.net/i256/13168097_10_i256.jpg","Karta graficzna PNY GeForce RTX 4080 SUPER Verto OC 16GB GDDR6X (VCG4080S16TFXPB1-O)","https://www.morele.net/karta-graficzna-pny-geforce-rtx-4080-super-verto-oc-16gb-gddr6x-vcg4080s16tfxpb1-o-13168097/","GeForce RTX 4080 Super","340 mm","340 mm","2565 MHz"
"1746605247-518","https://www.morele.net/kategoria/karty-graficzne-12/,,,,,,,,0,,,,/2/","Karta graficzna Sapphire Pulse Radeon RX 6400 Gaming 4GB GDDR6 (11315-01-20G)","539 zł","https://images.morele.net/i256/10255163_5_i256.jpg","Karta graficzna Sapphire Pulse Radeon RX 6400 Gaming 4GB GDDR6 (11315-01-20G)","https://www.morele.net/karta-graficzna-sapphire-pulse-radeon-rx-6400-gaming-4gb-gddr6-11315-01-20g-10255163/","Radeon RX 6400","170 mm","170 mm","2321 MHz"
"1746605250-519","https://www.morele.net/kategoria/karty-graficzne-12/,,,,,,,,0,,,,/2/","Karta graficzna Asus GeForce GT 730 2GB GDDR5 (GT730-4H-SL-2GD5)","336,66 zł","https://images.morele.net/i256/9387600_0_i256.jpg","Karta graficzna Asus GeForce GT 730 2GB GDDR5 (GT730-4H-SL-2GD5)","https://www.morele.net/karta-graficzna-asus-geforce-gt-730-2gb-gddr5-gt730-4h-sl-2gd5-9387600/","GeForce GT 730","148 mm","148 mm","Nie dotyczy"
"1746605252-520","https://www.morele.net/kategoria/karty-graficzne-12/,,,,,,,,0,,,,/2/","Karta graficzna Asus Dual GeForce RTX 4060 Ti EVO OC 8GB GDDR6 (DUAL-RTX4060TI-O8G-EVO)","1 938,98 zł","https://images.morele.net/i256/13178666_0_i256.jpg","Karta graficzna Asus Dual GeForce RTX 4060 Ti EVO OC 8GB GDDR6 (DUAL-RTX4060TI-O8G-EVO)","https://www.morele.net/karta-graficzna-asus-dual-geforce-rtx-4060-ti-evo-oc-8gb-gddr6-dual-rtx4060ti-o8g-evo-13178666/","GeForce RTX 4060 Ti","227 mm","227 mm","2595 MHz"
"1746605255-521","https://www.morele.net/kategoria/karty-graficzne-12/,,,,,,,,0,,,,/2/","Karta graficzna Asus Dual Radeon RX 7600 OC V2 8GB GDDR6 (DUAL-RX7600-O8G-V2)","1 590,99 zł","https://images.morele.net/i256/13035467_12_i256.jpg","Karta graficzna Asus Dual Radeon RX 7600 OC V2 8GB GDDR6 (DUAL-RX7600-O8G-V2)","https://www.morele.net/karta-graficzna-asus-dual-radeon-rx-7600-oc-v2-8gb-gddr6-dual-rx7600-o8g-v2-13035467/","Radeon RX 7600","205 mm","205 mm","2715 MHz"
"1746605258-522","https://www.morele.net/kategoria/karty-graficzne-12/,,,,,,,,0,,,,/2/","Karta graficzna ASRock Radeon RX 7600 Steel Legend 8GB OC (RX7600 SL 8GO)","1 379 zł","https://images.morele.net/i256/13092301_5_i256.jpg","Karta graficzna ASRock Radeon RX 7600 Steel Legend 8GB OC (RX7600 SL 8GO)","https://www.morele.net/karta-graficzna-asrock-radeon-rx-7600-steel-legend-8gb-oc-rx7600-sl-8go-13092301/","Radeon RX 7600","303 mm","303 mm","2725 MHz"
"1746605260-523","https://www.morele.net/kategoria/karty-graficzne-12/,,,,,,,,0,,,,/2/","Karta graficzna Asus Dual Radeon RX 7800 XT OC 16GB GDDR6 (DUAL-RX7800XT-O16G)","2 266,98 zł","https://images.morele.net/i256/13169803_13_i256.jpg","Karta graficzna Asus Dual Radeon RX 7800 XT OC 16GB GDDR6 (DUAL-RX7800XT-O16G)","https://www.morele.net/karta-graficzna-asus-dual-radeon-rx-7800-xt-oc-16gb-gddr6-dual-rx7800xt-o16g-13169803/","Radeon RX 7800 XT","280 mm","280 mm","2520 MHz"
"1746605262-524","https://www.morele.net/kategoria/karty-graficzne-12/,,,,,,,,0,,,,/2/","Karta graficzna XFX Radeon RX 7900 XT Speedster MERC 310 20GB GDDR6 (RX-79TMERCU9)","2 989 zł","https://images.morele.net/i256/12456771_5_i256.jpg","Karta graficzna XFX Radeon RX 7900 XT Speedster MERC 310 20GB GDDR6 (RX-79TMERCU9)","https://www.morele.net/karta-graficzna-xfx-radeon-rx-7900-xt-speedster-merc-310-20gb-gddr6-rx-79tmercu9-12456771/","Radeon RX 7900 XT","344 mm","344 mm","2535 MHz"
"1746605266-525","https://www.morele.net/kategoria/karty-graficzne-12/,,,,,,,,0,,,,/2/","Karta graficzna Asus ProArt GeForce RTX 4060 OC 8GB GDDR6 (PROART-RTX4060-O8G)","1 968,15 zł","https://images.morele.net/i256/13114724_13_i256.jpg","Karta graficzna Asus ProArt GeForce RTX 4060 OC 8GB GDDR6 (PROART-RTX4060-O8G)","https://www.morele.net/karta-graficzna-asus-proart-geforce-rtx-4060-oc-8gb-gddr6-proart-rtx4060-o8g-13114724/","GeForce RTX 4060","300 mm","300 mm","2580 MHz"
"1746605268-526","https://www.morele.net/kategoria/karty-graficzne-12/,,,,,,,,0,,,,/2/","Karta graficzna ASRock Radeon RX 7700 XT Challenger OC 12GB GDDR6 (RX7700XT CL 12GO)","1 943,24 zł","https://images.morele.net/i256/13095055_1_i256.jpg","Karta graficzna ASRock Radeon RX 7700 XT Challenger OC 12GB GDDR6 (RX7700XT CL 12GO)","https://www.morele.net/karta-graficzna-asrock-radeon-rx-7700-xt-challenger-oc-12gb-gddr6-rx7700xt-cl-12go-13095055/","Radeon RX 7700 XT","266 mm","266 mm","2584 MHz"
"1746605271-527","https://www.morele.net/kategoria/karty-graficzne-12/,,,,,,,,0,,,,/2/","Karta graficzna MSI GeForce RTX 3050 Ventus 2X OC 6GB GDDR6","809 zł","https://images.morele.net/i256/13173192_0_i256.jpg","Karta graficzna MSI GeForce RTX 3050 Ventus 2X OC 6GB GDDR6","https://www.morele.net/karta-graficzna-msi-geforce-rtx-3050-ventus-2x-oc-6gb-gddr6-13173192/","GeForce RTX 3050","174 mm","174 mm","1492 MHz"
"1746605273-528","https://www.morele.net/kategoria/karty-graficzne-12/,,,,,,,,0,,,,/2/","Karta graficzna MSI GeForce GT 1030 2GHD4 LP OC 2GB DDR4 (GT 1030 2GHD4 LP OC)","647,82 zł","https://images.morele.net/i256/4163918_4_i256.jpg","Karta graficzna MSI GeForce GT 1030 2GHD4 LP OC 2GB DDR4 (GT 1030 2GHD4 LP OC)","https://www.morele.net/karta-graficzna-msi-geforce-gt-1030-2ghd4-lp-oc-2gb-ddr4-gt-1030-2ghd4-lp-oc-4163918/","GeForce GT 1030","150 mm","150 mm","1430 MHz"
"1746605276-529","https://www.morele.net/kategoria/karty-graficzne-12/,,,,,,,,0,,,,/2/","Karta graficzna XFX Speedster QICK 319 Radeon RX 7800 XT Core 16GB GDDR6 (RX-78TQICKF9)","2 199 zł","https://images.morele.net/i256/13118423_6_i256.jpg","Karta graficzna XFX Speedster QICK 319 Radeon RX 7800 XT Core 16GB GDDR6 (RX-78TQICKF9)","https://www.morele.net/karta-graficzna-xfx-speedster-qick-319-radeon-rx-7800-xt-core-16gb-gddr6-rx-78tqickf9-13118423/","Radeon RX 7800 XT","335 mm","335 mm","2430 MHz"
"1746605278-530","https://www.morele.net/kategoria/karty-graficzne-12/,,,,,,,,0,,,,/2/","Karta graficzna PNY GeForce RTX 4070 SUPER XLR8 Gaming Verto Epic-X RGB OC 12GB GDDR6X (VCG4070S12TFXXPB1-O)","3 226,94 zł","https://images.morele.net/i256/13168100_10_i256.jpg","Karta graficzna PNY GeForce RTX 4070 SUPER XLR8 Gaming Verto Epic-X RGB OC 12GB GDDR6X (VCG4070S12TFXXPB1-O)","https://www.morele.net/karta-graficzna-pny-geforce-rtx-4070-super-xlr8-gaming-verto-epic-x-rgb-oc-12gb-gddr6x-vcg4070s12tfxxpb1-o-13168100/","GeForce RTX 4070 Super","305 mm","305 mm","2505 MHz"
"1746605281-531","https://www.morele.net/kategoria/karty-graficzne-12/,,,,,,,,0,,,,/2/","Karta graficzna Asus GeForce GT 1030 2GB GDDR5 (GT1030-SL-2G-BRK)","373,03 zł","https://images.morele.net/i256/1288387_0_i256.jpg","Karta graficzna Asus GeForce GT 1030 2GB GDDR5 (GT1030-SL-2G-BRK)","https://www.morele.net/karta-graficzna-asus-geforce-gt-1030-2gb-gddr5-gt1030-sl-2g-brk-1288387/","GeForce GT 1030","173 mm","173 mm","1506 MHz"
"1746605284-532","https://www.morele.net/kategoria/karty-graficzne-12/,,,,,,,,0,,,,/2/","Karta graficzna Gigabyte GeForce RTX 4060 Aero OC 8GB GDDR6 (GV-N4060AERO OC-8GD)","1 578,84 zł","https://images.morele.net/i256/12960741_0_i256.jpg","Karta graficzna Gigabyte GeForce RTX 4060 Aero OC 8GB GDDR6 (GV-N4060AERO OC-8GD)","https://www.morele.net/karta-graficzna-gigabyte-geforce-rtx-4060-aero-oc-8gb-gddr6-gv-n4060aero-oc-8gd-12960741/","GeForce RTX 4060","281 mm","281 mm","2550 MHz"
"1746605286-533","https://www.morele.net/kategoria/karty-graficzne-12/,,,,,,,,0,,,,/2/","Karta graficzna Sapphire Nitro+ Radeon RX 7900 XT Vapor-X 20GB GDDR6 (11323-01-40G)","3 565,08 zł","https://images.morele.net/i256/12801363_5_i256.jpg","Karta graficzna Sapphire Nitro+ Radeon RX 7900 XT Vapor-X 20GB GDDR6 (11323-01-40G)","https://www.morele.net/karta-graficzna-sapphire-nitro-radeon-rx-7900-xt-vapor-x-20gb-gddr6-11323-01-40g-12801363/","Radeon RX 7900 XT","320 mm","320 mm","2560 MHz"
"1746605289-534","https://www.morele.net/kategoria/karty-graficzne-12/,,,,,,,,0,,,,/2/","Karta graficzna Asus GeForce GT 1030 Low Profile 2GB GDDR5 (GT1030-2G-BRK)","519 zł","https://images.morele.net/i256/1699238_0_i256.jpg","Karta graficzna Asus GeForce GT 1030 Low Profile 2GB GDDR5 (GT1030-2G-BRK)","https://www.morele.net/karta-graficzna-asus-geforce-gt-1030-low-profile-2gb-gddr5-gt1030-2g-brk-1699238/","GeForce GT 1030","169 mm","169 mm","1506 MHz"
"1746605291-535","https://www.morele.net/kategoria/karty-graficzne-12/,,,,,,,,0,,,,/2/","Karta graficzna Gigabyte GeForce GT 710 2GB GDDR5 (GV-N710D5-2GL)","214,91 zł","https://images.morele.net/i256/1415438_0_i256.jpg","Karta graficzna Gigabyte GeForce GT 710 2GB GDDR5 (GV-N710D5-2GL)","https://www.morele.net/karta-graficzna-gigabyte-geforce-gt-710-2gb-gddr5-gv-n710d5-2gl-1415438/","GeForce GT 710","151 mm","151 mm","Nie dotyczy"
"1746605294-536","https://www.morele.net/kategoria/karty-graficzne-12/,,,,,,,,0,,,,/2/","Karta graficzna Sapphire Pure Radeon RX 7800 XT 16GB GDDR6 (11330-03-20G)","2 339,94 zł","https://images.morele.net/i256/13117802_0_i256.jpg","Karta graficzna Sapphire Pure Radeon RX 7800 XT 16GB GDDR6 (11330-03-20G)","https://www.morele.net/karta-graficzna-sapphire-pure-radeon-rx-7800-xt-16gb-gddr6-11330-03-20g-13117802/","Radeon RX 7800 XT","320 mm","320 mm","2475 MHz"
"1746605296-537","https://www.morele.net/kategoria/karty-graficzne-12/,,,,,,,,0,,,,/2/","Karta graficzna Gigabyte Radeon RX 7600 XT Gaming OC 16GB GDDR6 (GV-R76XTGAMING OC-16GD)","1 465 zł","https://images.morele.net/i256/13168875_0_i256.jpg","Karta graficzna Gigabyte Radeon RX 7600 XT Gaming OC 16GB GDDR6 (GV-R76XTGAMING OC-16GD)","https://www.morele.net/karta-graficzna-gigabyte-radeon-rx-7600-xt-gaming-oc-16gb-gddr6-gv-r76xtgaming-oc-16gd-13168875/","Radeon RX 7600 XT","281 mm","281 mm","2810 MHz"
"1746605299-538","https://www.morele.net/kategoria/karty-graficzne-12/,,,,,,,,0,,,,/2/","Karta graficzna Sapphire Pulse Radeon RX 7900 XT 20GB GDDR6 (11323-02-20G)","3 478,12 zł","https://images.morele.net/i256/12629057_1_i256.jpg","Karta graficzna Sapphire Pulse Radeon RX 7900 XT 20GB GDDR6 (11323-02-20G)","https://www.morele.net/karta-graficzna-sapphire-pulse-radeon-rx-7900-xt-20gb-gddr6-11323-02-20g-12629057/","Radeon RX 7900 XT","313 mm","313 mm","2450 MHz"
"1746605301-539","https://www.morele.net/kategoria/karty-graficzne-12/,,,,,,,,0,,,,/2/","Karta graficzna Gigabyte GeForce RTX 4070 SUPER Gaming OC 12GB GDDR6X (GV-N407SGAMING OC-12GD)","","https://images.morele.net/i256/13166603_0_i256.jpg","Karta graficzna Gigabyte GeForce RTX 4070 SUPER Gaming OC 12GB GDDR6X (GV-N407SGAMING OC-12GD)","https://www.morele.net/karta-graficzna-gigabyte-geforce-rtx-4070-super-gaming-oc-12gb-gddr6x-gv-n407sgaming-oc-12gd-13166603/","GeForce RTX 4070 Super","300 mm","300 mm","2595 MHz"
"1746605304-540","https://www.morele.net/kategoria/karty-graficzne-12/,,,,,,,,0,,,,/2/","Karta graficzna MSI GeForce GT 710 Low Profile 2GB DDR3","176,94 zł","https://images.morele.net/i256/853058_4_i256.jpg","Karta graficzna MSI GeForce GT 710 Low Profile 2GB DDR3","https://www.morele.net/karta-graficzna-msi-geforce-gt-710-low-profile-2gb-ddr3-853058/","GeForce GT 710","146 mm","146 mm","Nie dotyczy"
"1746605307-541","https://www.morele.net/kategoria/karty-graficzne-12/,,,,,,,,0,,,,/2/","Karta graficzna Gigabyte GeForce RTX­­ 4060 Gaming OC 8GB GDDR6 (GV-N4060GAMING OC-8GD)","1 437,29 zł","https://images.morele.net/i256/12960744_0_i256.jpg","Karta graficzna Gigabyte GeForce RTX­­ 4060 Gaming OC 8GB GDDR6 (GV-N4060GAMING OC-8GD)","https://www.morele.net/karta-graficzna-gigabyte-geforce-rtx-4060-gaming-oc-8gb-gddr6-gv-n4060gaming-oc-8gd-12960744/","GeForce RTX 4060","281 mm","281 mm","2550 MHz"
"1746605309-542","https://www.morele.net/kategoria/karty-graficzne-12/,,,,,,,,0,,,,/2/","Karta graficzna Sapphire Pulse Radeon RX 7700 XT 12GB GDDR6 (11335-04-20G)","1 785,69 zł","https://images.morele.net/i256/13095058_0_i256.jpg","Karta graficzna Sapphire Pulse Radeon RX 7700 XT 12GB GDDR6 (11335-04-20G)","https://www.morele.net/karta-graficzna-sapphire-pulse-radeon-rx-7700-xt-12gb-gddr6-11335-04-20g-13095058/","Radeon RX 7700 XT","280 mm","280 mm","2544 MHz"
"1746605312-543","https://www.morele.net/kategoria/karty-graficzne-12/,,,,,,,,0,,,,/2/","Karta graficzna Gigabyte Radeon RX 7600 Gaming OC 8GB GDDR6 (GV-R76GAMING OC-8GD)","1 109 zł","https://images.morele.net/i256/12899799_1_i256.jpg","Karta graficzna Gigabyte Radeon RX 7600 Gaming OC 8GB GDDR6 (GV-R76GAMING OC-8GD)","https://www.morele.net/karta-graficzna-gigabyte-radeon-rx-7600-gaming-oc-8gb-gddr6-gv-r76gaming-oc-8gd-12899799/","Radeon RX 7600","282 mm","282 mm","2755 MHz"
"1746605322-544","https://www.morele.net/kategoria/karty-graficzne-12/","Karta graficzna Sapphire Pulse Radeon RX 7600 Gaming OC 8GB GDDR6 (11324-01-20G)","1 128,72 zł","https://images.morele.net/i256/12899797_0_i256.jpg","Karta graficzna Sapphire Pulse Radeon RX 7600 Gaming OC 8GB GDDR6 (11324-01-20G)","https://www.morele.net/karta-graficzna-sapphire-pulse-radeon-rx-7600-gaming-oc-8gb-gddr6-11324-01-20g-12899797/","Radeon RX 7600","240 mm","240 mm","2755 MHz"
"1746605325-545","https://www.morele.net/kategoria/karty-graficzne-12/","Karta graficzna Gigabyte GeForce RTX 4060 Windforce OC 8GB GDDR6 (GV-N4060WF2OC-8GD)","1 408,46 zł","https://images.morele.net/i256/12960743_0_i256.jpg","Karta graficzna Gigabyte GeForce RTX 4060 Windforce OC 8GB GDDR6 (GV-N4060WF2OC-8GD)","https://www.morele.net/karta-graficzna-gigabyte-geforce-rtx-4060-windforce-oc-8gb-gddr6-gv-n4060wf2oc-8gd-12960743/","GeForce RTX 4060","192 mm","192 mm","2475 MHz"
"1746605328-546","https://www.morele.net/kategoria/karty-graficzne-12/","Karta graficzna Gigabyte Radeon RX 7800 XT Gaming OC 16GB GDDR6 (GV-R78XTGAMING OC-16GD)","2 835 zł","https://images.morele.net/i256/13095158_8_i256.jpg","Karta graficzna Gigabyte Radeon RX 7800 XT Gaming OC 16GB GDDR6 (GV-R78XTGAMING OC-16GD)","https://www.morele.net/karta-graficzna-gigabyte-radeon-rx-7800-xt-gaming-oc-16gb-gddr6-gv-r78xtgaming-oc-16gd-13095158/","Radeon RX 7800 XT","302 mm","302 mm","2565 MHz"
"1746605330-547","https://www.morele.net/kategoria/karty-graficzne-12/","Karta graficzna Gigabyte GeForce RTX 4060 Eagle OC 8GB GDDR6 (GV-N4060EAGLE OC-8GD)","1 428,99 zł","https://images.morele.net/i256/12960745_0_i256.jpg","Karta graficzna Gigabyte GeForce RTX 4060 Eagle OC 8GB GDDR6 (GV-N4060EAGLE OC-8GD)","https://www.morele.net/karta-graficzna-gigabyte-geforce-rtx-4060-eagle-oc-8gb-gddr6-gv-n4060eagle-oc-8gd-12960745/","","","",""
"1746605333-548","https://www.morele.net/kategoria/karty-graficzne-12/","Karta graficzna Gigabyte GeForce RTX 3060 Gaming OC 12G (GV-N3060GAMING OC-12GD 2.0)","1 267 zł","https://images.morele.net/i256/5948081_0_i256.jpg","Karta graficzna Gigabyte GeForce RTX 3060 Gaming OC 12G (GV-N3060GAMING OC-12GD 2.0)","https://www.morele.net/karta-graficzna-gigabyte-geforce-rtx-3060-gaming-oc-12g-gv-n3060gaming-oc-12gd-2-0-5948081/","GeForce RTX 3060","282 mm","282 mm","1837 MHz"
"1746605336-549","https://www.morele.net/kategoria/karty-graficzne-12/","Karta graficzna MSI GeForce RTX 5090 Suprim SOC 32GB GDDR7","13 913 zł","https://images.morele.net/i256/14472089_6_i256.jpg","Karta graficzna MSI GeForce RTX 5090 Suprim SOC 32GB GDDR7","https://www.morele.net/karta-graficzna-msi-geforce-rtx-5090-suprim-soc-32gb-gddr7-14472089/","GeForce RTX 5090","359 mm","359 mm","2580 MHz"
"1746605338-550","https://www.morele.net/kategoria/karty-graficzne-12/","Karta graficzna MSI GeForce RTX 5060 Ti Ventus 2X OC Plus 16GB GDDR7 DLSS4","1 999 zł","https://images.morele.net/i256/14848093_0_i256.jpg","Karta graficzna MSI GeForce RTX 5060 Ti Ventus 2X OC Plus 16GB GDDR7 DLSS4","https://www.morele.net/karta-graficzna-msi-geforce-rtx-5060-ti-ventus-2x-oc-plus-16gb-gddr7-dlss4-14848093/","GeForce RTX 5060 Ti","227 mm","227 mm","2617 MHz"
"1746605341-551","https://www.morele.net/kategoria/karty-graficzne-12/","Karta graficzna MSI GeForce RTX 5090 Suprim Liquid SOC 32GB GDDR7","16 999 zł","https://images.morele.net/i256/14472063_5_i256.jpg","Karta graficzna MSI GeForce RTX 5090 Suprim Liquid SOC 32GB GDDR7","https://www.morele.net/karta-graficzna-msi-geforce-rtx-5090-suprim-liquid-soc-32gb-gddr7-14472063/","GeForce RTX 5090","280 mm","280 mm","2580 MHz"
"1746605343-552","https://www.morele.net/kategoria/karty-graficzne-12/","Karta graficzna MSI GeForce RTX 5090 Ventus 3X OC 32GB GDDR7","14 360,13 zł","https://images.morele.net/i256/14471822_1_i256.jpg","Karta graficzna MSI GeForce RTX 5090 Ventus 3X OC 32GB GDDR7","https://www.morele.net/karta-graficzna-msi-geforce-rtx-5090-ventus-3x-oc-32gb-gddr7-14471822/","GeForce RTX 5090","325 mm","325 mm","2452 MHz"
"1746605346-553","https://www.morele.net/kategoria/karty-graficzne-12/","Karta graficzna MSI GeForce RTX 5080 Ventus 3X OC 16GB GDDR7 DLSS4","6 858,98 zł","https://images.morele.net/i256/14523944_0_i256.jpg","Karta graficzna MSI GeForce RTX 5080 Ventus 3X OC 16GB GDDR7 DLSS4","https://www.morele.net/karta-graficzna-msi-geforce-rtx-5080-ventus-3x-oc-16gb-gddr7-dlss4-14523944/","GeForce RTX 5080","303 mm","303 mm","2655 MHz"
"1746605349-554","https://www.morele.net/kategoria/karty-graficzne-12/","Karta graficzna MSI GeForce RTX 5080 Ventus 3X OC Plus 16GB GDDR7 DLSS4","5 587 zł","https://images.morele.net/i256/14458152_4_i256.jpg","Karta graficzna MSI GeForce RTX 5080 Ventus 3X OC Plus 16GB GDDR7 DLSS4","https://www.morele.net/karta-graficzna-msi-geforce-rtx-5080-ventus-3x-oc-plus-16gb-gddr7-dlss4-14458152/","GeForce RTX 5080","303 mm","303 mm","2655 MHz"
"1746605351-555","https://www.morele.net/kategoria/karty-graficzne-12/","Karta graficzna MSI GeForce RTX 5070 Ventus 2X OC White 12GB GDDR7","3 199 zł","https://images.morele.net/i256/14481992_2_i256.jpg","Karta graficzna MSI GeForce RTX 5070 Ventus 2X OC White 12GB GDDR7","https://www.morele.net/karta-graficzna-msi-geforce-rtx-5070-ventus-2x-oc-white-12gb-gddr7-14481992/","GeForce RTX 5070","Brak danych","Brak danych","2557 MHz"
"1746605354-556","https://www.morele.net/kategoria/karty-graficzne-12/","Karta graficzna MSI GeForce RTX 3050 Ventus 2X E OC 6GB GDDR6","789 zł","https://images.morele.net/i256/14214021_0_i256.jpg","Karta graficzna MSI GeForce RTX 3050 Ventus 2X E OC 6GB GDDR6","https://www.morele.net/karta-graficzna-msi-geforce-rtx-3050-ventus-2x-e-oc-6gb-gddr6-14214021/","GeForce RTX 3050","174 mm","174 mm","1492 MHz"
"1746605356-557","https://www.morele.net/kategoria/karty-graficzne-12/","Karta graficzna MSI GeForce RTX 4080 SUPER Ventus 3X OC 16GB GDDR6X","","https://images.morele.net/i256/13166818_0_i256.jpg","Karta graficzna MSI GeForce RTX 4080 SUPER Ventus 3X OC 16GB GDDR6X","https://www.morele.net/karta-graficzna-msi-geforce-rtx-4080-super-ventus-3x-oc-16gb-gddr6x-13166818/","GeForce RTX 4080 Super","322 mm","322 mm","2595 MHz"
"1746605359-558","https://www.morele.net/kategoria/karty-graficzne-12/","Karta graficzna MSI GeForce RTX 5070 Ventus 2X OC 12GB GDDR7 DLSS4","2 819 zł","https://images.morele.net/i256/14734500_0_i256.jpg","Karta graficzna MSI GeForce RTX 5070 Ventus 2X OC 12GB GDDR7 DLSS4","https://www.morele.net/karta-graficzna-msi-geforce-rtx-5070-ventus-2x-oc-12gb-gddr7-dlss4-14734500/","GeForce RTX 5070","236 mm","236 mm","2557 MHz"
"1746605362-559","https://www.morele.net/kategoria/karty-graficzne-12/","Karta graficzna MSI GeForce RTX 5070 Gaming Trio OC 12GB GDDR7 DLSS4","3 199 zł","https://images.morele.net/i256/14727986_0_i256.jpg","Karta graficzna MSI GeForce RTX 5070 Gaming Trio OC 12GB GDDR7 DLSS4","https://www.morele.net/karta-graficzna-msi-geforce-rtx-5070-gaming-trio-oc-12gb-gddr7-dlss4-14727986/","GeForce RTX 5070","338 mm","338 mm","2625 MHz"
"1746605364-560","https://www.morele.net/kategoria/karty-graficzne-12/","Karta graficzna MSI GeForce RTX 4060 Ti Ventus 2X Black OC 16GB GDDR6","2 537,29 zł","https://images.morele.net/i256/13091886_0_i256.jpg","Karta graficzna MSI GeForce RTX 4060 Ti Ventus 2X Black OC 16GB GDDR6","https://www.morele.net/karta-graficzna-msi-geforce-rtx-4060-ti-ventus-2x-black-oc-16gb-gddr6-13091886/","","","",""
"1746605367-561","https://www.morele.net/kategoria/karty-graficzne-12/","Karta graficzna MSI GeForce RTX 3050 LP OC 6GB GDDR6","799 zł","https://images.morele.net/i256/13173190_0_i256.jpg","Karta graficzna MSI GeForce RTX 3050 LP OC 6GB GDDR6","https://www.morele.net/karta-graficzna-msi-geforce-rtx-3050-lp-oc-6gb-gddr6-13173190/","GeForce RTX 3050","174 mm","174 mm","1492 MHz"
"1746605370-562","https://www.morele.net/kategoria/karty-graficzne-12/","Karta graficzna MSI GeForce RTX 4060 Ventus 2X White OC 8GB GDDR6","1 313,08 zł","https://images.morele.net/i256/13095568_0_i256.jpg","Karta graficzna MSI GeForce RTX 4060 Ventus 2X White OC 8GB GDDR6","https://www.morele.net/karta-graficzna-msi-geforce-rtx-4060-ventus-2x-white-oc-8gb-gddr6-13095568/","GeForce RTX 4060","199 mm","199 mm","2505 MHz"
"1746605372-563","https://www.morele.net/kategoria/karty-graficzne-12/","Karta graficzna MSI GeForce RTX 4060 Ti Ventus 2X Black OC 8GB GDDR6","1 898,98 zł","https://images.morele.net/i256/12893767_0_i256.jpg","Karta graficzna MSI GeForce RTX 4060 Ti Ventus 2X Black OC 8GB GDDR6","https://www.morele.net/karta-graficzna-msi-geforce-rtx-4060-ti-ventus-2x-black-oc-8gb-gddr6-12893767/","GeForce RTX 4060 Ti","199 mm","199 mm","2580 MHz"
"1746605375-564","https://www.morele.net/kategoria/karty-graficzne-12/","Karta graficzna Gigabyte Radeon RX 7700 XT Gaming OC 12GB GDDR6 (GV-R77XTGAMING OC-12GD)","1 849 zł","https://images.morele.net/i256/13095160_0_i256.jpg","Karta graficzna Gigabyte Radeon RX 7700 XT Gaming OC 12GB GDDR6 (GV-R77XTGAMING OC-12GD)","https://www.morele.net/karta-graficzna-gigabyte-radeon-rx-7700-xt-gaming-oc-12gb-gddr6-gv-r77xtgaming-oc-12gd-13095160/","Radeon RX 7700 XT","302 mm","302 mm","2599 MHz"
"1746605377-565","https://www.morele.net/kategoria/karty-graficzne-12/","Karta graficzna MSI GeForce RTX 4060 Ventus 2X Black OC 8GB GDDR6","1 322,99 zł","https://images.morele.net/i256/12952781_0_i256.jpg","Karta graficzna MSI GeForce RTX 4060 Ventus 2X Black OC 8GB GDDR6","https://www.morele.net/karta-graficzna-msi-geforce-rtx-4060-ventus-2x-black-oc-8gb-gddr6-12952781/","GeForce RTX 4060","199 mm","199 mm","2505 MHz"
"1746605380-566","https://www.morele.net/kategoria/karty-graficzne-12/","Karta graficzna MSI GeForce RTX 3050 Ventus 2X XS OC White 8GB GDDR6","999,07 zł","https://images.morele.net/i256/14454328_0_i256.jpg","Karta graficzna MSI GeForce RTX 3050 Ventus 2X XS OC White 8GB GDDR6","https://www.morele.net/karta-graficzna-msi-geforce-rtx-3050-ventus-2x-xs-oc-white-8gb-gddr6-14454328/","","","",""
"1746605382-567","https://www.morele.net/kategoria/karty-graficzne-12/","Karta graficzna MSI GeForce RTX 3050 Ventus 2X XS OC 8GB GDDR6","926,10 zł","https://images.morele.net/i256/13114742_0_i256.jpg","Karta graficzna MSI GeForce RTX 3050 Ventus 2X XS OC 8GB GDDR6","https://www.morele.net/karta-graficzna-msi-geforce-rtx-3050-ventus-2x-xs-oc-8gb-gddr6-13114742/","","","",""
"1746605385-568","https://www.morele.net/kategoria/karty-graficzne-12/","Karta graficzna MSI GeForce RTX 3060 Ventus 2X OC 12GB GDDR6","1 261,17 zł","https://images.morele.net/i256/5946240_0_i256.jpg","Karta graficzna MSI GeForce RTX 3060 Ventus 2X OC 12GB GDDR6","https://www.morele.net/karta-graficzna-msi-geforce-rtx-3060-ventus-2x-oc-12gb-gddr6-5946240/","GeForce RTX 3060","235 mm","235 mm","1807 MHz"
"1746605387-569","https://www.morele.net/kategoria/karty-graficzne-12/","Karta graficzna ASRock Radeon RX 6600 Challenger D 8GB GDDR6 (RX6600 CLD 8G)","919 zł","https://images.morele.net/i256/9295825_0_i256.jpg","Karta graficzna ASRock Radeon RX 6600 Challenger D 8GB GDDR6 (RX6600 CLD 8G)","https://www.morele.net/karta-graficzna-asrock-radeon-rx-6600-challenger-d-8gb-gddr6-rx6600-cld-8g-9295825/","Radeon RX 6600","269 mm","269 mm","2491 MHz"
"1746605390-570","https://www.morele.net/kategoria/karty-graficzne-12/","Karta graficzna PNY GeForce RTX 4070 SUPER Verto OC Dual Fan 12GB GDDR6X (VCG4070S12DFXPB1-O)","2 899 zł","https://images.morele.net/i256/13168101_10_i256.jpg","Karta graficzna PNY GeForce RTX 4070 SUPER Verto OC Dual Fan 12GB GDDR6X (VCG4070S12DFXPB1-O)","https://www.morele.net/karta-graficzna-pny-geforce-rtx-4070-super-verto-oc-dual-fan-12gb-gddr6x-vcg4070s12dfxpb1-o-13168101/","GeForce RTX 4070 Super","247 mm","247 mm","2490 MHz"
"1746605392-571","https://www.morele.net/kategoria/karty-graficzne-12/","Karta graficzna Gigabyte GeForce RTX 3060 Windforce OC LHR 12GB GDDR6 (GV-N3060WF2OC-12GD 2.0)","1 239 zł","https://images.morele.net/i256/12819699_1_i256.jpg","Karta graficzna Gigabyte GeForce RTX 3060 Windforce OC LHR 12GB GDDR6 (GV-N3060WF2OC-12GD 2.0)","https://www.morele.net/karta-graficzna-gigabyte-geforce-rtx-3060-windforce-oc-lhr-12gb-gddr6-gv-n3060wf2oc-12gd-2-0-12819699/","GeForce RTX 3060","198 mm","198 mm","1792 MHz"
"1746605395-572","https://www.morele.net/kategoria/karty-graficzne-12/","Karta graficzna PNY GeForce RTX 4060 Ti Verto Dual Fan 8GB GDDR6 (VCG4060T8DFXPB1)","1 799 zł","https://images.morele.net/i256/12923011_9_i256.jpg","Karta graficzna PNY GeForce RTX 4060 Ti Verto Dual Fan 8GB GDDR6 (VCG4060T8DFXPB1)","https://www.morele.net/karta-graficzna-pny-geforce-rtx-4060-ti-verto-dual-fan-8gb-gddr6-vcg4060t8dfxpb1-12923011/","GeForce RTX 4060 Ti","245 mm","245 mm","2535 MHz"
"1746605397-573","https://www.morele.net/kategoria/karty-graficzne-12/","Karta graficzna ASRock Radeon RX 6800 XT Phantom Gaming OC 16GB GDDR6 (RX6800XT PG 16GO)","2 199 zł","https://images.morele.net/i256/12888106_0_i256.jpg","Karta graficzna ASRock Radeon RX 6800 XT Phantom Gaming OC 16GB GDDR6 (RX6800XT PG 16GO)","https://www.morele.net/karta-graficzna-asrock-radeon-rx-6800-xt-phantom-gaming-oc-16gb-gddr6-rx6800xt-pg-16go-12888106/","Radeon RX 6800 XT","330 mm","330 mm","2310 MHz"
