web-scraper-order,web-scraper-start-url,title,title-href,recomended_ps
"1747643825-1","https://www.morele.net/kategoria/karty-graficzne-12/,,,,,,,,0,,,,/20/","Karta graficzna NVIDIA H100 94GB HBM3 (900-21010-0020-000)","https://www.morele.net/karta-graficzna-nvidia-h100-94gb-hbm3-900-21010-0020-000-13809491/",""
"1747643828-2","https://www.morele.net/kategoria/karty-graficzne-12/,,,,,,,,0,,,,/20/","Karta graficzna NVIDIA L40S 48GB GDDR6 (900-2G133-0080-000)","https://www.morele.net/karta-graficzna-nvidia-l40s-48gb-gddr6-900-2g133-0080-000-13809494/",""
"1747643830-3","https://www.morele.net/kategoria/karty-graficzne-12/,,,,,,,,0,,,,/20/","Karta graficzna NVIDIA L40 48GB GDDR6 (900-2G133-0010-000)","https://www.morele.net/karta-graficzna-nvidia-l40-48gb-gddr6-900-2g133-0010-000-13120936/",""
"1747643832-4","https://www.morele.net/kategoria/karty-graficzne-12/,,,,,,,,0,,,,/20/","Karta graficzna PNY RTX 6000 Ada Generation 48GB GDDR6 (VCNRTX6000ADA-PB)","https://www.morele.net/karta-graficzna-pny-rtx-6000-ada-generation-48gb-gddr6-vcnrtx6000ada-pb-13114163/","Rekomendowana moc zasilacza
                                                                                    
                                        
                                                                                            
                                                                                                            700 W"
"1747643835-5","https://www.morele.net/kategoria/karty-graficzne-12/,,,,,,,,0,,,,/20/","Karta graficzna PNY RTX 6000 Ada Generation 48GB GDDR6 (VCNRTX6000ADA-SB)","https://www.morele.net/karta-graficzna-pny-rtx-6000-ada-generation-48gb-gddr6-vcnrtx6000ada-sb-13114164/","Rekomendowana moc zasilacza
                                                                                    
                                        
                                                                                            
                                                                                                            700 W"
"1747643837-6","https://www.morele.net/kategoria/karty-graficzne-12/,,,,,,,,0,,,,/20/","Karta graficzna NVIDIA RTX 6000 Ada Generation 48GB GDDR6 (900-5G133-2550-000)","https://www.morele.net/karta-graficzna-nvidia-rtx-6000-ada-generation-48gb-gddr6-900-5g133-2550-000-13173113/",""
"1747643840-7","https://www.morele.net/kategoria/karty-graficzne-12/,,,,,,,,0,,,,/20/","Karta graficzna NVIDIA RTX 6000 Ada Generation 48GB GDDR6 (900-5G133-2250-000)","https://www.morele.net/karta-graficzna-nvidia-rtx-6000-ada-generation-48gb-gddr6-900-5g133-2250-000-13809500/",""
"1747643842-8","https://www.morele.net/kategoria/karty-graficzne-12/,,,,,,,,0,,,,/20/","Karta graficzna HP RTX 4500 Ada Generation 24GB GDDR6 (8D6C1AA)","https://www.morele.net/karta-graficzna-hp-rtx-4500-ada-generation-24gb-gddr6-8d6c1aa-14422936/",""
"1747643846-9","https://www.morele.net/kategoria/karty-graficzne-12/,,,,,,,,0,,,,/20/","Karta graficzna PNY RTX 5000 Ada Generation 32GB GDDR6 (VCNRTX5000ADA-PB)","https://www.morele.net/karta-graficzna-pny-rtx-5000-ada-generation-32gb-gddr6-vcnrtx5000ada-pb-13114161/","Rekomendowana moc zasilacza
                                                                                    
                                        
                                                                                            
                                                                                                            600 W"
"1747643848-10","https://www.morele.net/kategoria/karty-graficzne-12/,,,,,,,,0,,,,/20/","Karta graficzna PNY RTX 5000 Ada Generation 32GB GDDR6 (VCNRTX5000ADA-SB)","https://www.morele.net/karta-graficzna-pny-rtx-5000-ada-generation-32gb-gddr6-vcnrtx5000ada-sb-13114162/","Rekomendowana moc zasilacza
                                                                                    
                                        
                                                                                            
                                                                                                            600 W"
"1747643854-11","https://www.morele.net/kategoria/karty-graficzne-12/,,,,,,,,0,,,,/20/","Karta graficzna NVIDIA RTX 5000 Ada Generation 32GB GDDR6 (900-5G132-2540-000)","https://www.morele.net/karta-graficzna-nvidia-rtx-5000-ada-generation-32gb-gddr6-900-5g132-2540-000-13173112/",""
"1747643857-12","https://www.morele.net/kategoria/karty-graficzne-12/,,,,,,,,0,,,,/20/","Karta graficzna NVIDIA RTX 5000 Ada Generation 32GB GDDR6 (900-5G132-2240-000)","https://www.morele.net/karta-graficzna-nvidia-rtx-5000-ada-generation-32gb-gddr6-900-5g132-2240-000-13173111/",""
"1747643859-13","https://www.morele.net/kategoria/karty-graficzne-12/,,,,,,,,0,,,,/20/","Gigabyte Radeon Pro W7900 AI TOP 48GB GDDR6 DP 3xMini DP","https://www.morele.net/gigabyte-radeon-pro-w7900-ai-top-48gb-gddr6-dp-3xmini-dp-14917297/",""
"1747643861-14","https://www.morele.net/kategoria/karty-graficzne-12/,,,,,,,,0,,,,/20/","Karta graficzna Asus ROG Astral LC GeForce RTX 5090 OC 32GB GDDR7 DLSS4 (ROG-ASTRAL-LC-RTX5090-O32G-GAMING)","https://www.morele.net/karta-graficzna-asus-rog-astral-lc-geforce-rtx-5090-oc-32gb-gddr7-dlss4-rog-astral-lc-rtx5090-o32g-gaming-14499245/",""
"1747643864-15","https://www.morele.net/kategoria/karty-graficzne-12/,,,,,,,,0,,,,/20/","Karta graficzna HP RTX A5000 24GB GDDR6 (20X23AA)","https://www.morele.net/karta-graficzna-hp-rtx-a5000-24gb-gddr6-20x23aa-12907222/",""
"1747643867-16","https://www.morele.net/kategoria/karty-graficzne-12/,,,,,,,,0,,,,/20/","Karta graficzna AMD Radeon PRO W7900 48GB GDDR6 (100-300000074)","https://www.morele.net/karta-graficzna-amd-radeon-pro-w7900-48gb-gddr6-100-300000074-12961600/","Rekomendowana moc zasilacza
                                                                                    
                                        
                                                                                            
                                                                                                            600 W"
"1747643869-17","https://www.morele.net/kategoria/karty-graficzne-12/,,,,,,,,0,,,,/20/","Karta graficzna MSI GeForce RTX 5090 Vanguard SOC 32GB GDDR7 DLSS4","https://www.morele.net/karta-graficzna-msi-geforce-rtx-5090-vanguard-soc-32gb-gddr7-dlss4-14848171/","Rekomendowana moc zasilacza
                                                                                    
                                        
                                                                                            
                                                                                                            950 W"
"1747643871-18","https://www.morele.net/kategoria/karty-graficzne-12/,,,,,,,,0,,,,/20/","Karta graficzna Gigabyte AORUS GeForce RTX 5090 Xtreme Waterforce 32GB GDDR7 (GV-N5090AORUSX W-32GD)","https://www.morele.net/karta-graficzna-gigabyte-aorus-geforce-rtx-5090-xtreme-waterforce-32gb-gddr7-gv-n5090aorusx-w-32gd-14485483/","Rekomendowana moc zasilacza
                                                                                    
                                        
                                                                                            
                                                                                                            950 W"
"1747643874-19","https://www.morele.net/kategoria/karty-graficzne-12/,,,,,,,,0,,,,/20/","Karta graficzna NVIDIA L4 24GB GDDR6 (900-2G193-0000-000)","https://www.morele.net/karta-graficzna-nvidia-l4-24gb-gddr6-900-2g193-0000-000-13115956/",""
"1747643876-20","https://www.morele.net/kategoria/karty-graficzne-12/,,,,,,,,0,,,,/20/","Karta graficzna Palit GeForce RTX 5090 GameRock OC 32GB GDDR7 DLSS4 (NE75090S19R5-GB2020G)","https://www.morele.net/karta-graficzna-palit-geforce-rtx-5090-gamerock-oc-32gb-gddr7-dlss4-ne75090s19r5-gb2020g-14731805/","Rekomendowana moc zasilacza
                                                                                    
                                        
                                                                                            
                                                                                                            1000 W"
"1747643879-21","https://www.morele.net/kategoria/karty-graficzne-12/,,,,,,,,0,,,,/20/","Karta graficzna Asus TUF Gaming GeForce RTX 5090 OC 32GB GDDR7 (TUF-RTX5090-32G-GAMING)","https://www.morele.net/karta-graficzna-asus-tuf-gaming-geforce-rtx-5090-oc-32gb-gddr7-tuf-rtx5090-32g-gaming-14908027/",""
"1747643881-22","https://www.morele.net/kategoria/karty-graficzne-12/,,,,,,,,0,,,,/20/","Karta graficzna Gigabyte AORUS GeForce RTX 5090 Master 32GB GDDR7 (GV-N5090AORUS M-32GD)","https://www.morele.net/karta-graficzna-gigabyte-aorus-geforce-rtx-5090-master-32gb-gddr7-gv-n5090aorus-m-32gd-14485559/","Rekomendowana moc zasilacza
                                                                                    
                                        
                                                                                            
                                                                                                            950 W"
"1747643883-23","https://www.morele.net/kategoria/karty-graficzne-12/,,,,,,,,0,,,,/20/","Karta graficzna Gigabyte AORUS GeForce RTX 5090 Master ICE 32GB GDDR7 (GV-N5090AORUSM ICE-32GD)","https://www.morele.net/karta-graficzna-gigabyte-aorus-geforce-rtx-5090-master-ice-32gb-gddr7-gv-n5090aorusm-ice-32gd-14485557/","Rekomendowana moc zasilacza
                                                                                    
                                        
                                                                                            
                                                                                                            950 W"
"1747643886-24","https://www.morele.net/kategoria/karty-graficzne-12/,,,,,,,,0,,,,/20/","Karta graficzna NVIDIA A16 64GB GDDR6 (900-2G171-0000-100)","https://www.morele.net/karta-graficzna-nvidia-a16-64gb-gddr6-900-2g171-0000-100-13120933/",""
"1747643896-25","https://www.morele.net/kategoria/karty-graficzne-12/,,,,,,,,0,,,,/19/","Karta graficzna Inno3D GeForce RTX 5090 X3 32GB GDDR7 DLSS4 (N50903-32D7-17593928)","https://www.morele.net/karta-graficzna-inno3d-geforce-rtx-5090-x3-32gb-gddr7-dlss4-n50903-32d7-17593928-14520192/",""
"1747643898-26","https://www.morele.net/kategoria/karty-graficzne-12/,,,,,,,,0,,,,/19/","Karta graficzna Asus TUF Gaming GeForce RTX 5090 OC 32GB GDDR7 (TUF-RTX5090-O32G-GAMING)","https://www.morele.net/karta-graficzna-asus-tuf-gaming-geforce-rtx-5090-oc-32gb-gddr7-tuf-rtx5090-o32g-gaming-14730224/",""
"1747643900-27","https://www.morele.net/kategoria/karty-graficzne-12/,,,,,,,,0,,,,/19/","Karta graficzna MSI GeForce RTX 5090 Gaming Trio OC 32GB GDDR7","https://www.morele.net/karta-graficzna-msi-geforce-rtx-5090-gaming-trio-oc-32gb-gddr7-14471823/","Rekomendowana moc zasilacza
                                                                                    
                                        
                                                                                            
                                                                                                            950 W"
"1747643903-28","https://www.morele.net/kategoria/karty-graficzne-12/,,,,,,,,0,,,,/19/","Karta graficzna NVIDIA A10 24 GB GDDR6 (900-2G133-0020-000)","https://www.morele.net/karta-graficzna-nvidia-a10-24-gb-gddr6-900-2g133-0020-000-13809492/",""
"1747643905-29","https://www.morele.net/kategoria/karty-graficzne-12/,,,,,,,,0,,,,/19/","Karta graficzna Palit GeForce RTX 5090 GameRock 32GB GDDR7 DLSS4 (NE75090019R5-GB2020G)","https://www.morele.net/karta-graficzna-palit-geforce-rtx-5090-gamerock-32gb-gddr7-dlss4-ne75090019r5-gb2020g-14744924/","Rekomendowana moc zasilacza
                                                                                    
                                        
                                                                                            
                                                                                                            1000 W"
"1747643907-30","https://www.morele.net/kategoria/karty-graficzne-12/,,,,,,,,0,,,,/19/","Karta graficzna Lenovo RTX A5000 24GB GDDR6 (4X61D97085)","https://www.morele.net/karta-graficzna-lenovo-rtx-a5000-24gb-gddr6-4x61d97085-10521152/",""
"1747643910-31","https://www.morele.net/kategoria/karty-graficzne-12/,,,,,,,,0,,,,/19/","Karta graficzna PNY GeForce RTX 5090 Overclocked (VCG509032TFXPB1-O)","https://www.morele.net/karta-graficzna-pny-geforce-rtx-5090-overclocked-vcg509032tfxpb1-o-14481801/","Rekomendowana moc zasilacza
                                                                                    
                                        
                                                                                            
                                                                                                            950 W"
"1747643912-32","https://www.morele.net/kategoria/karty-graficzne-12/,,,,,,,,0,,,,/19/","Karta graficzna PNY RTX 4500 Ada Generation 24GB GDDR6 (VCNRTX4500ADA-PB)","https://www.morele.net/karta-graficzna-pny-rtx-4500-ada-generation-24gb-gddr6-vcnrtx4500ada-pb-13127434/","Rekomendowana moc zasilacza
                                                                                    
                                        
                                                                                            
                                                                                                            300 W"
"1747643915-33","https://www.morele.net/kategoria/karty-graficzne-12/,,,,,,,,0,,,,/19/","Karta graficzna NVIDIA RTX A4500 20GB GDDR6 (900-5G132-2260-000)","https://www.morele.net/karta-graficzna-nvidia-rtx-a4500-20gb-gddr6-900-5g132-2260-000-13809498/",""
"1747643917-34","https://www.morele.net/kategoria/karty-graficzne-12/,,,,,,,,0,,,,/19/","Karta graficzna NVIDIA Karta graficzna NVIDIA L4 Module 24GB PCIe 4.0 x16 LP - ATX bracket retail","https://www.morele.net/karta-graficzna-nvidia-karta-graficzna-nvidia-l4-module-24gb-pcie-4-0-x16-lp-atx-bracket-retail-14102906/",""
"1747643920-35","https://www.morele.net/kategoria/karty-graficzne-12/,,,,,,,,0,,,,/19/","Karta graficzna PNY RTX 4500 Ada Generation 24GB GDDR6 (VCNRTX4500ADA-SB)","https://www.morele.net/karta-graficzna-pny-rtx-4500-ada-generation-24gb-gddr6-vcnrtx4500ada-sb-13129614/","Rekomendowana moc zasilacza
                                                                                    
                                        
                                                                                            
                                                                                                            300 W"
"1747643922-36","https://www.morele.net/kategoria/karty-graficzne-12/,,,,,,,,0,,,,/19/","Karta graficzna HP RTX A4000 1S6GB GDDR6 (6H7J7AA)","https://www.morele.net/karta-graficzna-hp-rtx-a4000-1s6gb-gddr6-6h7j7aa-13173174/",""
"1747643924-37","https://www.morele.net/kategoria/karty-graficzne-12/,,,,,,,,0,,,,/19/","Karta graficzna Matrox M9188 2GB DDR2 (128 bit) 8x Mini DisplayPort (M9188-E2048F)","https://www.morele.net/karta-graficzna-matrox-m9188-2gb-ddr2-128-bit-8x-mini-displayport-m9188-e2048f-445457/",""
"1747643929-38","https://www.morele.net/kategoria/karty-graficzne-12/,,,,,,,,0,,,,/19/","Karta graficzna AMD Radeon PRO W7800 32GB GDDR6 (100-300000075)","https://www.morele.net/karta-graficzna-amd-radeon-pro-w7800-32gb-gddr6-100-300000075-12961610/","Rekomendowana moc zasilacza
                                                                                    
                                        
                                                                                            
                                                                                                            700 W"
"1747643932-39","https://www.morele.net/kategoria/karty-graficzne-12/,,,,,,,,0,,,,/19/","Karta graficzna Asus TUF Gaming GeForce RTX 5080 16GB GDDR7 (TUF-RTX5080-16G-GAMING)","https://www.morele.net/karta-graficzna-asus-tuf-gaming-geforce-rtx-5080-16gb-gddr7-tuf-rtx5080-16g-gaming-14485257/",""
"1747643934-40","https://www.morele.net/kategoria/karty-graficzne-12/,,,,,,,,0,,,,/19/","Karta graficzna Lenovo GeForce RTX 3080 Ti 12GB GDDR6X (4X61H65932)","https://www.morele.net/karta-graficzna-lenovo-geforce-rtx-3080-ti-12gb-gddr6x-4x61h65932-13117715/",""
"1747643936-41","https://www.morele.net/kategoria/karty-graficzne-12/,,,,,,,,0,,,,/19/","Karta graficzna PNY RTX 4000 SSF Ada Generation Power Limited 20GB GDDR6 (VCNRTX4000ADALP-PL)","https://www.morele.net/karta-graficzna-pny-rtx-4000-ssf-ada-generation-power-limited-20gb-gddr6-vcnrtx4000adalp-pl-14454562/","Rekomendowana moc zasilacza
                                                                                    
                                        
                                                                                            
                                                                                                            250 W"
"1747643939-42","https://www.morele.net/kategoria/karty-graficzne-12/,,,,,,,,0,,,,/19/","Karta graficzna PNY RTX 4000 Ada Generation 20GB GDDR6 (VCNRTX4000ADA-PB)","https://www.morele.net/karta-graficzna-pny-rtx-4000-ada-generation-20gb-gddr6-vcnrtx4000ada-pb-13119829/","Rekomendowana moc zasilacza
                                                                                    
                                        
                                                                                            
                                                                                                            300 W"
"1747643941-43","https://www.morele.net/kategoria/karty-graficzne-12/,,,,,,,,0,,,,/19/","Karta graficzna HP Quadro T1000 8GB GDDR6 (6V9V4AA)","https://www.morele.net/karta-graficzna-hp-quadro-t1000-8gb-gddr6-6v9v4aa-13120223/",""
"1747643944-44","https://www.morele.net/kategoria/karty-graficzne-12/,,,,,,,,0,,,,/19/","Karta graficzna Gigabyte AORUS GeForce RTX 5080 Master ICE 16GB GDDR7 (GV-N5080AORUSM ICE-16GD)","https://www.morele.net/karta-graficzna-gigabyte-aorus-geforce-rtx-5080-master-ice-16gb-gddr7-gv-n5080aorusm-ice-16gd-14485971/","Rekomendowana moc zasilacza
                                                                                    
                                        
                                                                                            
                                                                                                            850 W"
"1747643946-45","https://www.morele.net/kategoria/karty-graficzne-12/,,,,,,,,0,,,,/19/","Karta graficzna Lenovo RTX 4000 Ada Generation 20GB GDDR6 (4X61P39479)","https://www.morele.net/karta-graficzna-lenovo-rtx-4000-ada-generation-20gb-gddr6-4x61p39479-13341085/",""
"1747643949-46","https://www.morele.net/kategoria/karty-graficzne-12/,,,,,,,,0,,,,/19/","Karta graficzna HP RTX A4000 16GB GDDR6 (20X24AA)","https://www.morele.net/karta-graficzna-hp-rtx-a4000-16gb-gddr6-20x24aa-14097852/",""
"1747643951-47","https://www.morele.net/kategoria/karty-graficzne-12/,,,,,,,,0,,,,/19/","Karta graficzna PNY GeForce RTX 5080 Overclocked 16GB GDDR7 DLSS4 (VCG508016TFXPB1-O)","https://www.morele.net/karta-graficzna-pny-geforce-rtx-5080-overclocked-16gb-gddr7-dlss4-vcg508016tfxpb1-o-14982478/","Rekomendowana moc zasilacza
                                                                                    
                                        
                                                                                            
                                                                                                            850 W"
"1747643954-48","https://www.morele.net/kategoria/karty-graficzne-12/,,,,,,,,0,,,,/19/","Karta graficzna PNY RTX 4000 SSF Ada Generation 20GB GDDR6 (VCNRTX4000ADALP-SB)","https://www.morele.net/karta-graficzna-pny-rtx-4000-ssf-ada-generation-20gb-gddr6-vcnrtx4000adalp-sb-13114160/","Rekomendowana moc zasilacza
                                                                                    
                                        
                                                                                            
                                                                                                            250 W"
"1747643956-49","https://www.morele.net/kategoria/karty-graficzne-12/,,,,,,,,0,,,,/19/","Karta graficzna PNY GeForce RTX 5080 ARGB EPIC-X RGB Overclocked 16GB GDDR7 (VCG508016TFXXPB1-O)","https://www.morele.net/karta-graficzna-pny-geforce-rtx-5080-argb-epic-x-rgb-overclocked-16gb-gddr7-vcg508016tfxxpb1-o-14481802/","Rekomendowana moc zasilacza
                                                                                    
                                        
                                                                                            
                                                                                                            850 W"
"1747643958-50","https://www.morele.net/kategoria/karty-graficzne-12/,,,,,,,,0,,,,/19/","VGA Man GeForce RTX 5080 16GB Gallardo OC","https://www.morele.net/vga-man-geforce-rtx-5080-16gb-gallardo-oc-14917301/",""
"1747643961-51","https://www.morele.net/kategoria/karty-graficzne-12/,,,,,,,,0,,,,/19/","Karta graficzna Gigabyte GeForce RTX 5080 Windforce OC SFF 16GB GDDR7 (GV-N5080WF3OC-16GD)","https://www.morele.net/karta-graficzna-gigabyte-geforce-rtx-5080-windforce-oc-sff-16gb-gddr7-gv-n5080wf3oc-16gd-14485977/","Rekomendowana moc zasilacza
                                                                                    
                                        
                                                                                            
                                                                                                            850 W"
"1747643963-52","https://www.morele.net/kategoria/karty-graficzne-12/,,,,,,,,0,,,,/19/","INNO3D GeForce RTX 5060 Ti X3 OC, 16384 MB GDDR7","https://www.morele.net/inno3d-geforce-rtx-5060-ti-x3-oc-16384-mb-gddr7-14863862/",""
"1747643966-53","https://www.morele.net/kategoria/karty-graficzne-12/,,,,,,,,0,,,,/19/","Karta graficzna NVIDIA A2 16GB GDDR6 (TCSA2MATX-PB)","https://www.morele.net/karta-graficzna-nvidia-a2-16gb-gddr6-tcsa2matx-pb-13120934/",""
"1747643968-54","https://www.morele.net/kategoria/karty-graficzne-12/,,,,,,,,0,,,,/19/","Karta graficzna NVIDIA RTX 4000 Ada Generation 20GB GDDR6 (900-5G190-2570-000)","https://www.morele.net/karta-graficzna-nvidia-rtx-4000-ada-generation-20gb-gddr6-900-5g190-2570-000-14069020/",""
"1747643978-55","https://www.morele.net/kategoria/karty-graficzne-12/,,,,,,,,0,,,,/18/","RTX 5080 16GB Zotac Gaming AMP Extreme Infinity Ultra GDDR7 3Fan","https://www.morele.net/rtx-5080-16gb-zotac-gaming-amp-extreme-infinity-ultra-gddr7-3fan-14853070/",""
"1747643981-56","https://www.morele.net/kategoria/karty-graficzne-12/,,,,,,,,0,,,,/18/","Karta graficzna PNY GeForce RTX 5080 Overclocked 16GB GDDR7 (VCG508016TFXPB1-O)","https://www.morele.net/karta-graficzna-pny-geforce-rtx-5080-overclocked-16gb-gddr7-vcg508016tfxpb1-o-14481803/","Rekomendowana moc zasilacza
                                                                                    
                                        
                                                                                            
                                                                                                            850 W"
"1747643983-57","https://www.morele.net/kategoria/karty-graficzne-12/,,,,,,,,0,,,,/18/","INNO3D GeForce RTX 5080 X3 OC White, 16384 MB GDDR7","https://www.morele.net/inno3d-geforce-rtx-5080-x3-oc-white-16384-mb-gddr7-14483826/",""
"1747643986-58","https://www.morele.net/kategoria/karty-graficzne-12/,,,,,,,,0,,,,/18/","Karta graficzna PNY RTX 4000 SSF Ada Generation 20GB GDDR6 (VCNRTX4000ADALP-PB)","https://www.morele.net/karta-graficzna-pny-rtx-4000-ssf-ada-generation-20gb-gddr6-vcnrtx4000adalp-pb-13114165/","Rekomendowana moc zasilacza
                                                                                    
                                        
                                                                                            
                                                                                                            250 W"
"1747643988-59","https://www.morele.net/kategoria/karty-graficzne-12/,,,,,,,,0,,,,/18/","Karta graficzna Inno3D GeForce RTX 5080 X3 OC 16GB GDDR7 DLSS4 (N50803-16D7X-17603930)","https://www.morele.net/karta-graficzna-inno3d-geforce-rtx-5080-x3-oc-16gb-gddr7-dlss4-n50803-16d7x-17603930-14483827/",""
"1747643990-60","https://www.morele.net/kategoria/karty-graficzne-12/,,,,,,,,0,,,,/18/","Karta graficzna NVIDIA A2 16GB GDDR6 (900-2G179-0020-100)","https://www.morele.net/karta-graficzna-nvidia-a2-16gb-gddr6-900-2g179-0020-100-14068847/",""
"1747643993-61","https://www.morele.net/kategoria/karty-graficzne-12/,,,,,,,,0,,,,/18/","Karta graficzna NVIDIA RTX 4000 Ada Generation 20GB GDDR6 (900-5G192-2270-000)","https://www.morele.net/karta-graficzna-nvidia-rtx-4000-ada-generation-20gb-gddr6-900-5g192-2270-000-13809496/",""
"1747643995-62","https://www.morele.net/kategoria/karty-graficzne-12/,,,,,,,,0,,,,/18/","Karta graficzna NVIDIA RTX 4000 Ada Generation 20GB GDDR6 (900-5G190-2270-000)","https://www.morele.net/karta-graficzna-nvidia-rtx-4000-ada-generation-20gb-gddr6-900-5g190-2270-000-13173110/",""
"1747643998-63","https://www.morele.net/kategoria/karty-graficzne-12/,,,,,,,,0,,,,/18/","Karta graficzna Gigabyte GeForce RTX 5080 Aero OC SFF 16GB GDDR7 (GV-N5080AERO OC-16GD)","https://www.morele.net/karta-graficzna-gigabyte-geforce-rtx-5080-aero-oc-sff-16gb-gddr7-gv-n5080aero-oc-16gd-14485975/","Rekomendowana moc zasilacza
                                                                                    
                                        
                                                                                            
                                                                                                            850 W"
"1747644000-64","https://www.morele.net/kategoria/karty-graficzne-12/,,,,,,,,0,,,,/18/","INNO3D GeForce RTX 5080 X3 GAMING OC 16GB GDDR7 3xDP+HDMI","https://www.morele.net/inno3d-geforce-rtx-5080-x3-gaming-oc-16gb-gddr7-3xdp-hdmi-14796764/",""
"1747644002-65","https://www.morele.net/kategoria/karty-graficzne-12/,,,,,,,,0,,,,/18/","Karta graficzna Inno3D GeForce RTX 5080 X3 16GB GDDR7 DLSS4 (N50803-16D7-176068N)","https://www.morele.net/karta-graficzna-inno3d-geforce-rtx-5080-x3-16gb-gddr7-dlss4-n50803-16d7-176068n-14483821/",""
"1747644005-66","https://www.morele.net/kategoria/karty-graficzne-12/,,,,,,,,0,,,,/18/","Karta graficzna HP RTX A4000 16GB GDDR6 (20X24AA)","https://www.morele.net/karta-graficzna-hp-rtx-a4000-16gb-gddr6-20x24aa-9986516/",""
"1747644007-67","https://www.morele.net/kategoria/karty-graficzne-12/,,,,,,,,0,,,,/18/","Karta graficzna Palit GeForce RTX 5070 Ti GamingPro 16GB GDDR7 DLSS4 (NE7507T019T2-GB2031A)","https://www.morele.net/karta-graficzna-palit-geforce-rtx-5070-ti-gamingpro-16gb-gddr7-dlss4-ne7507t019t2-gb2031a-14744895/","Rekomendowana moc zasilacza
                                                                                    
                                        
                                                                                            
                                                                                                            750 W"
"1747644010-68","https://www.morele.net/kategoria/karty-graficzne-12/,,,,,,,,0,,,,/18/","Karta graficzna Lenovo RTX A4000 16GB GDDR6 (4X61E26089)","https://www.morele.net/karta-graficzna-lenovo-rtx-a4000-16gb-gddr6-4x61e26089-9620175/",""
"1747644012-69","https://www.morele.net/kategoria/karty-graficzne-12/,,,,,,,,0,,,,/18/","Karta graficzna MSI GeForce RTX 5070 Ti Inspire 3X OC 16GB GDDR7 DLSS4","https://www.morele.net/karta-graficzna-msi-geforce-rtx-5070-ti-inspire-3x-oc-16gb-gddr7-dlss4-14980129/","Rekomendowana moc zasilacza
                                                                                    
                                        
                                                                                            
                                                                                                            750 W"
"1747644014-70","https://www.morele.net/kategoria/karty-graficzne-12/,,,,,,,,0,,,,/18/","Zotac RTX 5080 Solid Core               16GB GDDR7 HDMI 3xDP","https://www.morele.net/zotac-rtx-5080-solid-core-16gb-gddr7-hdmi-3xdp-14828026/",""
"1747644017-71","https://www.morele.net/kategoria/karty-graficzne-12/,,,,,,,,0,,,,/18/","RTX 5080 16GB Zotac Gaming Solid Core OC GDDR7 3Fan","https://www.morele.net/rtx-5080-16gb-zotac-gaming-solid-core-oc-gddr7-3fan-14791480/",""
"1747644019-72","https://www.morele.net/kategoria/karty-graficzne-12/,,,,,,,,0,,,,/18/","Karta graficzna Palit GeForce RTX 5080 GamingPro V1 16GB GDDR7 DLSS4 (NE75080019T2-GB2031Y)","https://www.morele.net/karta-graficzna-palit-geforce-rtx-5080-gamingpro-v1-16gb-gddr7-dlss4-ne75080019t2-gb2031y-14908141/","Rekomendowana moc zasilacza
                                                                                    
                                        
                                                                                            
                                                                                                            850 W"
"1747644021-73","https://www.morele.net/kategoria/karty-graficzne-12/,,,,,,,,0,,,,/18/","Karta graficzna Asus ROG Strix GeForce RTX 5070 Ti OC 16GB GDDR7 DLSS4 (ROG-STRIX-RTX5070TI-O16G-GAMING)","https://www.morele.net/karta-graficzna-asus-rog-strix-geforce-rtx-5070-ti-oc-16gb-gddr7-dlss4-rog-strix-rtx5070ti-o16g-gaming-14895845/",""
"1747644027-74","https://www.morele.net/kategoria/karty-graficzne-12/,,,,,,,,0,,,,/18/","Karta graficzna Asus ROG Strix Radeon RX 6900 XT Gaming OC 16GB GDDR6 (ROG-STRIX-LC-RX6900XT-O16G-GAMING)","https://www.morele.net/karta-graficzna-asus-rog-strix-radeon-rx-6900-xt-gaming-oc-16gb-gddr6-rog-strix-lc-rx6900xt-o16g-gaming-5946234/",""
"1747644030-75","https://www.morele.net/kategoria/karty-graficzne-12/,,,,,,,,0,,,,/18/","Karta graficzna Zotac Gaming GeForce RTX 5070 Ti Solid OC 16GB GDDR7 (ZT-B50710J-10P)","https://www.morele.net/karta-graficzna-zotac-gaming-geforce-rtx-5070-ti-solid-oc-16gb-gddr7-zt-b50710j-10p-14689673/","Rekomendowana moc zasilacza
                                                                                    
                                        
                                                                                            
                                                                                                            750 W"
"1747644032-76","https://www.morele.net/kategoria/karty-graficzne-12/,,,,,,,,0,,,,/18/","Karta graficzna Palit GeForce RTX 5070 Ti GamingPro V1 OC 16GB GDDR7 DLSS4 (NE7507TS19T2-GB2031Y)","https://www.morele.net/karta-graficzna-palit-geforce-rtx-5070-ti-gamingpro-v1-oc-16gb-gddr7-dlss4-ne7507ts19t2-gb2031y-14852283/","Rekomendowana moc zasilacza
                                                                                    
                                        
                                                                                            
                                                                                                            750 W"
"1747644034-77","https://www.morele.net/kategoria/karty-graficzne-12/,,,,,,,,0,,,,/18/","VGA Man GeForce RTX 5070 TI 16GB Stellar OC","https://www.morele.net/vga-man-geforce-rtx-5070-ti-16gb-stellar-oc-14917306/",""
"1747644037-78","https://www.morele.net/kategoria/karty-graficzne-12/,,,,,,,,0,,,,/18/","Karta graficzna Palit GeForce RTX 5070 Ti GameRock OC 16GB GDDR7 DLSS4 (NE7507TH19T2-GB2030G)","https://www.morele.net/karta-graficzna-palit-geforce-rtx-5070-ti-gamerock-oc-16gb-gddr7-dlss4-ne7507th19t2-gb2030g-14731806/","Rekomendowana moc zasilacza
                                                                                    
                                        
                                                                                            
                                                                                                            750 W"
"1747644039-79","https://www.morele.net/kategoria/karty-graficzne-12/,,,,,,,,0,,,,/18/","Karta graficzna NVIDIA Quadro RTX A4000 16GB GDDR6 (900-5G190-2200-000)","https://www.morele.net/karta-graficzna-nvidia-quadro-rtx-a4000-16gb-gddr6-900-5g190-2200-000-13173114/",""
"1747644042-80","https://www.morele.net/kategoria/karty-graficzne-12/,,,,,,,,0,,,,/18/","RTX 5070 Ti 16GB Manli Polar Fox OC 3 Fan","https://www.morele.net/rtx-5070-ti-16gb-manli-polar-fox-oc-3-fan-14939654/",""
"1747644044-81","https://www.morele.net/kategoria/karty-graficzne-12/,,,,,,,,0,,,,/18/","Karta graficzna Palit GeForce RTX 5070 Ti GameRock 16GB GDDR7 DLSS4 (NE7507T019T2-GB2030G)","https://www.morele.net/karta-graficzna-palit-geforce-rtx-5070-ti-gamerock-16gb-gddr7-dlss4-ne7507t019t2-gb2030g-14764710/","Rekomendowana moc zasilacza
                                                                                    
                                        
                                                                                            
                                                                                                            750 W"
"1747644046-82","https://www.morele.net/kategoria/karty-graficzne-12/,,,,,,,,0,,,,/18/","Gainward GeForce RTX 5070Ti Phantom 16GB GDDR7 (NE7507T019T2-GB2030P)","https://www.morele.net/gainward-geforce-rtx-5070ti-phantom-16gb-gddr7-ne7507t019t2-gb2030p-14735932/",""
"1747644049-83","https://www.morele.net/kategoria/karty-graficzne-12/,,,,,,,,0,,,,/18/","Karta graficzna AMD Radeon Pro W7700 16GB GDDR6 (100-300000006)","https://www.morele.net/karta-graficzna-amd-radeon-pro-w7700-16gb-gddr6-100-300000006-13145945/","Rekomendowana moc zasilacza
                                                                                    
                                        
                                                                                            
                                                                                                            450 W"
"1747644051-84","https://www.morele.net/kategoria/karty-graficzne-12/,,,,,,,,0,,,,/18/","Karta graficzna MSI GeForce RTX 5070 Ti Gaming Trio OC 16GB GDDR7 DLSS4","https://www.morele.net/karta-graficzna-msi-geforce-rtx-5070-ti-gaming-trio-oc-16gb-gddr7-dlss4-14980126/","Rekomendowana moc zasilacza
                                                                                    
                                        
                                                                                            
                                                                                                            750 W"
"1747644062-85","https://www.morele.net/kategoria/karty-graficzne-12/,,,,,,,,0,,,,/17/","Nvidia Rtx Ph X2Xxx 4Mdp","https://www.morele.net/nvidia-rtx-ph-x2xxx-4mdp-14828068/",""
"1747644065-86","https://www.morele.net/kategoria/karty-graficzne-12/,,,,,,,,0,,,,/17/","Zotac GAMING GeForce RTX 5070 Ti SOLID SFF OC NVIDIA 16 GB GDDR7","https://www.morele.net/zotac-gaming-geforce-rtx-5070-ti-solid-sff-oc-nvidia-16-gb-gddr7-14844559/",""
"1747644067-87","https://www.morele.net/kategoria/karty-graficzne-12/,,,,,,,,0,,,,/17/","Gainward RTX5070Ti Phoenix GS V1 16GB GDDR7 HDMI 3xDP","https://www.morele.net/gainward-rtx5070ti-phoenix-gs-v1-16gb-gddr7-hdmi-3xdp-14881446/",""
"1747644069-88","https://www.morele.net/kategoria/karty-graficzne-12/,,,,,,,,0,,,,/17/","Karta graficzna Asus ROG Strix GeForce RTX 5070 OC 12GB GDDR7 DLSS (ROG-STRIX-RTX5070-O12G-GAMING)","https://www.morele.net/karta-graficzna-asus-rog-strix-geforce-rtx-5070-oc-12gb-gddr7-dlss-rog-strix-rtx5070-o12g-gaming-14873012/","Rekomendowana moc zasilacza
                                                                                    
                                        
                                                                                            
                                                                                                            750 W"
"1747644072-89","https://www.morele.net/kategoria/karty-graficzne-12/,,,,,,,,0,,,,/17/","Karta graficzna Asus TUF Gaming Radeon RX 9070 XT OC 16GB GDDR6 (TUF-RX9070XT-O16G-GAMING)","https://www.morele.net/karta-graficzna-asus-tuf-gaming-radeon-rx-9070-xt-oc-16gb-gddr6-tuf-rx9070xt-o16g-gaming-14731753/","Rekomendowana moc zasilacza
                                                                                    
                                        
                                                                                            
                                                                                                            850 W"
"1747644074-90","https://www.morele.net/kategoria/karty-graficzne-12/,,,,,,,,0,,,,/17/","Karta graficzna PNY RTX 2000 Ada Generation Power Limited 16GB GDDR6 (VCNRTX2000ADA-PL)","https://www.morele.net/karta-graficzna-pny-rtx-2000-ada-generation-power-limited-16gb-gddr6-vcnrtx2000ada-pl-14454561/","Rekomendowana moc zasilacza
                                                                                    
                                        
                                                                                            
                                                                                                            250 W"
"1747644077-91","https://www.morele.net/kategoria/karty-graficzne-12/,,,,,,,,0,,,,/17/","Karta graf. PowerColor Red Devil RX9070XT S WH 16G","https://www.morele.net/karta-graf-powercolor-red-devil-rx9070xt-s-wh-16g-14856577/",""
"1747644079-92","https://www.morele.net/kategoria/karty-graficzne-12/,,,,,,,,0,,,,/17/","Karta graficzna PNY RTX 2000E Ada Generation Power Limited 16GB GDDR6 (VCNRTX2000EADA-PL)","https://www.morele.net/karta-graficzna-pny-rtx-2000e-ada-generation-power-limited-16gb-gddr6-vcnrtx2000eada-pl-14441904/","Rekomendowana moc zasilacza
                                                                                    
                                        
                                                                                            
                                                                                                            250 W"
"1747644082-93","https://www.morele.net/kategoria/karty-graficzne-12/,,,,,,,,0,,,,/17/","MSI GeForce RTX 4060 Ti Ventus 2X Black OC + Płyta Z890 GAMING PLUS WIFI + Zasilacz MAG A750GL PCIE5 750W + GRATIS Dysk SSD Spatium M450 V1 1TB / MSI Z890 GAMING PLUS WIFI","https://www.morele.net/msi-geforce-rtx-4060-ti-ventus-2x-black-oc-plyta-z890-gaming-plus-wifi-zasilacz-mag-a750gl-pcie5-750w-gratis-dysk-ssd-spatium-m450-v1-1tb-msi-z890-gaming-plus-wifi-9836297/","Rdzenie Tensor
                                                
                                                                                    
                                        
                                                                                            
                                                                                                            136"
"1747644084-94","https://www.morele.net/kategoria/karty-graficzne-12/,,,,,,,,0,,,,/17/","Karta graf. XFX Mercury RX 9070XT OC White G RGB 16","https://www.morele.net/karta-graf-xfx-mercury-rx-9070xt-oc-white-g-rgb-16-14771902/",""
"1747644087-95","https://www.morele.net/kategoria/karty-graficzne-12/,,,,,,,,0,,,,/17/","Karta graficzna XFX Quicksilver Radeon RX 9070 XT Magnetic Air 16GB GDDR6 (RX-97TMAQKB9)","https://www.morele.net/karta-graficzna-xfx-quicksilver-radeon-rx-9070-xt-magnetic-air-16gb-gddr6-rx-97tmaqkb9-14739190/","Rekomendowana moc zasilacza
                                                                                    
                                        
                                                                                            
                                                                                                            800 W"
"1747644089-96","https://www.morele.net/kategoria/karty-graficzne-12/,,,,,,,,0,,,,/17/","Acer Nitro Radeon RX 9070 XT OC 16GB AMD GDDR6","https://www.morele.net/acer-nitro-radeon-rx-9070-xt-oc-16gb-amd-gddr6-14873021/",""
"1747644091-97","https://www.morele.net/kategoria/karty-graficzne-12/,,,,,,,,0,,,,/17/","Karta graficzna Gigabyte AORUS GeForce RTX 5070 Master 12GB GDDR7 (GV-N5070AORUS M-12GD)","https://www.morele.net/karta-graficzna-gigabyte-aorus-geforce-rtx-5070-master-12gb-gddr7-gv-n5070aorus-m-12gd-14485486/","Rekomendowana moc zasilacza
                                                                                    
                                        
                                                                                            
                                                                                                            650 W"
"1747644094-98","https://www.morele.net/kategoria/karty-graficzne-12/,,,,,,,,0,,,,/17/","Karta graficzna Sapphire Pure Radeon RX 9070 16GB GDDR6 (11349-02-20G)","https://www.morele.net/karta-graficzna-sapphire-pure-radeon-rx-9070-16gb-gddr6-11349-02-20g-14732577/","Rekomendowana moc zasilacza
                                                                                    
                                        
                                                                                            
                                                                                                            650 W"
"1747644096-99","https://www.morele.net/kategoria/karty-graficzne-12/,,,,,,,,0,,,,/17/","Karta graficzna Asus Turbo GeForce RTX 3070 V2 8GB GDDR6 (TURBO-RTX3070-8G-V2)","https://www.morele.net/karta-graficzna-asus-turbo-geforce-rtx-3070-v2-8gb-gddr6-turbo-rtx3070-8g-v2-13133273/",""
"1747644098-100","https://www.morele.net/kategoria/karty-graficzne-12/,,,,,,,,0,,,,/17/","Karta graficzna POWERCOLOR Red Devil Radeon RX 9070 XT 16GB GDDR6 (RX9070XT 16G-E/OC)","https://www.morele.net/karta-graficzna-powercolor-red-devil-radeon-rx-9070-xt-16gb-gddr6-rx9070xt-16g-e-oc-14747905/",""
"1747644101-101","https://www.morele.net/kategoria/karty-graficzne-12/,,,,,,,,0,,,,/17/","RX 9070 XT 16GB XFX Swift Gaming GDDR6 3 Fan white","https://www.morele.net/rx-9070-xt-16gb-xfx-swift-gaming-gddr6-3-fan-white-14748309/",""
"1747644103-102","https://www.morele.net/kategoria/karty-graficzne-12/,,,,,,,,0,,,,/17/","Karta graficzna Sapphire Nitro+ Radeon RX 9070 16GB GDDR6 (11349-01-20G)","https://www.morele.net/karta-graficzna-sapphire-nitro-radeon-rx-9070-16gb-gddr6-11349-01-20g-14732574/","Rekomendowana moc zasilacza
                                                                                    
                                        
                                                                                            
                                                                                                            650 W"
"1747644106-103","https://www.morele.net/kategoria/karty-graficzne-12/,,,,,,,,0,,,,/17/","RX 9070XT 16GB ASRock Radeon Steel Legend Dark 3Fan","https://www.morele.net/rx-9070xt-16gb-asrock-radeon-steel-legend-dark-3fan-14860316/",""
"1747644108-104","https://www.morele.net/kategoria/karty-graficzne-12/,,,,,,,,0,,,,/17/","Karta graficzna MSI GeForce RTX 5070 Inspire 3X OC 12GB GDDR7 DLSS4","https://www.morele.net/karta-graficzna-msi-geforce-rtx-5070-inspire-3x-oc-12gb-gddr7-dlss4-14760081/","Rekomendowana moc zasilacza
                                                                                    
                                        
                                                                                            
                                                                                                            650 W"
"1747644111-105","https://www.morele.net/kategoria/karty-graficzne-12/,,,,,,,,0,,,,/17/","Karta graficzna HP RTX A2000 12GB GDDR6 (5Z7D9AA)","https://www.morele.net/karta-graficzna-hp-rtx-a2000-12gb-gddr6-5z7d9aa-11461235/",""
"1747644113-106","https://www.morele.net/kategoria/karty-graficzne-12/,,,,,,,,0,,,,/17/","XFX RX 9070XT MERCURY Gaming LED 16GB Black RX-97TMERCB9 retail","https://www.morele.net/xfx-rx-9070xt-mercury-gaming-led-16gb-black-rx-97tmercb9-retail-14778007/",""
"1747644116-107","https://www.morele.net/kategoria/karty-graficzne-12/,,,,,,,,0,,,,/17/","Acer Predator BiFrost Radeon RX 9070 OC 16GB AMD GDDR6","https://www.morele.net/acer-predator-bifrost-radeon-rx-9070-oc-16gb-amd-gddr6-14978215/",""
"1747644118-108","https://www.morele.net/kategoria/karty-graficzne-12/,,,,,,,,0,,,,/17/","Karta graficzna Lenovo RTX 2000 Ada Generation 16GB GDDR6 (4X61P69962)","https://www.morele.net/karta-graficzna-lenovo-rtx-2000-ada-generation-16gb-gddr6-4x61p69962-13239717/",""
"1747644120-109","https://www.morele.net/kategoria/karty-graficzne-12/,,,,,,,,0,,,,/17/","Karta graficzna Asus TUF Gaming Radeon RX 9070 OC 16GB GDDR6 (TUF-RX9070-O16G-GAMING)","https://www.morele.net/karta-graficzna-asus-tuf-gaming-radeon-rx-9070-oc-16gb-gddr6-tuf-rx9070-o16g-gaming-14731772/","Rekomendowana moc zasilacza
                                                                                    
                                        
                                                                                            
                                                                                                            750 W"
"1747644123-110","https://www.morele.net/kategoria/karty-graficzne-12/,,,,,,,,0,,,,/17/","Karta graficzna NVIDIA RTX A2000 12GB GDDR6 (900-5G192-2551-000)","https://www.morele.net/karta-graficzna-nvidia-rtx-a2000-12gb-gddr6-900-5g192-2551-000-13145923/",""
"1747644125-111","https://www.morele.net/kategoria/karty-graficzne-12/,,,,,,,,0,,,,/17/","Karta graficzna XFX Quicksilver Radeon RX 9070 XT Gaming 16GB GDDR6 (RX-97TQICKB9)","https://www.morele.net/karta-graficzna-xfx-quicksilver-radeon-rx-9070-xt-gaming-16gb-gddr6-rx-97tqickb9-14739187/","Rekomendowana moc zasilacza
                                                                                    
                                        
                                                                                            
                                                                                                            800 W"
"1747644128-112","https://www.morele.net/kategoria/karty-graficzne-12/,,,,,,,,0,,,,/17/","VGA Man GeForce RTX 5070 12GB Stellar OC","https://www.morele.net/vga-man-geforce-rtx-5070-12gb-stellar-oc-14917305/",""
"1747644130-113","https://www.morele.net/kategoria/karty-graficzne-12/,,,,,,,,0,,,,/17/","Karta graficzna XFX Quicksilver Radeon RX 9070 XT White Gaming 16GB GDDR6 (RX-97TQICKW9)","https://www.morele.net/karta-graficzna-xfx-quicksilver-radeon-rx-9070-xt-white-gaming-16gb-gddr6-rx-97tqickw9-14882949/","Rekomendowana moc zasilacza
                                                                                    
                                        
                                                                                            
                                                                                                            800 W"
"1747644132-114","https://www.morele.net/kategoria/karty-graficzne-12/,,,,,,,,0,,,,/17/","Karta graficzna Asus TUF GeForce RTX 5070 OC 12GB GDDR7 DLSS4 (TUF-RTX5070-O12G-GAMING)","https://www.morele.net/karta-graficzna-asus-tuf-geforce-rtx-5070-oc-12gb-gddr7-dlss4-tuf-rtx5070-o12g-gaming-14735375/","Rekomendowana moc zasilacza
                                                                                    
                                        
                                                                                            
                                                                                                            750 W"
"1747644142-115","https://www.morele.net/kategoria/karty-graficzne-12/,,,,,,,,0,,,,/16/","Karta graficzna PNY GeForce RTX 5070 ARGB EPIC-X RGB Overclocked (VCG507012TFXXPB1-O)","https://www.morele.net/karta-graficzna-pny-geforce-rtx-5070-argb-epic-x-rgb-overclocked-vcg507012tfxxpb1-o-14481849/","Rekomendowana moc zasilacza
                                                                                    
                                        
                                                                                            
                                                                                                            650 W"
"1747644145-116","https://www.morele.net/kategoria/karty-graficzne-12/,,,,,,,,0,,,,/16/","Karta graficzna Asus Prime Radeon RX 9070 OC 16GB GDDR6 (PRIME-RX9070-O16G)","https://www.morele.net/karta-graficzna-asus-prime-radeon-rx-9070-oc-16gb-gddr6-prime-rx9070-o16g-14731767/","Rekomendowana moc zasilacza
                                                                                    
                                        
                                                                                            
                                                                                                            650 W"
"1747644147-117","https://www.morele.net/kategoria/karty-graficzne-12/,,,,,,,,0,,,,/16/","Karta graficzna PNY RTX 2000 Ada Generation 16GB GDDR6 (VCNRTX2000ADA-PB)","https://www.morele.net/karta-graficzna-pny-rtx-2000-ada-generation-16gb-gddr6-vcnrtx2000ada-pb-13180362/","Rekomendowana moc zasilacza
                                                                                    
                                        
                                                                                            
                                                                                                            250 W"
"1747644149-118","https://www.morele.net/kategoria/karty-graficzne-12/,,,,,,,,0,,,,/16/","Karta graficzna Matrox M9148 Low Profile 1GB DDR2 (M9148-E1024LAF)","https://www.morele.net/karta-graficzna-matrox-m9148-low-profile-1gb-ddr2-m9148-e1024laf-278817/",""
"1747644152-119","https://www.morele.net/kategoria/karty-graficzne-12/,,,,,,,,0,,,,/16/","Karta graficzna NVIDIA RTX 2000 Ada Generation 16GB GDDR6 (900-5G192-2541-000)","https://www.morele.net/karta-graficzna-nvidia-rtx-2000-ada-generation-16gb-gddr6-900-5g192-2541-000-14069040/",""
"1747644154-120","https://www.morele.net/kategoria/karty-graficzne-12/,,,,,,,,0,,,,/16/","RTX 5070 12GB Manli Polar Fox OC GDDR7 3 Fan","https://www.morele.net/rtx-5070-12gb-manli-polar-fox-oc-gddr7-3-fan-14871628/",""
"1747644157-121","https://www.morele.net/kategoria/karty-graficzne-12/,,,,,,,,0,,,,/16/","Karta graficzna PNY RTX 2000 Ada Generation 16GB GDDR6 (VCNRTX2000ADA-SB)","https://www.morele.net/karta-graficzna-pny-rtx-2000-ada-generation-16gb-gddr6-vcnrtx2000ada-sb-13180363/","Rekomendowana moc zasilacza
                                                                                    
                                        
                                                                                            
                                                                                                            250 W"
"1747644159-122","https://www.morele.net/kategoria/karty-graficzne-12/,,,,,,,,0,,,,/16/","Karta graficzna ASRock Radeon RX 7900 XT Creator 20GB GDDR6 (RX7900XT CT 20G)","https://www.morele.net/karta-graficzna-asrock-radeon-rx-7900-xt-creator-20gb-gddr6-rx7900xt-ct-20g-13813055/","Rekomendowana moc zasilacza
                                                                                    
                                        
                                                                                            
                                                                                                            750 W"
"1747644162-123","https://www.morele.net/kategoria/karty-graficzne-12/,,,,,,,,0,,,,/16/","Karta graficzna Sapphire Pure Radeon RX 7900 XT 20GB GDDR6 (11323-09-20G)","https://www.morele.net/karta-graficzna-sapphire-pure-radeon-rx-7900-xt-20gb-gddr6-11323-09-20g-14764363/","Rekomendowana moc zasilacza
                                                                                    
                                        
                                                                                            
                                                                                                            750 W"
"1747644164-124","https://www.morele.net/kategoria/karty-graficzne-12/,,,,,,,,0,,,,/16/","Gainward GeForce RTX 5070 Phoenix NVIDIA 12 GB GDDR7","https://www.morele.net/gainward-geforce-rtx-5070-phoenix-nvidia-12-gb-gddr7-14844555/",""
"1747644166-125","https://www.morele.net/kategoria/karty-graficzne-12/,,,,,,,,0,,,,/16/","Zotac GAMING GeForce RTX 5070 AMP NVIDIA 12 GB GDDR7","https://www.morele.net/zotac-gaming-geforce-rtx-5070-amp-nvidia-12-gb-gddr7-14850698/",""
"1747644169-126","https://www.morele.net/kategoria/karty-graficzne-12/,,,,,,,,0,,,,/16/","RX 9070 16GB Acer Nitro Radeon OC GDDR6 3 Fan","https://www.morele.net/rx-9070-16gb-acer-nitro-radeon-oc-gddr6-3-fan-14878257/",""
"1747644171-127","https://www.morele.net/kategoria/karty-graficzne-12/,,,,,,,,0,,,,/16/","Karta graficzna ASRock Radeon RX 9070 Steel Legend 16GB GDDR6 (RX9070 SL 16GO)","https://www.morele.net/karta-graficzna-asrock-radeon-rx-9070-steel-legend-16gb-gddr6-rx9070-sl-16go-14732568/","Rekomendowana moc zasilacza
                                                                                    
                                        
                                                                                            
                                                                                                            700 W"
"1747644173-128","https://www.morele.net/kategoria/karty-graficzne-12/,,,,,,,,0,,,,/16/","Karta graficzna Asus Prime GeForce RTX 5070 12GB GDDR7 DLSS4 (PRIME-RTX5070-12G)","https://www.morele.net/karta-graficzna-asus-prime-geforce-rtx-5070-12gb-gddr7-dlss4-prime-rtx5070-12g-14740194/","Rekomendowana moc zasilacza
                                                                                    
                                        
                                                                                            
                                                                                                            750 W"
"1747644176-129","https://www.morele.net/kategoria/karty-graficzne-12/,,,,,,,,0,,,,/16/","VGA Man GeForce RTX 5070 12GB Nebula","https://www.morele.net/vga-man-geforce-rtx-5070-12gb-nebula-14917303/",""
"1747644178-130","https://www.morele.net/kategoria/karty-graficzne-12/,,,,,,,,0,,,,/16/","Karta graficzna PNY GeForce RTX 5070 Triple Fan 12GB GDDR7 DLSS4 (VCG507012TFXPB1)","https://www.morele.net/karta-graficzna-pny-geforce-rtx-5070-triple-fan-12gb-gddr7-dlss4-vcg507012tfxpb1-14982476/","Rekomendowana moc zasilacza
                                                                                    
                                        
                                                                                            
                                                                                                            650 W"
"1747644181-131","https://www.morele.net/kategoria/karty-graficzne-12/,,,,,,,,0,,,,/16/","Karta graf. INNO3D GeForce RTX 5070 Twin X2 OC WH.","https://www.morele.net/karta-graf-inno3d-geforce-rtx-5070-twin-x2-oc-wh-14763376/",""
"1747644183-132","https://www.morele.net/kategoria/karty-graficzne-12/,,,,,,,,0,,,,/16/","Karta graficzna XFX Swift Radeon RX 9070 OC White Triple Fan Gaming 16GB GDDR6 (RX-97SWFB3W9)","https://www.morele.net/karta-graficzna-xfx-swift-radeon-rx-9070-oc-white-triple-fan-gaming-16gb-gddr6-rx-97swfb3w9-14739183/","Rekomendowana moc zasilacza
                                                                                    
                                        
                                                                                            
                                                                                                            800 W"
"1747644186-133","https://www.morele.net/kategoria/karty-graficzne-12/,,,,,,,,0,,,,/16/","Karta graficzna Lenovo Quadro K5200 8GB GDDR5 (4X60G69025)","https://www.morele.net/karta-graficzna-lenovo-quadro-k5200-8gb-gddr5-4x60g69025-827701/",""
"1747644188-134","https://www.morele.net/kategoria/karty-graficzne-12/,,,,,,,,0,,,,/16/","Gainward GeForce RTX 5070 Phoenix GS NVIDIA 12 GB GDDR7","https://www.morele.net/gainward-geforce-rtx-5070-phoenix-gs-nvidia-12-gb-gddr7-14844556/",""
"1747644191-135","https://www.morele.net/kategoria/karty-graficzne-12/,,,,,,,,0,,,,/16/","Karta graficzna Gigabyte GeForce RTX 5070 Gaming OC 12GB GDDR7 (GV-N5070GAMING OC-12GD)","https://www.morele.net/karta-graficzna-gigabyte-geforce-rtx-5070-gaming-oc-12gb-gddr7-gv-n5070gaming-oc-12gd-14485482/","Rekomendowana moc zasilacza
                                                                                    
                                        
                                                                                            
                                                                                                            650 W"
"1747644193-136","https://www.morele.net/kategoria/karty-graficzne-12/,,,,,,,,0,,,,/16/","Karta graficzna Gigabyte GeForce RTX 5070 Eagle OC ICE SFF 12GB GDDR7 (GV-N5070EAGLEOC ICE-12GD)","https://www.morele.net/karta-graficzna-gigabyte-geforce-rtx-5070-eagle-oc-ice-sff-12gb-gddr7-gv-n5070eagleoc-ice-12gd-14485388/","Rekomendowana moc zasilacza
                                                                                    
                                        
                                                                                            
                                                                                                            650 W"
"1747644195-137","https://www.morele.net/kategoria/karty-graficzne-12/,,,,,,,,0,,,,/16/","Karta graficzna HP RTX A1000 Power Limited 8GB GDDR6 (VCNRTXA1000-PL)","https://www.morele.net/karta-graficzna-hp-rtx-a1000-power-limited-8gb-gddr6-vcnrtxa1000-pl-14441901/",""
"1747644198-138","https://www.morele.net/kategoria/karty-graficzne-12/,,,,,,,,0,,,,/16/","Karta graficzna Palit GeForce RTX 5070 GamingPro OC 12GB GDDR7 DLSS4 (NE75070T19K9-GB2050A)","https://www.morele.net/karta-graficzna-palit-geforce-rtx-5070-gamingpro-oc-12gb-gddr7-dlss4-ne75070t19k9-gb2050a-14731811/","Rekomendowana moc zasilacza
                                                                                    
                                        
                                                                                            
                                                                                                            650 W"
"1747644200-139","https://www.morele.net/kategoria/karty-graficzne-12/,,,,,,,,0,,,,/16/","Karta graficzna Palit GeForce RTX 5070 Infinity 3 OC 12GB GDDR7 DLSS4 (NE75070S19K9-GB2050S)","https://www.morele.net/karta-graficzna-palit-geforce-rtx-5070-infinity-3-oc-12gb-gddr7-dlss4-ne75070s19k9-gb2050s-14846951/","Rekomendowana moc zasilacza
                                                                                    
                                        
                                                                                            
                                                                                                            650 W"
"1747644203-140","https://www.morele.net/kategoria/karty-graficzne-12/,,,,,,,,0,,,,/16/","MSI GeForce RTX 4060 Ventus 2X Black OC + Płyta MAG Z890 TOMAHAWK WIFI + Zasilacz MAG A750GL PCIE5 750W + GRATIS Dysk SSD Spatium M450 V1 1TB / MSI MAG Z890 TOMAHAWK WIFI","https://www.morele.net/msi-geforce-rtx-4060-ventus-2x-black-oc-plyta-mag-z890-tomahawk-wifi-zasilacz-mag-a750gl-pcie5-750w-gratis-dysk-ssd-spatium-m450-v1-1tb-msi-mag-z890-tomahawk-wifi-9836298/","Rdzenie Tensor
                                                
                                                                                    
                                        
                                                                                            
                                                                                                            96"
"1747644205-141","https://www.morele.net/kategoria/karty-graficzne-12/,,,,,,,,0,,,,/16/","Karta graficzna ASRock Radeon RX 9070 Challenger 16GB GDDR6 (RX9070 CL 16G)","https://www.morele.net/karta-graficzna-asrock-radeon-rx-9070-challenger-16gb-gddr6-rx9070-cl-16g-14732569/","Rekomendowana moc zasilacza
                                                                                    
                                        
                                                                                            
                                                                                                            700 W"
"1747644207-142","https://www.morele.net/kategoria/karty-graficzne-12/,,,,,,,,0,,,,/16/","Karta graficzna NVIDIA RTX 2000 Ada Generation 16GB GDDR6 (900-5G192-2240-000)","https://www.morele.net/karta-graficzna-nvidia-rtx-2000-ada-generation-16gb-gddr6-900-5g192-2240-000-13809503/",""
"1747644210-143","https://www.morele.net/kategoria/karty-graficzne-12/,,,,,,,,0,,,,/16/","Zotac GAMING GeForce RTX 5070 Twin Edge OC NVIDIA 12 GB GDDR7","https://www.morele.net/zotac-gaming-geforce-rtx-5070-twin-edge-oc-nvidia-12-gb-gddr7-14980128/",""
"1747644212-144","https://www.morele.net/kategoria/karty-graficzne-12/,,,,,,,,0,,,,/16/","RTX 5070 12GB Gainward Python III GDDR7 3 Fan","https://www.morele.net/rtx-5070-12gb-gainward-python-iii-gddr7-3-fan-14779521/",""
"1747644220-145","https://www.morele.net/kategoria/karty-graficzne-12/,,,,,,,,0,,,,/15/","Karta graficzna MSI GeForce RTX 5070 Shadow 3X OC 12GB GDDR7 DLSS4","https://www.morele.net/karta-graficzna-msi-geforce-rtx-5070-shadow-3x-oc-12gb-gddr7-dlss4-14978544/","Rekomendowana moc zasilacza
                                                                                    
                                        
                                                                                            
                                                                                                            650 W"
"1747644222-146","https://www.morele.net/kategoria/karty-graficzne-12/,,,,,,,,0,,,,/15/","Karta graficzna Gigabyte GeForce RTX 5070 Eagle OC SFF 12GB GDDR7 (GV-N5070EAGLE OC-12GD)","https://www.morele.net/karta-graficzna-gigabyte-geforce-rtx-5070-eagle-oc-sff-12gb-gddr7-gv-n5070eagle-oc-12gd-14485376/","Rekomendowana moc zasilacza
                                                                                    
                                        
                                                                                            
                                                                                                            650 W"
"1747644225-147","https://www.morele.net/kategoria/karty-graficzne-12/,,,,,,,,0,,,,/15/","INNO3D GeForce RTX 5070 X3 OC 12GB GDDR7 3xDP 1xHDMI","https://www.morele.net/inno3d-geforce-rtx-5070-x3-oc-12gb-gddr7-3xdp-1xhdmi-14850607/",""
"1747644230-148","https://www.morele.net/kategoria/karty-graficzne-12/,,,,,,,,0,,,,/15/","Karta graficzna Biostar GeForce RTX 3080 10GB GDDR6X (VN3806RMT3)","https://www.morele.net/karta-graficzna-biostar-geforce-rtx-3080-10gb-gddr6x-vn3806rmt3-12899442/",""
"1747644233-149","https://www.morele.net/kategoria/karty-graficzne-12/,,,,,,,,0,,,,/15/","MSI GeForce RTX 4060 Ventus 2X Black OC + Płyta PRO Z890-P WIFI + Zasilacz MAG A650BN 650W + GRATIS Dysk SSD Spatium M450 V1 1TB / MSI PRO Z890-P WIFI","https://www.morele.net/msi-geforce-rtx-4060-ventus-2x-black-oc-plyta-pro-z890-p-wifi-zasilacz-mag-a650bn-650w-gratis-dysk-ssd-spatium-m450-v1-1tb-msi-pro-z890-p-wifi-9836296/","Rdzenie Tensor
                                                
                                                                                    
                                        
                                                                                            
                                                                                                            96"
"1747644235-150","https://www.morele.net/kategoria/karty-graficzne-12/,,,,,,,,0,,,,/15/","Karta graficzna Palit GeForce RTX 5070 GamingPro 12GB GDDR7 DLSS4 (NE75070019K9-GB2050A)","https://www.morele.net/karta-graficzna-palit-geforce-rtx-5070-gamingpro-12gb-gddr7-dlss4-ne75070019k9-gb2050a-14828084/","Rekomendowana moc zasilacza
                                                                                    
                                        
                                                                                            
                                                                                                            650 W"
"1747644238-151","https://www.morele.net/kategoria/karty-graficzne-12/,,,,,,,,0,,,,/15/","ZOTAC GAMING GeForce RTX 5060 Ti Twin Edge, 8192 MB GDDR7","https://www.morele.net/zotac-gaming-geforce-rtx-5060-ti-twin-edge-8192-mb-gddr7-14863861/",""
"1747644240-152","https://www.morele.net/kategoria/karty-graficzne-12/,,,,,,,,0,,,,/15/","Karta graficzna Asus TUF GeForce RTX 5060 Ti OC 16GB GDDR7 DLSS4 (TUF-RTX5060TI-O16G-GAMING)","https://www.morele.net/karta-graficzna-asus-tuf-geforce-rtx-5060-ti-oc-16gb-gddr7-dlss4-tuf-rtx5060ti-o16g-gaming-14853319/",""
"1747644243-153","https://www.morele.net/kategoria/karty-graficzne-12/,,,,,,,,0,,,,/15/","INNO3D GeForce RTX 5070 Twin X2, 12288 MB GDDR7","https://www.morele.net/inno3d-geforce-rtx-5070-twin-x2-12288-mb-gddr7-14774505/",""
"1747644245-154","https://www.morele.net/kategoria/karty-graficzne-12/,,,,,,,,0,,,,/15/","Karta graficzna Asus TUF GeForce RTX 5060 Ti OC 8GB GDDR7 DLSS4 (TUF-RTX5060TI-O8G-GAMING)","https://www.morele.net/karta-graficzna-asus-tuf-geforce-rtx-5060-ti-oc-8gb-gddr7-dlss4-tuf-rtx5060ti-o8g-gaming-14853315/",""
"1747644248-155","https://www.morele.net/kategoria/karty-graficzne-12/,,,,,,,,0,,,,/15/","Karta graficzna Zotac GeForce RTX 5070 Solid 12GB GDDR7 DLSS4 (ZT-B50700D-10P)","https://www.morele.net/karta-graficzna-zotac-geforce-rtx-5070-solid-12gb-gddr7-dlss4-zt-b50700d-10p-14770139/","Rekomendowana moc zasilacza
                                                                                    
                                        
                                                                                            
                                                                                                            650 W"
"1747644250-156","https://www.morele.net/kategoria/karty-graficzne-12/,,,,,,,,0,,,,/15/","Karta graficzna Matrox M9140 512MB DDR2 (M9140-E512LAF)","https://www.morele.net/karta-graficzna-matrox-m9140-512mb-ddr2-m9140-e512laf-182452/",""
"1747644252-157","https://www.morele.net/kategoria/karty-graficzne-12/,,,,,,,,0,,,,/15/","Karta graficzna Inno3D GeForce RTX 5070 Twin X2 OC 12GB GDDR7 (N50702-12D7X-195064N)","https://www.morele.net/karta-graficzna-inno3d-geforce-rtx-5070-twin-x2-oc-12gb-gddr7-n50702-12d7x-195064n-14763395/","Rekomendowana moc zasilacza
                                                                                    
                                        
                                                                                            
                                                                                                            650 W"
"1747644255-158","https://www.morele.net/kategoria/karty-graficzne-12/,,,,,,,,0,,,,/15/","Karta graficzna Asus Prime GeForce RTX 5060 Ti 16GB GDDR7 DLSS4 (PRIME-RTX5060TI-16G)","https://www.morele.net/karta-graficzna-asus-prime-geforce-rtx-5060-ti-16gb-gddr7-dlss4-prime-rtx5060ti-16g-14853314/",""
"1747644257-159","https://www.morele.net/kategoria/karty-graficzne-12/,,,,,,,,0,,,,/15/","Karta graficzna AMD Radeon PRO W7600 8GB GDDR6 (100-300000077)","https://www.morele.net/karta-graficzna-amd-radeon-pro-w7600-8gb-gddr6-100-300000077-13114731/","Rekomendowana moc zasilacza
                                                                                    
                                        
                                                                                            
                                                                                                            500 W"
"1747644260-160","https://www.morele.net/kategoria/karty-graficzne-12/,,,,,,,,0,,,,/15/","Karta graficzna Asus RTX A2000 6GB GDDR6 (90SKC000-M5UAN0)","https://www.morele.net/karta-graficzna-asus-rtx-a2000-6gb-gddr6-90skc000-m5uan0-11923320/",""
"1747644262-161","https://www.morele.net/kategoria/karty-graficzne-12/,,,,,,,,0,,,,/15/","Karta graficzna Gigabyte Aorus GeForce RTX 5060 Ti Elite 16GB GDDR7 DLSS4 (GV-N506TAORUS E-16GD)","https://www.morele.net/karta-graficzna-gigabyte-aorus-geforce-rtx-5060-ti-elite-16gb-gddr7-dlss4-gv-n506taorus-e-16gd-14848065/","Rekomendowana moc zasilacza
                                                                                    
                                        
                                                                                            
                                                                                                            650 W"
"1747644264-162","https://www.morele.net/kategoria/karty-graficzne-12/,,,,,,,,0,,,,/15/","Karta graficzna Asus Prime GeForce RTX 5060 Ti OC 16GB GDDR7 DLSS4 (PRIME-RTX5060TI-O16G)","https://www.morele.net/karta-graficzna-asus-prime-geforce-rtx-5060-ti-oc-16gb-gddr7-dlss4-prime-rtx5060ti-o16g-14853320/",""
"1747644267-163","https://www.morele.net/kategoria/karty-graficzne-12/,,,,,,,,0,,,,/15/","Karta graficzna Gainward GeForce RTX 4060 Ti Panther 16GB GDDR6 (471056224-4120)","https://www.morele.net/karta-graficzna-gainward-geforce-rtx-4060-ti-panther-16gb-gddr6-471056224-4120-13126706/","Rekomendowana moc zasilacza
                                                                                    
                                        
                                                                                            
                                                                                                            500 W"
"1747644273-164","https://www.morele.net/kategoria/karty-graficzne-12/,,,,,,,,0,,,,/15/","Karta graficzna Lenovo Quadro T600 4GB DDR6 (4X61E26090)","https://www.morele.net/karta-graficzna-lenovo-quadro-t600-4gb-ddr6-4x61e26090-9644128/",""
"1747644275-165","https://www.morele.net/kategoria/karty-graficzne-12/,,,,,,,,0,,,,/15/","Karta graficzna Lenovo Quadro T600 4GB DDR6 (5V10Y65017)","https://www.morele.net/karta-graficzna-lenovo-quadro-t600-4gb-ddr6-5v10y65017-14422104/",""
"1747644278-166","https://www.morele.net/kategoria/karty-graficzne-12/,,,,,,,,0,,,,/15/","Karta graficzna Asus Dual GeForce RTX 5060 Ti OC 16GB GDDR7 DLSS4 (DUAL-RTX5060TI-O16G)","https://www.morele.net/karta-graficzna-asus-dual-geforce-rtx-5060-ti-oc-16gb-gddr7-dlss4-dual-rtx5060ti-o16g-14853321/",""
"1747644280-167","https://www.morele.net/kategoria/karty-graficzne-12/,,,,,,,,0,,,,/15/","Karta graficzna Gigabyte GeForce RTX 5060 Ti Gaming OC 16GB GDDR7 DLSS4 (GV-N506TGAMING OC-16GD)","https://www.morele.net/karta-graficzna-gigabyte-geforce-rtx-5060-ti-gaming-oc-16gb-gddr7-dlss4-gv-n506tgaming-oc-16gd-14848067/","Rekomendowana moc zasilacza
                                                                                    
                                        
                                                                                            
                                                                                                            650 W"
"1747644282-168","https://www.morele.net/kategoria/karty-graficzne-12/,,,,,,,,0,,,,/15/","Karta graficzna Gigabyte GeForce RTX 5060 Ti Aero OC 16GB GDDR7 DLSS4 (GV-N506TAERO OC-16GD)","https://www.morele.net/karta-graficzna-gigabyte-geforce-rtx-5060-ti-aero-oc-16gb-gddr7-dlss4-gv-n506taero-oc-16gd-14848066/","Rekomendowana moc zasilacza
                                                                                    
                                        
                                                                                            
                                                                                                            650 W"
"1747644289-169","https://www.morele.net/kategoria/karty-graficzne-12/,,,,,,,,0,,,,/15/","Karta graficzna Lenovo Quadro T1000 8GB GDDR6 (4X61J52233)","https://www.morele.net/karta-graficzna-lenovo-quadro-t1000-8gb-gddr6-4x61j52233-12463057/",""
"1747644292-170","https://www.morele.net/kategoria/karty-graficzne-12/,,,,,,,,0,,,,/15/","GeForce RTX 3050 Ventus 2X XS OC + Płyta PRO Z890-S WIFI + Zasilacz MAG A650BN 650W + GRATIS Dysk SSD Spatium M450 V1 1TB / MSI PRO Z890-S WIFI","https://www.morele.net/geforce-rtx-3050-ventus-2x-xs-oc-plyta-pro-z890-s-wifi-zasilacz-mag-a650bn-650w-gratis-dysk-ssd-spatium-m450-v1-1tb-msi-pro-z890-s-wifi-9836299/","Rdzenie Tensor
                                                
                                                                                    
                                        
                                                                                            
                                                                                                            80"
"1747644294-171","https://www.morele.net/kategoria/karty-graficzne-12/,,,,,,,,0,,,,/15/","Karta graficzna Asus Prime GeForce RTX 5060 Ti OC 8GB GDDR7 DLSS4 (PRIME-RTX5060TI-O8G)","https://www.morele.net/karta-graficzna-asus-prime-geforce-rtx-5060-ti-oc-8gb-gddr7-dlss4-prime-rtx5060ti-o8g-14853290/",""
"1747644297-172","https://www.morele.net/kategoria/karty-graficzne-12/,,,,,,,,0,,,,/15/","Karta graficzna MSI GeForce RTX 4060 Ventus 2X Black OC 8GB GDDR6 + MSI MAG B650 TOMAHAWK WIFI","https://www.morele.net/karta-graficzna-msi-geforce-rtx-4060-ventus-2x-black-oc-8gb-gddr6-msi-mag-b650-tomahawk-wifi-9118117/","Rdzenie Tensor
                                                
                                                                                    
                                        
                                                                                            
                                                                                                            96"
"1747644299-173","https://www.morele.net/kategoria/karty-graficzne-12/,,,,,,,,0,,,,/15/","Karta graficzna Gigabyte GeForce RTX 5060 Ti Eagle OC 16GB GDDR7 (GV-N506TEAGLE OC-16GD)","https://www.morele.net/karta-graficzna-gigabyte-geforce-rtx-5060-ti-eagle-oc-16gb-gddr7-gv-n506teagle-oc-16gd-14848069/","Rekomendowana moc zasilacza
                                                                                    
                                        
                                                                                            
                                                                                                            650 W"
"1747644302-174","https://www.morele.net/kategoria/karty-graficzne-12/,,,,,,,,0,,,,/15/","Karta graficzna Gigabyte GeForce RTX 5060 Ti Eagle OC ICE 16GB GDDR7 (GV-N506TEAGLEOC ICE-16GD)","https://www.morele.net/karta-graficzna-gigabyte-geforce-rtx-5060-ti-eagle-oc-ice-16gb-gddr7-gv-n506teagleoc-ice-16gd-14848068/","Rekomendowana moc zasilacza
                                                                                    
                                        
                                                                                            
                                                                                                            650 W"
"1747644313-175","https://www.morele.net/kategoria/karty-graficzne-12/,,,,,,,,0,,,,/14/","Karta graficzna MSI GeForce RTX 4060 Ventus 2X Black OC 8GB GDDR6 + MSI B650 GAMING PLUS WIFI","https://www.morele.net/karta-graficzna-msi-geforce-rtx-4060-ventus-2x-black-oc-8gb-gddr6-msi-b650-gaming-plus-wifi-9118071/","Rdzenie Tensor
                                                
                                                                                    
                                        
                                                                                            
                                                                                                            96"
"1747644316-176","https://www.morele.net/kategoria/karty-graficzne-12/,,,,,,,,0,,,,/14/","Karta graficzna PNY GeForce RTX 5060 Ti Overclocked Dual 8GB GDDR7 (VCG5060T8DFXPB1-O)","https://www.morele.net/karta-graficzna-pny-geforce-rtx-5060-ti-overclocked-dual-8gb-gddr7-vcg5060t8dfxpb1-o-14982395/","Rekomendowana moc zasilacza
                                                                                    
                                        
                                                                                            
                                                                                                            600 W"
"1747644318-177","https://www.morele.net/kategoria/karty-graficzne-12/,,,,,,,,0,,,,/14/","ZOTAC GAMING GeForce RTX 5060 Ti Twin Edge OC, 16384 MB GDDR7","https://www.morele.net/zotac-gaming-geforce-rtx-5060-ti-twin-edge-oc-16384-mb-gddr7-14863867/",""
"1747644321-178","https://www.morele.net/kategoria/karty-graficzne-12/,,,,,,,,0,,,,/14/","Karta graficzna PNY RTX A1000 8GB GDDR6 (VCNRTXA1000-PB)","https://www.morele.net/karta-graficzna-pny-rtx-a1000-8gb-gddr6-vcnrtxa1000-pb-13239075/","Rekomendowana moc zasilacza
                                                                                    
                                        
                                                                                            
                                                                                                            250 W"
"1747644323-179","https://www.morele.net/kategoria/karty-graficzne-12/,,,,,,,,0,,,,/14/","Karta graficzna Zotac Gaming GeForce RTX 4060 Ti Twin Edge 16GB GDDR6 (ZT-D40620E-10M)","https://www.morele.net/karta-graficzna-zotac-gaming-geforce-rtx-4060-ti-twin-edge-16gb-gddr6-zt-d40620e-10m-13120004/","Rekomendowana moc zasilacza
                                                                                    
                                        
                                                                                            
                                                                                                            500 W"
"1747644325-180","https://www.morele.net/kategoria/karty-graficzne-12/,,,,,,,,0,,,,/14/","Karta graficzna Asus Dual GeForce RTX 5060 Ti OC 8GB GDDR7 DLSS4 (DUAL-RTX5060TI-O8G)","https://www.morele.net/karta-graficzna-asus-dual-geforce-rtx-5060-ti-oc-8gb-gddr7-dlss4-dual-rtx5060ti-o8g-14853313/",""
"1747644328-181","https://www.morele.net/kategoria/karty-graficzne-12/,,,,,,,,0,,,,/14/","Karta graficzna INNO3 RTX 5060 Ti Twin X2 16GB","https://www.morele.net/karta-graficzna-inno3-rtx-5060-ti-twin-x2-16gb-14854444/",""
"1747644330-182","https://www.morele.net/kategoria/karty-graficzne-12/,,,,,,,,0,,,,/14/","ZOTAC GAMING GeForce RTX 5060 Ti Twin Edge, 16384 MB GDDR7","https://www.morele.net/zotac-gaming-geforce-rtx-5060-ti-twin-edge-16384-mb-gddr7-14863854/",""
"1747644333-183","https://www.morele.net/kategoria/karty-graficzne-12/,,,,,,,,0,,,,/14/","Karta graficzna MSI GeForce RTX 4060 Ventus 2X Black OC 8GB GDDR6 + MSI B650M GAMING PLUS WIFI","https://www.morele.net/karta-graficzna-msi-geforce-rtx-4060-ventus-2x-black-oc-8gb-gddr6-msi-b650m-gaming-plus-wifi-9118146/","Rdzenie Tensor
                                                
                                                                                    
                                        
                                                                                            
                                                                                                            96"
"1747644335-184","https://www.morele.net/kategoria/karty-graficzne-12/,,,,,,,,0,,,,/14/","Karta graficzna Lenovo Quadro T1000 4GB GDDR6 (4X61E26088)","https://www.morele.net/karta-graficzna-lenovo-quadro-t1000-4gb-gddr6-4x61e26088-9644022/",""
"1747644337-185","https://www.morele.net/kategoria/karty-graficzne-12/,,,,,,,,0,,,,/14/","Karta graficzna Gigabyte GeForce RTX 5060 Ti Aero OC 8GB GDDR7 DLSS4 (GV-N506TAERO OC-8GD)","https://www.morele.net/karta-graficzna-gigabyte-geforce-rtx-5060-ti-aero-oc-8gb-gddr7-dlss4-gv-n506taero-oc-8gd-14848072/","Rekomendowana moc zasilacza
                                                                                    
                                        
                                                                                            
                                                                                                            650 W"
"1747644340-186","https://www.morele.net/kategoria/karty-graficzne-12/,,,,,,,,0,,,,/14/","Karta graficzna MSI GeForce RTX 4060 Ventus 2X Black OC 8GB GDDR6 + MSI B760 GAMING PLUS WIFI","https://www.morele.net/karta-graficzna-msi-geforce-rtx-4060-ventus-2x-black-oc-8gb-gddr6-msi-b760-gaming-plus-wifi-9118119/","Rdzenie Tensor
                                                
                                                                                    
                                        
                                                                                            
                                                                                                            96"
"1747644342-187","https://www.morele.net/kategoria/karty-graficzne-12/,,,,,,,,0,,,,/14/","Karta graficzna Gigabyte GeForce RTX 5060 Ti Windforce OC 16GB GDDR7 (GV-N506TWF2OC-16GD)","https://www.morele.net/karta-graficzna-gigabyte-geforce-rtx-5060-ti-windforce-oc-16gb-gddr7-gv-n506twf2oc-16gd-14848070/","Rekomendowana moc zasilacza
                                                                                    
                                        
                                                                                            
                                                                                                            650 W"
"1747644345-188","https://www.morele.net/kategoria/karty-graficzne-12/,,,,,,,,0,,,,/14/","Karta graficzna TUL POWERCOLOR AMD Radeon™ RX 7800 XT 16GB GDDR6 256-bit HDMI 3x DP","https://www.morele.net/karta-graficzna-tul-powercolor-amd-radeon-rx-7800-xt-16gb-gddr6-256-bit-hdmi-3x-dp-14102760/",""
"1747644347-189","https://www.morele.net/kategoria/karty-graficzne-12/,,,,,,,,0,,,,/14/","VGA Man GeForce RTX 4060 Ti 8GB Nebula Twin M25810","https://www.morele.net/vga-man-geforce-rtx-4060-ti-8gb-nebula-twin-m25810-14917302/",""
"1747644350-190","https://www.morele.net/kategoria/karty-graficzne-12/,,,,,,,,0,,,,/14/","Karta graficzna Gigabyte GeForce RTX 5060 Ti Gaming OC 8GB GDDR7 DLSS4 (GV-N506TGAMING OC-8GD)","https://www.morele.net/karta-graficzna-gigabyte-geforce-rtx-5060-ti-gaming-oc-8gb-gddr7-dlss4-gv-n506tgaming-oc-8gd-14848073/","Rekomendowana moc zasilacza
                                                                                    
                                        
                                                                                            
                                                                                                            650 W"
"1747644357-191","https://www.morele.net/kategoria/karty-graficzne-12/,,,,,,,,0,,,,/14/","Karta graficzna Asus Dual GeForce RTX 3060 Gaming OC 12GB GDDR6 (DUAL-RTX3060-O12G)","https://www.morele.net/karta-graficzna-asus-dual-geforce-rtx-3060-gaming-oc-12gb-gddr6-dual-rtx3060-o12g-5947290/",""
"1747644359-192","https://www.morele.net/kategoria/karty-graficzne-12/,,,,,,,,0,,,,/14/","Karta graficzna Gigabyte GeForce RTX 5060 Ti Windforce 16GB GDDR7 (GV-N506TWF2-16GD)","https://www.morele.net/karta-graficzna-gigabyte-geforce-rtx-5060-ti-windforce-16gb-gddr7-gv-n506twf2-16gd-14848071/","Rekomendowana moc zasilacza
                                                                                    
                                        
                                                                                            
                                                                                                            650 W"
"1747644362-193","https://www.morele.net/kategoria/karty-graficzne-12/,,,,,,,,0,,,,/14/","Karta graficzna Asus Prime GeForce RTX 5060 Ti 8GB GDDR7 DLSS4 (PRIME-RTX5060TI-8G)","https://www.morele.net/karta-graficzna-asus-prime-geforce-rtx-5060-ti-8gb-gddr7-dlss4-prime-rtx5060ti-8g-14853317/",""
"1747644364-194","https://www.morele.net/kategoria/karty-graficzne-12/,,,,,,,,0,,,,/14/","Karta graficzna Inno3D GeForce RTX 4060 Ti Twin X2 8GB GDDR6 (N406T2-08D6-171153N)","https://www.morele.net/karta-graficzna-inno3d-geforce-rtx-4060-ti-twin-x2-8gb-gddr6-n406t2-08d6-171153n-12921355/",""
"1747644367-195","https://www.morele.net/kategoria/karty-graficzne-12/,,,,,,,,0,,,,/14/","VGA PowerColor Radeon Powercolor RX 7700XT 12GB (Dual Fan)","https://www.morele.net/vga-powercolor-radeon-powercolor-rx-7700xt-12gb-dual-fan-14936002/",""
"1747644369-196","https://www.morele.net/kategoria/karty-graficzne-12/,,,,,,,,0,,,,/14/","Karta graficzna Gigabyte GeForce RTX 5060 Ti Eagle OC ICE 8GB GDDR7 (GV-N506TEAGLEOC ICE-8GD)","https://www.morele.net/karta-graficzna-gigabyte-geforce-rtx-5060-ti-eagle-oc-ice-8gb-gddr7-gv-n506teagleoc-ice-8gd-14848074/","Rekomendowana moc zasilacza
                                                                                    
                                        
                                                                                            
                                                                                                            650 W"
"1747644372-197","https://www.morele.net/kategoria/karty-graficzne-12/,,,,,,,,0,,,,/14/","Karta graficzna Zotac Gaming GeForce RTX 4060 Ti Twin Edge OC 8GB GDDR6 (ZT-D40610H-10M)","https://www.morele.net/karta-graficzna-zotac-gaming-geforce-rtx-4060-ti-twin-edge-oc-8gb-gddr6-zt-d40610h-10m-12994166/","Rekomendowana moc zasilacza
                                                                                    
                                        
                                                                                            
                                                                                                            500 W"
"1747644374-198","https://www.morele.net/kategoria/karty-graficzne-12/,,,,,,,,0,,,,/14/","ZOTAC GAMING GeForce RTX 5060 Ti Twin Edge OC, 8192 MB GDDR7","https://www.morele.net/zotac-gaming-geforce-rtx-5060-ti-twin-edge-oc-8192-mb-gddr7-14863853/",""
"1747644376-199","https://www.morele.net/kategoria/karty-graficzne-12/,,,,,,,,0,,,,/14/","Karta graficzna Gainward GeForce RTX 4060 Ti Pegasus 8GB GDDR6 (471056224-3987)","https://www.morele.net/karta-graficzna-gainward-geforce-rtx-4060-ti-pegasus-8gb-gddr6-471056224-3987-12888556/","Rekomendowana moc zasilacza
                                                                                    
                                        
                                                                                            
                                                                                                            650 W"
"1747644379-200","https://www.morele.net/kategoria/karty-graficzne-12/,,,,,,,,0,,,,/14/","Karta graficzna HP Quadro T1000 4GB GDDR6 (20X22AA)","https://www.morele.net/karta-graficzna-hp-quadro-t1000-4gb-gddr6-20x22aa-8851353/",""
"1747644381-201","https://www.morele.net/kategoria/karty-graficzne-12/,,,,,,,,0,,,,/14/","Karta graficzna Lenovo RTX A1000 8GB GDDR6 (4X61Q73041)","https://www.morele.net/karta-graficzna-lenovo-rtx-a1000-8gb-gddr6-4x61q73041-14425033/",""
"1747644383-202","https://www.morele.net/kategoria/karty-graficzne-12/,,,,,,,,0,,,,/14/","Karta graficzna NVIDIA Quadro T1000 8GB GDDR6 (900-5G172-2570-000)","https://www.morele.net/karta-graficzna-nvidia-quadro-t1000-8gb-gddr6-900-5g172-2570-000-13176881/",""
"1747644386-203","https://www.morele.net/kategoria/karty-graficzne-12/,,,,,,,,0,,,,/14/","Karta graficzna XFX Speedster SWFT 210 Radeon RX 7700 XT Core 12GB GDDR6 (RX-77TSWFTFP)","https://www.morele.net/karta-graficzna-xfx-speedster-swft-210-radeon-rx-7700-xt-core-12gb-gddr6-rx-77tswftfp-13918671/","Rekomendowana moc zasilacza
                                                                                    
                                        
                                                                                            
                                                                                                            700 W"
"1747644388-204","https://www.morele.net/kategoria/karty-graficzne-12/,,,,,,,,0,,,,/14/","Karta graficzna NVIDIA RTX A1000 8GB GDDR6 (900-5G172-2280-000)","https://www.morele.net/karta-graficzna-nvidia-rtx-a1000-8gb-gddr6-900-5g172-2280-000-13809501/",""
"1747644399-205","https://www.morele.net/kategoria/karty-graficzne-12/,,,,,,,,0,,,,/13/","Karta graficzna AMD Radeon PRO W7500 8GB GDDR6 (100-300000078)","https://www.morele.net/karta-graficzna-amd-radeon-pro-w7500-8gb-gddr6-100-300000078-13114729/","Rekomendowana moc zasilacza
                                                                                    
                                        
                                                                                            
                                                                                                            450 W"
"1747644403-206","https://www.morele.net/kategoria/karty-graficzne-12/,,,,,,,,0,,,,/13/","Karta graficzna Asus Quadro T1000 8GB GDDR6 (90SKC000-M6WAN0)","https://www.morele.net/karta-graficzna-asus-quadro-t1000-8gb-gddr6-90skc000-m6wan0-11813499/",""
"1747644406-207","https://www.morele.net/kategoria/karty-graficzne-12/,,,,,,,,0,,,,/13/","Karta graficzna HP Quadro T1000 8GB GDDR6 (5Z7D8AA)","https://www.morele.net/karta-graficzna-hp-quadro-t1000-8gb-gddr6-5z7d8aa-10946495/",""
"1747644408-208","https://www.morele.net/kategoria/karty-graficzne-12/,,,,,,,,0,,,,/13/","Karta graficzna Acer Nitro Radeon RX 7600 XT OC 16GB GDDR6 (DP.Z3LWW.P02)","https://www.morele.net/karta-graficzna-acer-nitro-radeon-rx-7600-xt-oc-16gb-gddr6-dp-z3lww-p02-13343818/",""
"1747644410-209","https://www.morele.net/kategoria/karty-graficzne-12/,,,,,,,,0,,,,/13/","Karta graficzna Palit GeForce RTX 5060 Ti Infinity 3 8GB GDDR7 DLSS4 (NE7506T019P1-GB2062S)","https://www.morele.net/karta-graficzna-palit-geforce-rtx-5060-ti-infinity-3-8gb-gddr7-dlss4-ne7506t019p1-gb2062s-14848081/","Rekomendowana moc zasilacza
                                                                                    
                                        
                                                                                            
                                                                                                            600 W"
"1747644413-210","https://www.morele.net/kategoria/karty-graficzne-12/,,,,,,,,0,,,,/13/","INNO3D GeForce RTX 5060 Ti Twin X2 OC, 8192 MB GDDR7","https://www.morele.net/inno3d-geforce-rtx-5060-ti-twin-x2-oc-8192-mb-gddr7-14863857/",""
"1747644415-211","https://www.morele.net/kategoria/karty-graficzne-12/,,,,,,,,0,,,,/13/","Karta graficzna Palit GeForce RTX 5060 Ti Dual 8GB GDDR7 DLSS4 (NE7506T019P1-GB2062D)","https://www.morele.net/karta-graficzna-palit-geforce-rtx-5060-ti-dual-8gb-gddr7-dlss4-ne7506t019p1-gb2062d-14848083/","Rekomendowana moc zasilacza
                                                                                    
                                        
                                                                                            
                                                                                                            600 W"
"1747644418-212","https://www.morele.net/kategoria/karty-graficzne-12/,,,,,,,,0,,,,/13/","Karta graficzna Biostar GeForce RTX 3070 8GB GDDR6 (VN3706RM82)","https://www.morele.net/karta-graficzna-biostar-geforce-rtx-3070-8gb-gddr6-vn3706rm82-12812968/",""
"1747644420-213","https://www.morele.net/kategoria/karty-graficzne-12/,,,,,,,,0,,,,/13/","INNO3D GeForce RTX 5060 Ti Twin X2, 8192 MB GDDR7","https://www.morele.net/inno3d-geforce-rtx-5060-ti-twin-x2-8192-mb-gddr7-14863876/",""
"1747644422-214","https://www.morele.net/kategoria/karty-graficzne-12/,,,,,,,,0,,,,/13/","Karta graficzna Gigabyte GeForce RTX 5060 Ti Windforce 8GB GDDR7 (GV-N506TWF2-8GD)","https://www.morele.net/karta-graficzna-gigabyte-geforce-rtx-5060-ti-windforce-8gb-gddr7-gv-n506twf2-8gd-14848077/","Rekomendowana moc zasilacza
                                                                                    
                                        
                                                                                            
                                                                                                            650 W"
"1747644425-215","https://www.morele.net/kategoria/karty-graficzne-12/,,,,,,,,0,,,,/13/","Karta graficzna Gigabyte GeForce RTX 5060 Ti Windforce OC 8GB GDDR7 (GV-N506TWF2OC-8GD)","https://www.morele.net/karta-graficzna-gigabyte-geforce-rtx-5060-ti-windforce-oc-8gb-gddr7-gv-n506twf2oc-8gd-14848076/","Rekomendowana moc zasilacza
                                                                                    
                                        
                                                                                            
                                                                                                            650 W"
"1747644427-216","https://www.morele.net/kategoria/karty-graficzne-12/,,,,,,,,0,,,,/13/","Karta graficzna HP Arc Pro A40 6GB GDDR6 (6E3Y8AA)","https://www.morele.net/karta-graficzna-hp-arc-pro-a40-6gb-gddr6-6e3y8aa-13811055/",""
"1747644431-217","https://www.morele.net/kategoria/karty-graficzne-12/,,,,,,,,0,,,,/13/","Karta graficzna HP RTX A1000 8GB GDDR6 (900-5G172-2580-000)","https://www.morele.net/karta-graficzna-hp-rtx-a1000-8gb-gddr6-900-5g172-2580-000-14406684/",""
"1747644434-218","https://www.morele.net/kategoria/karty-graficzne-12/,,,,,,,,0,,,,/13/","Karta graficzna Matrox M9120 Plus 512MB DDR2 (M9120-E512LAU1F)","https://www.morele.net/karta-graficzna-matrox-m9120-plus-512mb-ddr2-m9120-e512lau1f-811403/",""
"1747644436-219","https://www.morele.net/kategoria/karty-graficzne-12/,,,,,,,,0,,,,/13/","Karta graficzna NVIDIA Quadro T1000 8GB GDDR6 (900-5G172-2270-000)","https://www.morele.net/karta-graficzna-nvidia-quadro-t1000-8gb-gddr6-900-5g172-2270-000-14069038/",""
"1747644438-220","https://www.morele.net/kategoria/karty-graficzne-12/,,,,,,,,0,,,,/13/","Karta graficzna PNY Quadro T1000 4GB GDDR6 (VCNT1000-PB)","https://www.morele.net/karta-graficzna-pny-quadro-t1000-4gb-gddr6-vcnt1000-pb-8507458/","Rekomendowana moc zasilacza
                                                                                    
                                        
                                                                                            
                                                                                                            350 W"
"1747644441-221","https://www.morele.net/kategoria/karty-graficzne-12/,,,,,,,,0,,,,/13/","Karta graficzna HP Quadro T400 4GB GDDR6 (5Z7E0AA)","https://www.morele.net/karta-graficzna-hp-quadro-t400-4gb-gddr6-5z7e0aa-12998128/",""
"1747644447-222","https://www.morele.net/kategoria/karty-graficzne-12/,,,,,,,,0,,,,/13/","Karta graficzna PNY Quadro T1000 4GB GDDR6 (VCNT1000-SB)","https://www.morele.net/karta-graficzna-pny-quadro-t1000-4gb-gddr6-vcnt1000-sb-8548261/","Rekomendowana moc zasilacza
                                                                                    
                                        
                                                                                            
                                                                                                            350 W"
"1747644450-223","https://www.morele.net/kategoria/karty-graficzne-12/,,,,,,,,0,,,,/13/","Karta graficzna NVIDIA Quadro T1000 8GB GDDR6 (900-5G172-2270-000)","https://www.morele.net/karta-graficzna-nvidia-quadro-t1000-8gb-gddr6-900-5g172-2270-000-13133364/",""
"1747644452-224","https://www.morele.net/kategoria/karty-graficzne-12/,,,,,,,,0,,,,/13/","Karta graficzna Intel Arc Pro A60 12 GB GDDR6 (23P04E00BA)","https://www.morele.net/karta-graficzna-intel-arc-pro-a60-12-gb-gddr6-23p04e00ba-14210123/","Rekomendowana moc zasilacza
                                                                                    
                                        
                                                                                            
                                                                                                            300 W"
"1747644455-225","https://www.morele.net/kategoria/karty-graficzne-12/,,,,,,,,0,,,,/13/","Karta graficzna Dell Quadro P1000 4GB GDDR5 (490-BDXN)","https://www.morele.net/karta-graficzna-dell-quadro-p1000-4gb-gddr5-490-bdxn-6450528/",""
"1747644457-226","https://www.morele.net/kategoria/karty-graficzne-12/,,,,,,,,0,,,,/13/","Karta graficzna Asus Dual GeForce RTX 4060 V2 OC 8GB GDDR6 Bulk (DUAL-RTX4060-O8G-V2)","https://www.morele.net/karta-graficzna-asus-dual-geforce-rtx-4060-v2-oc-8gb-gddr6-bulk-dual-rtx4060-o8g-v2-13173147/","Rekomendowana moc zasilacza
                                                                                    
                                        
                                                                                            
                                                                                                            550 W"
"1747644464-227","https://www.morele.net/kategoria/karty-graficzne-12/,,,,,,,,0,,,,/13/","Karta graficzna Asus TUF GeForce GTX 1660 Ti Gaming Evo 6GB GDDR6 (TUF-GTX1660TI-6G-EVO-GAMING)","https://www.morele.net/karta-graficzna-asus-tuf-geforce-gtx-1660-ti-gaming-evo-6gb-gddr6-tuf-gtx1660ti-6g-evo-gaming-9471880/",""
"1747644472-228","https://www.morele.net/kategoria/karty-graficzne-12/,,,,,,,,0,,,,/13/","Karta graficzna Asus TUF GeForce GTX 1660 SUPER Gaming 6GB GDDR6 (TUF-GTX1660S-6G-GAMING)","https://www.morele.net/karta-graficzna-asus-tuf-geforce-gtx-1660-super-gaming-6gb-gddr6-tuf-gtx1660s-6g-gaming-6446021/",""
"1747644474-229","https://www.morele.net/kategoria/karty-graficzne-12/,,,,,,,,0,,,,/13/","Karta graficzna Inno3D GeForce RTX 4060 Compact 8GB GDDR6 (N40601-08D6-173050N)","https://www.morele.net/karta-graficzna-inno3d-geforce-rtx-4060-compact-8gb-gddr6-n40601-08d6-173050n-13122034/",""
"1747644476-230","https://www.morele.net/kategoria/karty-graficzne-12/,,,,,,,,0,,,,/13/","Karta graficzna Gainward GeForce RTX 4060 Pegasus 8GB GDDR6 (471056224-4083)","https://www.morele.net/karta-graficzna-gainward-geforce-rtx-4060-pegasus-8gb-gddr6-471056224-4083-12960738/","Rekomendowana moc zasilacza
                                                                                    
                                        
                                                                                            
                                                                                                            600 W"
"1747644479-231","https://www.morele.net/kategoria/karty-graficzne-12/,,,,,,,,0,,,,/13/","Karta graficzna Acer Nitro Arc B580 OC 12GB GDDR6 (DP.Z4BWW.P01)","https://www.morele.net/karta-graficzna-acer-nitro-arc-b580-oc-12gb-gddr6-dp-z4bww-p01-14499178/",""
"1747644481-232","https://www.morele.net/kategoria/karty-graficzne-12/,,,,,,,,0,,,,/13/","Karta graficzna Zotac Gaming GeForce RTX 4060 Twin Edge 8GB GDDR6 (ZT-D40600E-10M)","https://www.morele.net/karta-graficzna-zotac-gaming-geforce-rtx-4060-twin-edge-8gb-gddr6-zt-d40600e-10m-13123478/","Rekomendowana moc zasilacza
                                                                                    
                                        
                                                                                            
                                                                                                            500 W"
"1747644484-233","https://www.morele.net/kategoria/karty-graficzne-12/,,,,,,,,0,,,,/13/","Karta graficzna Gigabyte GeForce RTX 4060 D6 8GB GDDR6 (GV-N4060D6-8GD)","https://www.morele.net/karta-graficzna-gigabyte-geforce-rtx-4060-d6-8gb-gddr6-gv-n4060d6-8gd-13127318/","Rekomendowana moc zasilacza
                                                                                    
                                        
                                                                                            
                                                                                                            450 W"
"1747644486-234","https://www.morele.net/kategoria/karty-graficzne-12/,,,,,,,,0,,,,/13/","Karta graficzna ASRock Arc B580 Steel Legend OC 12GB GDDR6 (B580 SL 12GO)","https://www.morele.net/karta-graficzna-asrock-arc-b580-steel-legend-oc-12gb-gddr6-b580-sl-12go-14450504/","Rekomendowana moc zasilacza
                                                                                    
                                        
                                                                                            
                                                                                                            650 W"
"1747644496-235","https://www.morele.net/kategoria/karty-graficzne-12/,,,,,,,,0,,,,/12/","VGA Man GeForce RTX 3060 12GB Classics","https://www.morele.net/vga-man-geforce-rtx-3060-12gb-classics-14917304/",""
"1747644498-236","https://www.morele.net/kategoria/karty-graficzne-12/,,,,,,,,0,,,,/12/","Karta graf. Asrock Intel ARC A770 CL SE 16GO","https://www.morele.net/karta-graf-asrock-intel-arc-a770-cl-se-16go-14827992/",""
"1747644501-237","https://www.morele.net/kategoria/karty-graficzne-12/,,,,,,,,0,,,,/12/","Karta graficzna Sparkle Arc A770 ROC Luna White 16GB GDDR6 (SA770R-16GOC)","https://www.morele.net/karta-graficzna-sparkle-arc-a770-roc-luna-white-16gb-gddr6-sa770r-16goc-13273510/",""
"1747644503-238","https://www.morele.net/kategoria/karty-graficzne-12/,,,,,,,,0,,,,/12/","Karta graf. SPARKLE Intel Arc B580 GUARDIAN 12G","https://www.morele.net/karta-graf-sparkle-intel-arc-b580-guardian-12g-14748292/",""
"1747644505-239","https://www.morele.net/kategoria/karty-graficzne-12/,,,,,,,,0,,,,/12/","Karta graficzna Sparkle Arc B580 Titan Luna OC 12GB GDDR6 (SB580TW-12GOC)","https://www.morele.net/karta-graficzna-sparkle-arc-b580-titan-luna-oc-12gb-gddr6-sb580tw-12goc-14748293/",""
"1747644512-240","https://www.morele.net/kategoria/karty-graficzne-12/,,,,,,,,0,,,,/12/","Karta graficzna Asus Phoenix GeForce RTX 3050 8GB GDDR6 (PH-RTX3050-8G)","https://www.morele.net/karta-graficzna-asus-phoenix-geforce-rtx-3050-8gb-gddr6-ph-rtx3050-8g-9906764/",""
"1747644514-241","https://www.morele.net/kategoria/karty-graficzne-12/,,,,,,,,0,,,,/12/","Karta graficzna Sparkle Arc A770 ROC Black 16GB GDDR6 (SA770R-16GOC)","https://www.morele.net/karta-graficzna-sparkle-arc-a770-roc-black-16gb-gddr6-sa770r-16goc-13273511/",""
"1747644517-242","https://www.morele.net/kategoria/karty-graficzne-12/,,,,,,,,0,,,,/12/","Karta graficzna Intel Arc B580 Limited Edition 12GB GDDR6 (31P06HB0BA)","https://www.morele.net/karta-graficzna-intel-arc-b580-limited-edition-12gb-gddr6-31p06hb0ba-14487348/","Rekomendowana moc zasilacza
                                                                                    
                                        
                                                                                            
                                                                                                            600 W"
"1747644519-243","https://www.morele.net/kategoria/karty-graficzne-12/,,,,,,,,0,,,,/12/","Karta graficzna AFOX Radeon RX 570 8GB GDDR5 (AFRX570-8192D5H5)","https://www.morele.net/karta-graficzna-afox-radeon-rx-570-8gb-gddr5-afrx570-8192d5h5-6535582/",""
"1747644522-244","https://www.morele.net/kategoria/karty-graficzne-12/,,,,,,,,0,,,,/12/","Karta graficzna Asus TUF GeForce RTX 3050 OC 8GB GDDR6 (90YV0HM4-M0NA00)","https://www.morele.net/karta-graficzna-asus-tuf-geforce-rtx-3050-oc-8gb-gddr6-90yv0hm4-m0na00-10671328/","Rekomendowana moc zasilacza
                                                                                    
                                        
                                                                                            
                                                                                                            550 W"
"1747644524-245","https://www.morele.net/kategoria/karty-graficzne-12/,,,,,,,,0,,,,/12/","Intel Arc Pro A50 LP 6GB GDDR6 PCIe 4.0 x16 aktiv 23P6PC00BA Bulk","https://www.morele.net/intel-arc-pro-a50-lp-6gb-gddr6-pcie-4-0-x16-aktiv-23p6pc00ba-bulk-14828104/",""
"1747644527-246","https://www.morele.net/kategoria/karty-graficzne-12/,,,,,,,,0,,,,/12/","Karta graficzna HP NVIDIA Quadro RTX A400 4GB GDDR6 4x mini-DisplayPort GPU 2D CAD Graphics Video Card for HP Workstations - 50W low-profile single-slot","https://www.morele.net/karta-graficzna-hp-nvidia-quadro-rtx-a400-4gb-gddr6-4x-mini-displayport-gpu-2d-cad-graphics-video-card-for-hp-workstations-50w-low-profile-single-slot-14415859/",""
"1747644529-247","https://www.morele.net/kategoria/karty-graficzne-12/,,,,,,,,0,,,,/12/","Acer Nitro Intel Arc B570 OC Arc B570 10 GB GDDR6","https://www.morele.net/acer-nitro-intel-arc-b570-oc-arc-b570-10-gb-gddr6-14499174/",""
"1747644532-248","https://www.morele.net/kategoria/karty-graficzne-12/,,,,,,,,0,,,,/12/","Nvidia T400 4 Gb Gddr6","https://www.morele.net/nvidia-t400-4-gb-gddr6-14739261/",""
"1747644534-249","https://www.morele.net/kategoria/karty-graficzne-12/,,,,,,,,0,,,,/12/","Intel Arc Pro A40 LP 6GB GDDR6 PCIe 4.0 x16 aktiv 23P6PA00BA Bulk","https://www.morele.net/intel-arc-pro-a40-lp-6gb-gddr6-pcie-4-0-x16-aktiv-23p6pa00ba-bulk-14828097/",""
"1747644536-250","https://www.morele.net/kategoria/karty-graficzne-12/,,,,,,,,0,,,,/12/","Karta graf. SPARKLE Intel Arc B570 GUARDIAN Luna OC","https://www.morele.net/karta-graf-sparkle-intel-arc-b570-guardian-luna-oc-14774438/",""
"1747644539-251","https://www.morele.net/kategoria/karty-graficzne-12/,,,,,,,,0,,,,/12/","Karta graficzna Sparkle Arc B570 Guardian OC 10GB GDDR6 (SB570G-10GOC)","https://www.morele.net/karta-graficzna-sparkle-arc-b570-guardian-oc-10gb-gddr6-sb570g-10goc-14492974/",""
"1747644541-252","https://www.morele.net/kategoria/karty-graficzne-12/,,,,,,,,0,,,,/12/","Asrock A750 CL SE 8GO Intel Arc A750 8 GB GDDR6","https://www.morele.net/asrock-a750-cl-se-8go-intel-arc-a750-8-gb-gddr6-14644909/",""
"1747644544-253","https://www.morele.net/kategoria/karty-graficzne-12/,,,,,,,,0,,,,/12/","Karta graficzna Zotac Gaming GeForce RTX 3050 Eco Solo 8GB GDDR6 (ZT-A30500R-10L)","https://www.morele.net/karta-graficzna-zotac-gaming-geforce-rtx-3050-eco-solo-8gb-gddr6-zt-a30500r-10l-13128216/","Rekomendowana moc zasilacza
                                                                                    
                                        
                                                                                            
                                                                                                            450 W"
"1747644548-254","https://www.morele.net/kategoria/karty-graficzne-12/,,,,,,,,0,,,,/12/","Karta graficzna Inno3D GeForce RTX 3050 Twin X2 OC 8GB GDDR6 (N30502-08D6X-1711VA41)","https://www.morele.net/karta-graficzna-inno3d-geforce-rtx-3050-twin-x2-oc-8gb-gddr6-n30502-08d6x-1711va41-13127675/",""
"1747644550-255","https://www.morele.net/kategoria/karty-graficzne-12/,,,,,,,,0,,,,/12/","Karta graficzna Dell Quadro P400 2GB GDDR5 (490-BDZY)","https://www.morele.net/karta-graficzna-dell-quadro-p400-2gb-gddr5-490-bdzy-7173774/",""
"1747644553-256","https://www.morele.net/kategoria/karty-graficzne-12/,,,,,,,,0,,,,/12/","Karta graficzna Sparkle Arc A750 ROC OC 8GB GDDR6 (SA750R-8GOC)","https://www.morele.net/karta-graficzna-sparkle-arc-a750-roc-oc-8gb-gddr6-sa750r-8goc-13843160/",""
"1747644555-257","https://www.morele.net/kategoria/karty-graficzne-12/,,,,,,,,0,,,,/12/","VGA Man GeForce RTX 3050 8GB Nebula Single","https://www.morele.net/vga-man-geforce-rtx-3050-8gb-nebula-single-14917299/",""
"1747644559-258","https://www.morele.net/kategoria/karty-graficzne-12/,,,,,,,,0,,,,/12/","Karta graficzna PNY RTX A400 4GB GDDR6 (VCNRTXA400-PB)","https://www.morele.net/karta-graficzna-pny-rtx-a400-4gb-gddr6-vcnrtxa400-pb-13267521/","Rekomendowana moc zasilacza
                                                                                    
                                        
                                                                                            
                                                                                                            250 W"
"1747644561-259","https://www.morele.net/kategoria/karty-graficzne-12/,,,,,,,,0,,,,/12/","Karta graficzna Sparkle Arc A750 ROC Luna OC 8GB GDDR6 (SA750RW-8GO)","https://www.morele.net/karta-graficzna-sparkle-arc-a750-roc-luna-oc-8gb-gddr6-sa750rw-8go-13797779/",""
"1747644564-260","https://www.morele.net/kategoria/karty-graficzne-12/,,,,,,,,0,,,,/12/","Karta graficzna Biostar GeForce GTX 1660 SUPER 6GB GDDR6 (VN1666SF69)","https://www.morele.net/karta-graficzna-biostar-geforce-gtx-1660-super-6gb-gddr6-vn1666sf69-12288422/",""
"1747644566-261","https://www.morele.net/kategoria/karty-graficzne-12/,,,,,,,,0,,,,/12/","Karta graficzna Zotac Gaming GeForce RTX 3050 Solo 6GB GDDR6 (ZT-A30510G-10L)","https://www.morele.net/karta-graficzna-zotac-gaming-geforce-rtx-3050-solo-6gb-gddr6-zt-a30510g-10l-13178619/","Rekomendowana moc zasilacza
                                                                                    
                                        
                                                                                            
                                                                                                            300 W"
"1747644568-262","https://www.morele.net/kategoria/karty-graficzne-12/,,,,,,,,0,,,,/12/","Karta graficzna PNY RTX A400 Power Limited 4GB GDDR6 (VCNRTXA400-PL)","https://www.morele.net/karta-graficzna-pny-rtx-a400-power-limited-4gb-gddr6-vcnrtxa400-pl-14454563/","Rekomendowana moc zasilacza
                                                                                    
                                        
                                                                                            
                                                                                                            250 W"
"1747644575-263","https://www.morele.net/kategoria/karty-graficzne-12/,,,,,,,,0,,,,/12/","Karta graficzna Power Color Radeon RX 6500 XT 4GB GDDR6 (AXRX 6500XT 4GBD6-DH)","https://www.morele.net/karta-graficzna-power-color-radeon-rx-6500-xt-4gb-gddr6-axrx-6500xt-4gbd6-dh-9681343/","Rekomendowana moc zasilacza
                                                                                    
                                        
                                                                                            
                                                                                                            400 W"
"1747644578-264","https://www.morele.net/kategoria/karty-graficzne-12/,,,,,,,,0,,,,/12/","Karta graficzna Asus GeForce RTX 3050 OC 6GB GDDR6 (RTX3050-O6G-LP-BRK)","https://www.morele.net/karta-graficzna-asus-geforce-rtx-3050-oc-6gb-gddr6-rtx3050-o6g-lp-brk-13192155/",""
"1747644588-265","https://www.morele.net/kategoria/karty-graficzne-12/,,,,,,,,0,,,,/11/","Karta graficzna Zotac Gaming GeForce RTX 3050 Eco 8GB GDDR6 (ZT-A30500K-10M)","https://www.morele.net/karta-graficzna-zotac-gaming-geforce-rtx-3050-eco-8gb-gddr6-zt-a30500k-10m-13120002/","Rekomendowana moc zasilacza
                                                                                    
                                        
                                                                                            
                                                                                                            450 W"
"1747644590-266","https://www.morele.net/kategoria/karty-graficzne-12/,,,,,,,,0,,,,/11/","Karta graficzna Gigabyte GeForce RTX 3050 OC Low Profile 6GB GDDR6 (GV-N3050OC-6GL)","https://www.morele.net/karta-graficzna-gigabyte-geforce-rtx-3050-oc-low-profile-6gb-gddr6-gv-n3050oc-6gl-13174073/","Rekomendowana moc zasilacza
                                                                                    
                                        
                                                                                            
                                                                                                            300 W"
"1747644593-267","https://www.morele.net/kategoria/karty-graficzne-12/,,,,,,,,0,,,,/11/","Karta graficzna Sparkle Arc A750 Orc OC Edition 8GB GDDR6 (SA750C-8GOC)","https://www.morele.net/karta-graficzna-sparkle-arc-a750-orc-oc-edition-8gb-gddr6-sa750c-8goc-13120081/",""
"1747644595-268","https://www.morele.net/kategoria/karty-graficzne-12/,,,,,,,,0,,,,/11/","VGA Man GeForce RTX 3050 6GB Nebula Twin (Low Profile) V2","https://www.morele.net/vga-man-geforce-rtx-3050-6gb-nebula-twin-low-profile-v2-14917300/",""
"1747644598-269","https://www.morele.net/kategoria/karty-graficzne-12/,,,,,,,,0,,,,/11/","Karta graficzna Gainward GeForce RTX 3050 Pegasus 6GB GDDR6 (471056224-4182)","https://www.morele.net/karta-graficzna-gainward-geforce-rtx-3050-pegasus-6gb-gddr6-471056224-4182-13173169/","Rekomendowana moc zasilacza
                                                                                    
                                        
                                                                                            
                                                                                                            300 W"
"1747644600-270","https://www.morele.net/kategoria/karty-graficzne-12/,,,,,,,,0,,,,/11/","Karta graficzna BIOSTAR GeForce RTX 3050 6GB","https://www.morele.net/karta-graficzna-biostar-geforce-rtx-3050-6gb-14524522/",""
"1747644602-271","https://www.morele.net/kategoria/karty-graficzne-12/,,,,,,,,0,,,,/11/","Karta graficzna Inno3D GeForce RTX 3050 Twin X2 6GB GDDR6 (N30502-06D6-1711VA60)","https://www.morele.net/karta-graficzna-inno3d-geforce-rtx-3050-twin-x2-6gb-gddr6-n30502-06d6-1711va60-13231327/",""
"1747644606-272","https://www.morele.net/kategoria/karty-graficzne-12/,,,,,,,,0,,,,/11/","Karta graficzna Sparkle Arc A580 Orc OC Edition 8GB GDDR6 (SA580C-8GOC)","https://www.morele.net/karta-graficzna-sparkle-arc-a580-orc-oc-edition-8gb-gddr6-sa580c-8goc-13174202/",""
"1747644608-273","https://www.morele.net/kategoria/karty-graficzne-12/,,,,,,,,0,,,,/11/","VGA Man GeForce RTX 3050 6GB Classics Single","https://www.morele.net/vga-man-geforce-rtx-3050-6gb-classics-single-14917298/",""
"1747644611-274","https://www.morele.net/kategoria/karty-graficzne-12/,,,,,,,,0,,,,/11/","AFOX Karta graficzna - Geforce GTX1660Ti 6GB GDDR6 192 bit DP DVI HDMI ATX Dual Fan V4","https://www.morele.net/afox-karta-graficzna-geforce-gtx1660ti-6gb-gddr6-192-bit-dp-dvi-hdmi-atx-dual-fan-v4-14687465/",""
"1747644613-275","https://www.morele.net/kategoria/karty-graficzne-12/,,,,,,,,0,,,,/11/","AFOX Karta graficzna - Geforce GTX1660 SUPER 6GB GDDR6 192Bit DP DVI HDMI ATX Dual V4","https://www.morele.net/afox-karta-graficzna-geforce-gtx1660-super-6gb-gddr6-192bit-dp-dvi-hdmi-atx-dual-v4-14687466/",""
"1747644615-276","https://www.morele.net/kategoria/karty-graficzne-12/,,,,,,,,0,,,,/11/","Karta graficzna Leadtek Quadro T400 4GB GDDR6 (900-5G172-2540-000)","https://www.morele.net/karta-graficzna-leadtek-quadro-t400-4gb-gddr6-900-5g172-2540-000-14080580/",""
"1747644618-277","https://www.morele.net/kategoria/karty-graficzne-12/,,,,,,,,0,,,,/11/","Karta graficzna Zotac Gaming GeForce RTX 3050 Solo 6GB GDDR6 (ZT-A30510L-10L)","https://www.morele.net/karta-graficzna-zotac-gaming-geforce-rtx-3050-solo-6gb-gddr6-zt-a30510l-10l-13263951/","Rekomendowana moc zasilacza
                                                                                    
                                        
                                                                                            
                                                                                                            300 W"
"1747644620-278","https://www.morele.net/kategoria/karty-graficzne-12/,,,,,,,,0,,,,/11/","Karta graficzna AFOX Radeon RX 550 4GB GDDR5 (AFRX550-4096D5H4)","https://www.morele.net/karta-graficzna-afox-radeon-rx-550-4gb-gddr5-afrx550-4096d5h4-6535579/",""
"1747644626-279","https://www.morele.net/kategoria/karty-graficzne-12/,,,,,,,,0,,,,/11/","Karta graficzna Power Color Radeon RX 6500 XT Fighter OC 4GB GDDR6 (AXRX 6500XT 4GBD6-DH/OC)","https://www.morele.net/karta-graficzna-power-color-radeon-rx-6500-xt-fighter-oc-4gb-gddr6-axrx-6500xt-4gbd6-dh-oc-9681342/","Rekomendowana moc zasilacza
                                                                                    
                                        
                                                                                            
                                                                                                            400 W"
"1747644628-280","https://www.morele.net/kategoria/karty-graficzne-12/,,,,,,,,0,,,,/11/","Karta graficzna Sapphire Pulse Radeon RX 6500 XT OC 8GB GDDR6 (11314-08-20G)","https://www.morele.net/karta-graficzna-sapphire-pulse-radeon-rx-6500-xt-oc-8gb-gddr6-11314-08-20g-14265961/","Rekomendowana moc zasilacza
                                                                                    
                                        
                                                                                            
                                                                                                            400 W"
"1747644631-281","https://www.morele.net/kategoria/karty-graficzne-12/,,,,,,,,0,,,,/11/","Karta graficzna Dell Radeon 550 2GB GDDR5 (DELL-3GY2K)","https://www.morele.net/karta-graficzna-dell-radeon-550-2gb-gddr5-dell-3gy2k-14406253/",""
"1747644633-282","https://www.morele.net/kategoria/karty-graficzne-12/,,,,,,,,0,,,,/11/","Karta graficzna Lenovo RTX A400 4GB GDDR6 (4X61Q73040)","https://www.morele.net/karta-graficzna-lenovo-rtx-a400-4gb-gddr6-4x61q73040-14425032/",""
"1747644636-283","https://www.morele.net/kategoria/karty-graficzne-12/,,,,,,,,0,,,,/11/","Karta graficzna Asus RTX A400 4GB GDDR6 (90SKC000-M8WAN0)","https://www.morele.net/karta-graficzna-asus-rtx-a400-4gb-gddr6-90skc000-m8wan0-14156854/",""
"1747644638-284","https://www.morele.net/kategoria/karty-graficzne-12/,,,,,,,,0,,,,/11/","Karta graficzna NVIDIA RTX A400 4GB GDDR6 (900-5G172-2260-000)","https://www.morele.net/karta-graficzna-nvidia-rtx-a400-4gb-gddr6-900-5g172-2260-000-13809504/",""
"1747644640-285","https://www.morele.net/kategoria/karty-graficzne-12/,,,,,,,,0,,,,/11/","Karta graficzna Gigabyte Radeon RX 6400 D6 Low Profile 4GB GDDR6 (GV-R64D6-4GL)","https://www.morele.net/karta-graficzna-gigabyte-radeon-rx-6400-d6-low-profile-4gb-gddr6-gv-r64d6-4gl-10187570/","Rekomendowana moc zasilacza
                                                                                    
                                        
                                                                                            
                                                                                                            350 W"
"1747644643-286","https://www.morele.net/kategoria/karty-graficzne-12/,,,,,,,,0,,,,/11/","Karta graficzna NVIDIA RTX A400 4GB GDDR6 (900-5G172-2560-000)","https://www.morele.net/karta-graficzna-nvidia-rtx-a400-4gb-gddr6-900-5g172-2560-000-14069169/",""
"1747644645-287","https://www.morele.net/kategoria/karty-graficzne-12/,,,,,,,,0,,,,/11/","Karta graficzna Biostar GeForce GTX 1050 Ti 4G GDDR5 (VN1055TF41)","https://www.morele.net/karta-graficzna-biostar-geforce-gtx-1050-ti-4g-gddr5-vn1055tf41-12812965/",""
"1747644649-288","https://www.morele.net/kategoria/karty-graficzne-12/,,,,,,,,0,,,,/11/","Karta graficzna Power Color Red Dragon Radeon RX 550 LP 4GB GDDR5 (AXRX 550 4GBD5-HLE)","https://www.morele.net/karta-graficzna-power-color-red-dragon-radeon-rx-550-lp-4gb-gddr5-axrx-550-4gbd5-hle-13094598/","Rekomendowana moc zasilacza
                                                                                    
                                        
                                                                                            
                                                                                                            250 W"
"1747644651-289","https://www.morele.net/kategoria/karty-graficzne-12/,,,,,,,,0,,,,/11/","Karta graficzna Sapphire Pulse Radeon RX 6500 XT OC 4GB GDDR6 (11314-07-20G)","https://www.morele.net/karta-graficzna-sapphire-pulse-radeon-rx-6500-xt-oc-4gb-gddr6-11314-07-20g-14244674/","Rekomendowana moc zasilacza
                                                                                    
                                        
                                                                                            
                                                                                                            400 W"
"1747644653-290","https://www.morele.net/kategoria/karty-graficzne-12/,,,,,,,,0,,,,/11/","Karta graficzna ASRock Radeon RX 6400 Low Profile 4GB GDDR6 (RX6400 LP 4G)","https://www.morele.net/karta-graficzna-asrock-radeon-rx-6400-low-profile-4gb-gddr6-rx6400-lp-4g-14116339/","Rekomendowana moc zasilacza
                                                                                    
                                        
                                                                                            
                                                                                                            350 W"
"1747644657-291","https://www.morele.net/kategoria/karty-graficzne-12/,,,,,,,,0,,,,/11/","Karta graficzna Power Color Radeon RX 6400 Low Profile 4GB GDDR6 (AXRX 6400 LP 4GBD6-DH)","https://www.morele.net/karta-graficzna-power-color-radeon-rx-6400-low-profile-4gb-gddr6-axrx-6400-lp-4gbd6-dh-10613382/","Rekomendowana moc zasilacza
                                                                                    
                                        
                                                                                            
                                                                                                            250 W"
"1747644660-292","https://www.morele.net/kategoria/karty-graficzne-12/,,,,,,,,0,,,,/11/","Karta graficzna Power Color Radeon RX 6400 ITX 4GB GDDR6 (AXRX 6400 4GBD6-DH)","https://www.morele.net/karta-graficzna-power-color-radeon-rx-6400-itx-4gb-gddr6-axrx-6400-4gbd6-dh-10613386/","Rekomendowana moc zasilacza
                                                                                    
                                        
                                                                                            
                                                                                                            250 W"
"1747644663-293","https://www.morele.net/kategoria/karty-graficzne-12/,,,,,,,,0,,,,/11/","Karta graficzna BIOSTAR GeForce GTX 1050 4GB","https://www.morele.net/karta-graficzna-biostar-geforce-gtx-1050-4gb-14454658/",""
"1747644665-294","https://www.morele.net/kategoria/karty-graficzne-12/,,,,,,,,0,,,,/11/","A310 4GB Sparkle Intel Arc Omni View GDDR6 1 Fan","https://www.morele.net/a310-4gb-sparkle-intel-arc-omni-view-gddr6-1-fan-14730543/",""
"1747644676-295","https://www.morele.net/kategoria/karty-graficzne-12/,,,,,,,,0,,,,/10/","Karta graf. SPARKLE Intel Arc A310 Omni View 4GB","https://www.morele.net/karta-graf-sparkle-intel-arc-a310-omni-view-4gb-14483430/",""
"1747644682-296","https://www.morele.net/kategoria/karty-graficzne-12/,,,,,,,,0,,,,/10/","Karta graficzna AFOX Radeon RX 550 4GB GDDR5 (AFRX550-4096D5H4-V6)","https://www.morele.net/karta-graficzna-afox-radeon-rx-550-4gb-gddr5-afrx550-4096d5h4-v6-9641628/",""
"1747644684-297","https://www.morele.net/kategoria/karty-graficzne-12/,,,,,,,,0,,,,/10/","Karta graficzna Biostar Radeon RX 550 2GB GDDR5 (VA5505RF21)","https://www.morele.net/karta-graficzna-biostar-radeon-rx-550-2gb-gddr5-va5505rf21-12923119/",""
"1747644687-298","https://www.morele.net/kategoria/karty-graficzne-12/,,,,,,,,0,,,,/10/","Karta graficzna AFOX Geforce GT1030 2GB GDDR5 (AF1030-2048D5L5-V2)","https://www.morele.net/karta-graficzna-afox-geforce-gt1030-2gb-gddr5-af1030-2048d5l5-v2-8960029/",""
"1747644689-299","https://www.morele.net/kategoria/karty-graficzne-12/,,,,,,,,0,,,,/10/","Karta graficzna Inno3D GeForce GT 1030 2GB GDDR5 (N1030-1SDV-E5BL)","https://www.morele.net/karta-graficzna-inno3d-geforce-gt-1030-2gb-gddr5-n1030-1sdv-e5bl-1329092/",""
"1747644692-300","https://www.morele.net/kategoria/karty-graficzne-12/,,,,,,,,0,,,,/10/","Karta graficzna Asus GeForce GT 730 2GB GDDR5 (GT730-SL-2GD5-BRK)","https://www.morele.net/karta-graficzna-asus-geforce-gt-730-2gb-gddr5-gt730-sl-2gd5-brk-845530/",""
"1747644697-301","https://www.morele.net/kategoria/karty-graficzne-12/,,,,,,,,0,,,,/10/","Karta graficzna Biostar GeForce GT 730 2GB DDR3 (VN7313THX1-TBARL-BS2)","https://www.morele.net/karta-graficzna-biostar-geforce-gt-730-2gb-ddr3-vn7313thx1-tbarl-bs2-8408284/",""
"1747644700-302","https://www.morele.net/kategoria/karty-graficzne-12/,,,,,,,,0,,,,/10/","Karta graficzna AFOX GeForce GT 420 4GB DDR3 (AF420-4096D3L2)","https://www.morele.net/karta-graficzna-afox-geforce-gt-420-4gb-ddr3-af420-4096d3l2-8549173/",""
"1747644706-303","https://www.morele.net/kategoria/karty-graficzne-12/,,,,,,,,0,,,,/10/","Karta graficzna AFOX GeForce GT 710 2GB DDR3 (AF710-2048D3L5-V3)","https://www.morele.net/karta-graficzna-afox-geforce-gt-710-2gb-ddr3-af710-2048d3l5-v3-10155834/",""
"1747644708-304","https://www.morele.net/kategoria/karty-graficzne-12/,,,,,,,,0,,,,/10/","Karta graficzna AFOX GeForce GT 710 2GB DDR3 (AF710-2048D3L5)","https://www.morele.net/karta-graficzna-afox-geforce-gt-710-2gb-ddr3-af710-2048d3l5-8549174/",""
"1747644714-305","https://www.morele.net/kategoria/karty-graficzne-12/,,,,,,,,0,,,,/10/","Karta graficzna Inno3D GeForce GT 730 2GB DDR3 (N730-1SDV-E3BX)","https://www.morele.net/karta-graficzna-inno3d-geforce-gt-730-2gb-ddr3-n730-1sdv-e3bx-824679/",""
"1747644716-306","https://www.morele.net/kategoria/karty-graficzne-12/,,,,,,,,0,,,,/10/","Karta graficzna AFOX Radeon HD 6450 2GB DDR3 (AF6450-2048D3L5)","https://www.morele.net/karta-graficzna-afox-radeon-hd-6450-2gb-ddr3-af6450-2048d3l5-7597400/",""
"1747644718-307","https://www.morele.net/kategoria/karty-graficzne-12/,,,,,,,,0,,,,/10/","Karta graficzna AFOX Radeon R5 230 1GB DDR3 (AFR5230-1024D3L4)","https://www.morele.net/karta-graficzna-afox-radeon-r5-230-1gb-ddr3-afr5230-1024d3l4-12304532/",""
"1747644721-308","https://www.morele.net/kategoria/karty-graficzne-12/,,,,,,,,0,,,,/10/","Karta graficzna AFOX GeForce GT 610 2GB GDDR3 (AF610-2048D3L7-V8)","https://www.morele.net/karta-graficzna-afox-geforce-gt-610-2gb-gddr3-af610-2048d3l7-v8-12194743/",""
"1747644723-309","https://www.morele.net/kategoria/karty-graficzne-12/,,,,,,,,0,,,,/10/","Karta graficzna AFOX Radeon R5 230 1GB DDR3 (AFR5230-1024D3L9)","https://www.morele.net/karta-graficzna-afox-radeon-r5-230-1gb-ddr3-afr5230-1024d3l9-12242922/",""
"1747644726-310","https://www.morele.net/kategoria/karty-graficzne-12/,,,,,,,,0,,,,/10/","Karta graficzna AFOX Radeon HD 6450 1GB DDR3 (AF6450-1024D3L9)","https://www.morele.net/karta-graficzna-afox-radeon-hd-6450-1gb-ddr3-af6450-1024d3l9-12242932/",""
"1747644728-311","https://www.morele.net/kategoria/karty-graficzne-12/,,,,,,,,0,,,,/10/","Karta graficzna AMD Karta Graficzna AMD FirePro W5000 2GB GDDR5 DVI DisplayPort uniwersalny","https://www.morele.net/karta-graficzna-amd-karta-graficzna-amd-firepro-w5000-2gb-gddr5-dvi-displayport-uniwersalny-7296404/",""
"1747644730-312","https://www.morele.net/kategoria/karty-graficzne-12/,,,,,,,,0,,,,/10/","Karta graficzna AFOX GeForce GT 610 1GB DDR3 (AF610-1024D3L7-V6)","https://www.morele.net/karta-graficzna-afox-geforce-gt-610-1gb-ddr3-af610-1024d3l7-v6-12995889/",""
"1747644733-313","https://www.morele.net/kategoria/karty-graficzne-12/,,,,,,,,0,,,,/10/","Karta graficzna AFOX GeForce 210 512MB DDR3 (AF210-512D3L3-V2)","https://www.morele.net/karta-graficzna-afox-geforce-210-512mb-ddr3-af210-512d3l3-v2-12242927/",""
"1747644735-314","https://www.morele.net/kategoria/karty-graficzne-12/,,,,,,,,0,,,,/10/","Karta graficzna NVIDIA Quadro T400 4GB GDDR6 (900-5G172-2240-000)","https://www.morele.net/karta-graficzna-nvidia-quadro-t400-4gb-gddr6-900-5g172-2240-000-13133365/",""
"1747644738-315","https://www.morele.net/kategoria/karty-graficzne-12/,,,,,,,,0,,,,/10/","Karta graficzna AFOX Radeon R5 220 1GB DDR3 (AFR5220-1024D3L5)","https://www.morele.net/karta-graficzna-afox-radeon-r5-220-1gb-ddr3-afr5220-1024d3l5-12242929/",""
"1747644740-316","https://www.morele.net/kategoria/karty-graficzne-12/,,,,,,,,0,,,,/10/","Karta graficzna Asus Prime GeForce RTX 5080 OC 16GB GDDR7 (PRIME-RTX5080-O16G)","https://www.morele.net/karta-graficzna-asus-prime-geforce-rtx-5080-oc-16gb-gddr7-prime-rtx5080-o16g-14485259/",""
"1747644742-317","https://www.morele.net/kategoria/karty-graficzne-12/,,,,,,,,0,,,,/10/","Karta graficzna Palit GeForce RTX 3070 Ti GameRock 8GB GDDR6X (NED307T019P2-1047G)","https://www.morele.net/karta-graficzna-palit-geforce-rtx-3070-ti-gamerock-8gb-gddr6x-ned307t019p2-1047g-5948149/","Rekomendowana moc zasilacza
                                                                                    
                                        
                                                                                            
                                                                                                            750 W"
"1747644745-318","https://www.morele.net/kategoria/karty-graficzne-12/,,,,,,,,0,,,,/10/","Karta graficzna Sparkle Arc A750 Titan OC Edition 8GB GDDR6 (SA750T-8GOC)","https://www.morele.net/karta-graficzna-sparkle-arc-a750-titan-oc-edition-8gb-gddr6-sa750t-8goc-13120082/",""
"1747644748-319","https://www.morele.net/kategoria/karty-graficzne-12/,,,,,,,,0,,,,/10/","Karta graficzna Palit GeForce RTX 5070 Ti GamingPro OC 16GB GDDR7 DLSS4 (NE7507TS19T2-GB2031A)","https://www.morele.net/karta-graficzna-palit-geforce-rtx-5070-ti-gamingpro-oc-16gb-gddr7-dlss4-ne7507ts19t2-gb2031a-14731807/","Rekomendowana moc zasilacza
                                                                                    
                                        
                                                                                            
                                                                                                            750 W"
"1747644750-320","https://www.morele.net/kategoria/karty-graficzne-12/,,,,,,,,0,,,,/10/","Karta graficzna Sapphire Pulse Radeon RX 9070 16GB GDDR6 (11349-03-20G)","https://www.morele.net/karta-graficzna-sapphire-pulse-radeon-rx-9070-16gb-gddr6-11349-03-20g-14732578/","Rekomendowana moc zasilacza
                                                                                    
                                        
                                                                                            
                                                                                                            650 W"
"1747644753-321","https://www.morele.net/kategoria/karty-graficzne-12/,,,,,,,,0,,,,/10/","Karta graficzna ASRock Radeon RX 6500 XT Phantom Gaming OC 8GB GDDR6 (RX6500XT PG 8GO)","https://www.morele.net/karta-graficzna-asrock-radeon-rx-6500-xt-phantom-gaming-oc-8gb-gddr6-rx6500xt-pg-8go-13261938/","Rekomendowana moc zasilacza
                                                                                    
                                        
                                                                                            
                                                                                                            400 W"
"1747644757-322","https://www.morele.net/kategoria/karty-graficzne-12/,,,,,,,,0,,,,/10/","Karta graficzna ASRock Radeon RX 6400 Challenger ITX 4GB GDDR6 (RX6400 CLI 4G)","https://www.morele.net/karta-graficzna-asrock-radeon-rx-6400-challenger-itx-4gb-gddr6-rx6400-cli-4g-10246227/","Rekomendowana moc zasilacza
                                                                                    
                                        
                                                                                            
                                                                                                            350 W"
"1747644759-323","https://www.morele.net/kategoria/karty-graficzne-12/,,,,,,,,0,,,,/10/","Karta graficzna Gigabyte GeForce RTX 5090 Gaming OC 32GB GDDR7 (GV-N5090GAMING OC-32GD)","https://www.morele.net/karta-graficzna-gigabyte-geforce-rtx-5090-gaming-oc-32gb-gddr7-gv-n5090gaming-oc-32gd-14485560/","Rekomendowana moc zasilacza
                                                                                    
                                        
                                                                                            
                                                                                                            950 W"
"1747644770-324","https://www.morele.net/kategoria/karty-graficzne-12/,,,,,,,,0,,,,/9/","Karta graficzna MSI GeForce RTX 5080 Suprim Liquid SOC 16GB GDDR7 DLSS4","https://www.morele.net/karta-graficzna-msi-geforce-rtx-5080-suprim-liquid-soc-16gb-gddr7-dlss4-14458120/","Rekomendowana moc zasilacza
                                                                                    
                                        
                                                                                            
                                                                                                            850 W"
"1747644773-325","https://www.morele.net/kategoria/karty-graficzne-12/,,,,,,,,0,,,,/9/","Karta graficzna Asus ROG Astral GeForce RTX 5080 OC 16GB GDDR7 (ROG-ASTRAL-RTX5080-O16G-GAMING)","https://www.morele.net/karta-graficzna-asus-rog-astral-geforce-rtx-5080-oc-16gb-gddr7-rog-astral-rtx5080-o16g-gaming-14485389/",""
"1747644775-326","https://www.morele.net/kategoria/karty-graficzne-12/,,,,,,,,0,,,,/9/","Karta graficzna Gigabyte AORUS GeForce RTX 5080 Xtreme Waterforce 16GB GDDR7 (GV-N5080AORUSX W-16GD)","https://www.morele.net/karta-graficzna-gigabyte-aorus-geforce-rtx-5080-xtreme-waterforce-16gb-gddr7-gv-n5080aorusx-w-16gd-14485747/","Rekomendowana moc zasilacza
                                                                                    
                                        
                                                                                            
                                                                                                            850 W"
"1747644777-327","https://www.morele.net/kategoria/karty-graficzne-12/,,,,,,,,0,,,,/9/","Karta graficzna Gigabyte AORUS GeForce RTX 5080 Master 16GB GDDR7 (GV-N5080AORUS M-16GD)","https://www.morele.net/karta-graficzna-gigabyte-aorus-geforce-rtx-5080-master-16gb-gddr7-gv-n5080aorus-m-16gd-14485972/","Rekomendowana moc zasilacza
                                                                                    
                                        
                                                                                            
                                                                                                            850 W"
"1747644780-328","https://www.morele.net/kategoria/karty-graficzne-12/,,,,,,,,0,,,,/9/","Karta graficzna MSI GeForce RTX 5080 Gaming Trio OC 16GB GDDR7 DLSS4","https://www.morele.net/karta-graficzna-msi-geforce-rtx-5080-gaming-trio-oc-16gb-gddr7-dlss4-14458150/","Rekomendowana moc zasilacza
                                                                                    
                                        
                                                                                            
                                                                                                            850 W"
"1747644786-329","https://www.morele.net/kategoria/karty-graficzne-12/,,,,,,,,0,,,,/9/","Karta graficzna Palit GeForce RTX 4080 GamingPro	16GB GDDR6X (NED4080019T2-1032A)","https://www.morele.net/karta-graficzna-palit-geforce-rtx-4080-gamingpro-16gb-gddr6x-ned4080019t2-1032a-12535641/",""
"1747644788-330","https://www.morele.net/kategoria/karty-graficzne-12/,,,,,,,,0,,,,/9/","Karta graficzna PNY RTX 4000 Ada Generation 20GB GDDR6 (VCNRTX4000ADA-SB)","https://www.morele.net/karta-graficzna-pny-rtx-4000-ada-generation-20gb-gddr6-vcnrtx4000ada-sb-13119830/","Rekomendowana moc zasilacza
                                                                                    
                                        
                                                                                            
                                                                                                            300 W"
"1747644790-331","https://www.morele.net/kategoria/karty-graficzne-12/,,,,,,,,0,,,,/9/","Karta graficzna Palit GeForce RTX 5080 GameRock OC 16GB GDDR7 (NE75080T19T2-GB2030G)","https://www.morele.net/karta-graficzna-palit-geforce-rtx-5080-gamerock-oc-16gb-gddr7-ne75080t19t2-gb2030g-14485260/","Rekomendowana moc zasilacza
                                                                                    
                                        
                                                                                            
                                                                                                            850 W"
"1747644793-332","https://www.morele.net/kategoria/karty-graficzne-12/,,,,,,,,0,,,,/9/","Karta graficzna Gigabyte AORUS GeForce RTX 5070 Ti Master 16GB GDDR7 (GV-N507TAORUS M-16GD)","https://www.morele.net/karta-graficzna-gigabyte-aorus-geforce-rtx-5070-ti-master-16gb-gddr7-gv-n507taorus-m-16gd-14485973/","Rekomendowana moc zasilacza
                                                                                    
                                        
                                                                                            
                                                                                                            750 W"
"1747644795-333","https://www.morele.net/kategoria/karty-graficzne-12/,,,,,,,,0,,,,/9/","Karta graficzna Gigabyte GeForce RTX 5070 Ti Eagle OC SFF 16GB GDDR7 (GV-N507TEAGLE OC-16GD)","https://www.morele.net/karta-graficzna-gigabyte-geforce-rtx-5070-ti-eagle-oc-sff-16gb-gddr7-gv-n507teagle-oc-16gd-14485561/","Rekomendowana moc zasilacza
                                                                                    
                                        
                                                                                            
                                                                                                            750 W"
"1747644797-334","https://www.morele.net/kategoria/karty-graficzne-12/,,,,,,,,0,,,,/9/","Karta graficzna Palit GeForce RTX 5070 Ti GamingPro V1 16GB GDDR7 DLSS4 (NE7507T019T2-GB2031Y)","https://www.morele.net/karta-graficzna-palit-geforce-rtx-5070-ti-gamingpro-v1-16gb-gddr7-dlss4-ne7507t019t2-gb2031y-14852284/","Rekomendowana moc zasilacza
                                                                                    
                                        
                                                                                            
                                                                                                            750 W"
"1747644800-335","https://www.morele.net/kategoria/karty-graficzne-12/,,,,,,,,0,,,,/9/","Karta graficzna Inno3D GeForce RTX 5070 Ti X3 OC 16GB GDDR7 DLSS4 (N507T3-16D7X-176068N)","https://www.morele.net/karta-graficzna-inno3d-geforce-rtx-5070-ti-x3-oc-16gb-gddr7-dlss4-n507t3-16d7x-176068n-14702205/",""
"1747644802-336","https://www.morele.net/kategoria/karty-graficzne-12/,,,,,,,,0,,,,/9/","Karta graficzna Gigabyte GeForce RTX 5070 Ti Windforce SFF 16GB GDDR7 DLSS4 (GV-N507TWF3-16GD)","https://www.morele.net/karta-graficzna-gigabyte-geforce-rtx-5070-ti-windforce-sff-16gb-gddr7-dlss4-gv-n507twf3-16gd-14731792/","Rekomendowana moc zasilacza
                                                                                    
                                        
                                                                                            
                                                                                                            750 W"
"1747644805-337","https://www.morele.net/kategoria/karty-graficzne-12/,,,,,,,,0,,,,/9/","Karta graficzna ASRock Radeon RX 9070 XT Taichi OC 16GB GDDR6 (RX9070XT TC 16GO)","https://www.morele.net/karta-graficzna-asrock-radeon-rx-9070-xt-taichi-oc-16gb-gddr6-rx9070xt-tc-16go-14732564/","Rekomendowana moc zasilacza
                                                                                    
                                        
                                                                                            
                                                                                                            850 W"
"1747644807-338","https://www.morele.net/kategoria/karty-graficzne-12/,,,,,,,,0,,,,/9/","Karta graficzna Asus Prime Radeon RX 9070 XT OC 16GB GDDR6 (PRIME-RX9070XT-O16G)","https://www.morele.net/karta-graficzna-asus-prime-radeon-rx-9070-xt-oc-16gb-gddr6-prime-rx9070xt-o16g-14731754/","Rekomendowana moc zasilacza
                                                                                    
                                        
                                                                                            
                                                                                                            750 W"
"1747644810-339","https://www.morele.net/kategoria/karty-graficzne-12/,,,,,,,,0,,,,/9/","Karta graficzna ASRock Radeon RX 9070 XT Steel Legend 16GB GDDR6 (RX9070XT SL 16G)","https://www.morele.net/karta-graficzna-asrock-radeon-rx-9070-xt-steel-legend-16gb-gddr6-rx9070xt-sl-16g-14732565/","Rekomendowana moc zasilacza
                                                                                    
                                        
                                                                                            
                                                                                                            800 W"
"1747644812-340","https://www.morele.net/kategoria/karty-graficzne-12/,,,,,,,,0,,,,/9/","Karta graficzna XFX Quicksilver Radeon RX 9070 XT White Magnetic Air 16GB GDDR6 (RX-97TMAQKW9)","https://www.morele.net/karta-graficzna-xfx-quicksilver-radeon-rx-9070-xt-white-magnetic-air-16gb-gddr6-rx-97tmaqkw9-14739282/","Rekomendowana moc zasilacza
                                                                                    
                                        
                                                                                            
                                                                                                            800 W"
"1747644814-341","https://www.morele.net/kategoria/karty-graficzne-12/,,,,,,,,0,,,,/9/","Karta graficzna Gigabyte GeForce RTX 5070 Aero OC 12GB GDDR7 (GV-N5070AERO OC-12GD)","https://www.morele.net/karta-graficzna-gigabyte-geforce-rtx-5070-aero-oc-12gb-gddr7-gv-n5070aero-oc-12gd-14485484/","Rekomendowana moc zasilacza
                                                                                    
                                        
                                                                                            
                                                                                                            650 W"
"1747644817-342","https://www.morele.net/kategoria/karty-graficzne-12/,,,,,,,,0,,,,/9/","Karta graficzna XFX Quicksilver Radeon RX 9070 OC Gaming 16GB GDDR6 (RX-97QICKBB9)","https://www.morele.net/karta-graficzna-xfx-quicksilver-radeon-rx-9070-oc-gaming-16gb-gddr6-rx-97qickbb9-14777843/","Rekomendowana moc zasilacza
                                                                                    
                                        
                                                                                            
                                                                                                            800 W"
"1747644819-343","https://www.morele.net/kategoria/karty-graficzne-12/,,,,,,,,0,,,,/9/","Karta graficzna PNY GeForce RTX 5070 Triple Fan Overclocked 12GB GDDR7 DLSS4 (VCG507012TFXPB1-O)","https://www.morele.net/karta-graficzna-pny-geforce-rtx-5070-triple-fan-overclocked-12gb-gddr7-dlss4-vcg507012tfxpb1-o-14481850/","Rekomendowana moc zasilacza
                                                                                    
                                        
                                                                                            
                                                                                                            650 W"
"1747644822-344","https://www.morele.net/kategoria/karty-graficzne-12/,,,,,,,,0,,,,/9/","Karta graficzna Zotac GeForce RTX 5070 Solid OC 12GB GDDR7 DLSS4 (ZT-B50700J-10P)","https://www.morele.net/karta-graficzna-zotac-geforce-rtx-5070-solid-oc-12gb-gddr7-dlss4-zt-b50700j-10p-14764365/","Rekomendowana moc zasilacza
                                                                                    
                                        
                                                                                            
                                                                                                            650 W"
"1747644824-345","https://www.morele.net/kategoria/karty-graficzne-12/,,,,,,,,0,,,,/9/","Karta graficzna Palit GeForce RTX 5070 Infinity 3 12GB GDDR7 DLSS4 (NE75070019K9-GB2050S)","https://www.morele.net/karta-graficzna-palit-geforce-rtx-5070-infinity-3-12gb-gddr7-dlss4-ne75070019k9-gb2050s-14770639/","Rekomendowana moc zasilacza
                                                                                    
                                        
                                                                                            
                                                                                                            650 W"
"1747644827-346","https://www.morele.net/kategoria/karty-graficzne-12/,,,,,,,,0,,,,/9/","Karta graficzna Power Color Fighter Radeon RX 7800 XT 16GB GDDR6 (RX 7800 XT 16G-F/OC)","https://www.morele.net/karta-graficzna-power-color-fighter-radeon-rx-7800-xt-16gb-gddr6-rx-7800-xt-16g-f-oc-13126723/","Rekomendowana moc zasilacza
                                                                                    
                                        
                                                                                            
                                                                                                            750 W"
"1747644829-347","https://www.morele.net/kategoria/karty-graficzne-12/,,,,,,,,0,,,,/9/","Karta graficzna Asus Dual GeForce RTX 4060 Ti OC SSD 8GB GDDR6 (DUAL-RTX4060TI-O8G-SSD)","https://www.morele.net/karta-graficzna-asus-dual-geforce-rtx-4060-ti-oc-ssd-8gb-gddr6-dual-rtx4060ti-o8g-ssd-13146184/",""
"1747644831-348","https://www.morele.net/kategoria/karty-graficzne-12/,,,,,,,,0,,,,/9/","Karta graficzna XFX Speedster SWFT 210 Radeon RX 7800 XT Core 16GB GDDR6 (RX-78TSWFTFP)","https://www.morele.net/karta-graficzna-xfx-speedster-swft-210-radeon-rx-7800-xt-core-16gb-gddr6-rx-78tswftfp-13918672/","Rekomendowana moc zasilacza
                                                                                    
                                        
                                                                                            
                                                                                                            700 W"
"1747644834-349","https://www.morele.net/kategoria/karty-graficzne-12/,,,,,,,,0,,,,/9/","Karta graficzna Palit GeForce RTX 5060 Ti Infinity 3 16GB GDDR7 DLSS4 (NE7506T019T1-GB2061S)","https://www.morele.net/karta-graficzna-palit-geforce-rtx-5060-ti-infinity-3-16gb-gddr7-dlss4-ne7506t019t1-gb2061s-14848079/","Rekomendowana moc zasilacza
                                                                                    
                                        
                                                                                            
                                                                                                            600 W"
"1747644836-350","https://www.morele.net/kategoria/karty-graficzne-12/,,,,,,,,0,,,,/9/","Karta graficzna Zotac Gaming GeForce RTX 4060 Ti Twin Edge 8GB GDDR6 (ZT-D40610E-10M)","https://www.morele.net/karta-graficzna-zotac-gaming-geforce-rtx-4060-ti-twin-edge-8gb-gddr6-zt-d40610e-10m-12888568/","Rekomendowana moc zasilacza
                                                                                    
                                        
                                                                                            
                                                                                                            500 W"
"1747644839-351","https://www.morele.net/kategoria/karty-graficzne-12/,,,,,,,,0,,,,/9/","Karta graficzna Palit GeForce RTX 5060 Ti Infinity 3 OC 16GB GDDR7 DLSS4 (NE7506TS19T1-GB2061S)","https://www.morele.net/karta-graficzna-palit-geforce-rtx-5060-ti-infinity-3-oc-16gb-gddr7-dlss4-ne7506ts19t1-gb2061s-14848078/","Rekomendowana moc zasilacza
                                                                                    
                                        
                                                                                            
                                                                                                            600 W"
"1747644841-352","https://www.morele.net/kategoria/karty-graficzne-12/,,,,,,,,0,,,,/9/","Karta graficzna Asus Dual Radeon RX 7700 XT OC 12GB GDDR6 (DUAL-RX7700XT-O12G)","https://www.morele.net/karta-graficzna-asus-dual-radeon-rx-7700-xt-oc-12gb-gddr6-dual-rx7700xt-o12g-13169804/",""
"1747644844-353","https://www.morele.net/kategoria/karty-graficzne-12/,,,,,,,,0,,,,/9/","Karta graficzna PNY RTX A1000 8GB GDDR6 (VCNRTXA1000-SB)","https://www.morele.net/karta-graficzna-pny-rtx-a1000-8gb-gddr6-vcnrtxa1000-sb-13239076/","Rekomendowana moc zasilacza
                                                                                    
                                        
                                                                                            
                                                                                                            250 W"
"1747644854-354","https://www.morele.net/kategoria/karty-graficzne-12/,,,,,,,,0,,,,/8/","Karta graficzna Sapphire Pure Radeon RX 7700 XT Frost Punk 2 Edition 12GB GDDR6 (11335-08-50G)","https://www.morele.net/karta-graficzna-sapphire-pure-radeon-rx-7700-xt-frost-punk-2-edition-12gb-gddr6-11335-08-50g-13269242/","Rekomendowana moc zasilacza
                                                                                    
                                        
                                                                                            
                                                                                                            700 W"
"1747644856-355","https://www.morele.net/kategoria/karty-graficzne-12/,,,,,,,,0,,,,/8/","Karta graficzna MSI GeForce RTX 4060 Ventus 2X Black OC 8GB GDDR6 + MSI B550-A PRO","https://www.morele.net/karta-graficzna-msi-geforce-rtx-4060-ventus-2x-black-oc-8gb-gddr6-msi-b550-a-pro-9118115/","Rdzenie Tensor
                                                
                                                                                    
                                        
                                                                                            
                                                                                                            96"
"1747644863-356","https://www.morele.net/kategoria/karty-graficzne-12/,,,,,,,,0,,,,/8/","Karta graficzna Gigabyte GeForce RTX 3060 Gaming OC 8GB GDDR6 (GV-N3060GAMING OC-8GD)","https://www.morele.net/karta-graficzna-gigabyte-geforce-rtx-3060-gaming-oc-8gb-gddr6-gv-n3060gaming-oc-8gd-12594526/","Rekomendowana moc zasilacza
                                                                                    
                                        
                                                                                            
                                                                                                            550 W"
"1747644869-357","https://www.morele.net/kategoria/karty-graficzne-12/,,,,,,,,0,,,,/8/","Karta graficzna Power Color Radeon RX 7600 Hellhound 8GB GDDR6 (RX 7600 8G-L/OC)","https://www.morele.net/karta-graficzna-power-color-radeon-rx-7600-hellhound-8gb-gddr6-rx-7600-8g-l-oc-12919740/","Rekomendowana moc zasilacza
                                                                                    
                                        
                                                                                            
                                                                                                            600 W"
"1747644872-358","https://www.morele.net/kategoria/karty-graficzne-12/,,,,,,,,0,,,,/8/","Karta graficzna Inno3D GeForce RTX 3060 Twin X2 OC LHR 8GB GDDR6 (N30602-08D6X-11902130)","https://www.morele.net/karta-graficzna-inno3d-geforce-rtx-3060-twin-x2-oc-lhr-8gb-gddr6-n30602-08d6x-11902130-12801345/",""
"1747644874-359","https://www.morele.net/kategoria/karty-graficzne-12/,,,,,,,,0,,,,/8/","Karta graficzna Biostar GeForce RTX 3060 12GB GDDR6 (VN3606RML9)","https://www.morele.net/karta-graficzna-biostar-geforce-rtx-3060-12gb-gddr6-vn3606rml9-13130114/",""
"1747644877-360","https://www.morele.net/kategoria/karty-graficzne-12/,,,,,,,,0,,,,/8/","Karta graficzna ASRock Arc B570 Challenger OC 10GB GDDR6 (B570 CL 10GO)","https://www.morele.net/karta-graficzna-asrock-arc-b570-challenger-oc-10gb-gddr6-b570-cl-10go-14453145/","Rekomendowana moc zasilacza
                                                                                    
                                        
                                                                                            
                                                                                                            600 W"
"1747644879-361","https://www.morele.net/kategoria/karty-graficzne-12/,,,,,,,,0,,,,/8/","Karta graficzna Asus Phoenix GeForce RTX 3050 V2 8GB GDDR6 (PH-RTX3050-8G-V2)","https://www.morele.net/karta-graficzna-asus-phoenix-geforce-rtx-3050-v2-8gb-gddr6-ph-rtx3050-8g-v2-12801289/",""
"1747644882-362","https://www.morele.net/kategoria/karty-graficzne-12/,,,,,,,,0,,,,/8/","Karta graficzna Gainward GeForce RTX 3050 Pegasus 8GB GDDR6 (471056224-3734)","https://www.morele.net/karta-graficzna-gainward-geforce-rtx-3050-pegasus-8gb-gddr6-471056224-3734-12593890/","Rekomendowana moc zasilacza
                                                                                    
                                        
                                                                                            
                                                                                                            300 W"
"1747644884-363","https://www.morele.net/kategoria/karty-graficzne-12/,,,,,,,,0,,,,/8/","Karta graficzna Asus Dual Radeon RX 6600 Gaming OC V3 8GB GDDR6 (DUAL-RX6600-8G-V3)","https://www.morele.net/karta-graficzna-asus-dual-radeon-rx-6600-gaming-oc-v3-8gb-gddr6-dual-rx6600-8g-v3-14211586/",""
"1747644888-364","https://www.morele.net/kategoria/karty-graficzne-12/,,,,,,,,0,,,,/8/","Karta graficzna Inno3D GeForce RTX 3050 Twin X2 8GB GDDR6 (N30502-08D6-1711VA41)","https://www.morele.net/karta-graficzna-inno3d-geforce-rtx-3050-twin-x2-8gb-gddr6-n30502-08d6-1711va41-13133686/",""
"1747644893-365","https://www.morele.net/kategoria/karty-graficzne-12/,,,,,,,,0,,,,/8/","Karta graficzna Biostar GeForce GTX 1660 Ti 6GB GDDR6 (VN1666TF69)","https://www.morele.net/karta-graficzna-biostar-geforce-gtx-1660-ti-6gb-gddr6-vn1666tf69-13127903/",""
"1747644895-366","https://www.morele.net/kategoria/karty-graficzne-12/,,,,,,,,0,,,,/8/","Karta graficzna Lenovo Quadro T400 4GB GDDR6 (4X61J52234)","https://www.morele.net/karta-graficzna-lenovo-quadro-t400-4gb-gddr6-4x61j52234-13118027/",""
"1747644898-367","https://www.morele.net/kategoria/karty-graficzne-12/,,,,,,,,0,,,,/8/","Karta graficzna PNY RTX A400 4GB GDDR6 (VCNRTXA400-SB)","https://www.morele.net/karta-graficzna-pny-rtx-a400-4gb-gddr6-vcnrtxa400-sb-13473773/","Rekomendowana moc zasilacza
                                                                                    
                                        
                                                                                            
                                                                                                            250 W"
"1747644900-368","https://www.morele.net/kategoria/karty-graficzne-12/,,,,,,,,0,,,,/8/","Karta graficzna Sapphire Pulse Radeon RX 6500 XT ITX Pure OC 4GB GDDR6 (11314-04-20G)","https://www.morele.net/karta-graficzna-sapphire-pulse-radeon-rx-6500-xt-itx-pure-oc-4gb-gddr6-11314-04-20g-13120224/","Rekomendowana moc zasilacza
                                                                                    
                                        
                                                                                            
                                                                                                            400 W"
"1747644907-369","https://www.morele.net/kategoria/karty-graficzne-12/,,,,,,,,0,,,,/8/","Karta graficzna Power Color Radeon RX 550 Red Dragon 4GB GDDR5 (AXRX 550 4GBD5-DH)","https://www.morele.net/karta-graficzna-power-color-radeon-rx-550-red-dragon-4gb-gddr5-axrx-550-4gbd5-dh-8224534/","Rekomendowana moc zasilacza
                                                                                    
                                        
                                                                                            
                                                                                                            400 W"
"1747644909-370","https://www.morele.net/kategoria/karty-graficzne-12/,,,,,,,,0,,,,/8/","Karta graficznaBiostarGeForce GTX 1050 Ti 4GB GDDR5 (VN1055XF41)","https://www.morele.net/karta-graficznabiostargeforce-gtx-1050-ti-4gb-gddr5-vn1055xf41-13177979/",""
"1747644912-371","https://www.morele.net/kategoria/karty-graficzne-12/,,,,,,,,0,,,,/8/","Karta graficzna AFOX Radeon RX 560 4GB GDDR5 (AFRX560-4096D5H4-V2)","https://www.morele.net/karta-graficzna-afox-radeon-rx-560-4gb-gddr5-afrx560-4096d5h4-v2-12242925/",""
"1747644914-372","https://www.morele.net/kategoria/karty-graficzne-12/,,,,,,,,0,,,,/8/","Karta graficzna AFOX GeForce GT 710 4GB DDR3 (AF710-4096D3L7-V1)","https://www.morele.net/karta-graficzna-afox-geforce-gt-710-4gb-ddr3-af710-4096d3l7-v1-12996419/",""
"1747644917-373","https://www.morele.net/kategoria/karty-graficzne-12/,,,,,,,,0,,,,/8/","Karta graficzna AFOX GeForce GT 240 1GB DDR3 (AF240-1024D3L2-V2)","https://www.morele.net/karta-graficzna-afox-geforce-gt-240-1gb-ddr3-af240-1024d3l2-v2-13173317/",""
"1747644919-374","https://www.morele.net/kategoria/karty-graficzne-12/,,,,,,,,0,,,,/8/","Karta graficzna AFOX Radeon HD 5450 1GB DDR3 (AF5450-1024D3L5)","https://www.morele.net/karta-graficzna-afox-radeon-hd-5450-1gb-ddr3-af5450-1024d3l5-6895019/",""
"1747644925-375","https://www.morele.net/kategoria/karty-graficzne-12/,,,,,,,,0,,,,/8/","Karta graficzna XFX Mercury Radeon RX 7900 XTX Magnetic Air Gaming 24GB GDDR6 (RX-79XMAIRB9)","https://www.morele.net/karta-graficzna-xfx-mercury-radeon-rx-7900-xtx-magnetic-air-gaming-24gb-gddr6-rx-79xmairb9-13860951/","Rekomendowana moc zasilacza
                                                                                    
                                        
                                                                                            
                                                                                                            850 W"
"1747644931-376","https://www.morele.net/kategoria/karty-graficzne-12/,,,,,,,,0,,,,/8/","Karta graficzna Power Color Hellhound Radeon RX 7800 XT 16GB GDDR6 (RX 7800 XT 16G-L/OC)","https://www.morele.net/karta-graficzna-power-color-hellhound-radeon-rx-7800-xt-16gb-gddr6-rx-7800-xt-16g-l-oc-13095054/","Rekomendowana moc zasilacza
                                                                                    
                                        
                                                                                            
                                                                                                            750 W"
"1747644934-377","https://www.morele.net/kategoria/karty-graficzne-12/,,,,,,,,0,,,,/8/","Karta graficzna XFX Mercury Radeon RX 9070 XT OC White Magnetic Air RGB 16GB GDDR6 (RX-97TMARGW9)","https://www.morele.net/karta-graficzna-xfx-mercury-radeon-rx-9070-xt-oc-white-magnetic-air-rgb-16gb-gddr6-rx-97tmargw9-14739189/","Rekomendowana moc zasilacza
                                                                                    
                                        
                                                                                            
                                                                                                            800 W"
"1747644936-378","https://www.morele.net/kategoria/karty-graficzne-12/,,,,,,,,0,,,,/8/","Karta graficzna POWERCOLOR Hellhound Radeon RX 9070 XT 16GB GDDR6 (RX9070XT 16G-L/OC)","https://www.morele.net/karta-graficzna-powercolor-hellhound-radeon-rx-9070-xt-16gb-gddr6-rx9070xt-16g-l-oc-14749710/",""
"1747644943-379","https://www.morele.net/kategoria/karty-graficzne-12/,,,,,,,,0,,,,/8/","Karta graficzna PNY Quadro P1000 4GB GDDR5 (VCQP1000V2-PB)","https://www.morele.net/karta-graficzna-pny-quadro-p1000-4gb-gddr5-vcqp1000v2-pb-6535146/","Rekomendowana moc zasilacza
                                                                                    
                                        
                                                                                            
                                                                                                            350 W"
"1747644949-380","https://www.morele.net/kategoria/karty-graficzne-12/,,,,,,,,0,,,,/8/","Karta graficzna XFX Speedster SWFT 210 Radeon RX 6650 XT Core Gaming 8GB GDDR6 (RX-665X8DFDY)","https://www.morele.net/karta-graficzna-xfx-speedster-swft-210-radeon-rx-6650-xt-core-gaming-8gb-gddr6-rx-665x8dfdy-12906561/","Rekomendowana moc zasilacza
                                                                                    
                                        
                                                                                            
                                                                                                            500 W"
"1747644951-381","https://www.morele.net/kategoria/karty-graficzne-12/,,,,,,,,0,,,,/8/","Karta graficzna Asus Dual Radeon RX 7600 EVO OC 8GB GDDR6 (DUAL-RX7600-O8G-EVO)","https://www.morele.net/karta-graficzna-asus-dual-radeon-rx-7600-evo-oc-8gb-gddr6-dual-rx7600-o8g-evo-14405446/",""
"1747644953-382","https://www.morele.net/kategoria/karty-graficzne-12/,,,,,,,,0,,,,/8/","Karta graficzna AMD Radeon Pro W6400 4GB GDDR6 (100-506189)","https://www.morele.net/karta-graficzna-amd-radeon-pro-w6400-4gb-gddr6-100-506189-10155935/","Rekomendowana moc zasilacza
                                                                                    
                                        
                                                                                            
                                                                                                            500 W"
"1747644956-383","https://www.morele.net/kategoria/karty-graficzne-12/,,,,,,,,0,,,,/8/","Karta graficzna Asus Dual GeForce RTX 3050 OC 6GB GDDR6 (DUAL-RTX3050-O6G)","https://www.morele.net/karta-graficzna-asus-dual-geforce-rtx-3050-oc-6gb-gddr6-dual-rtx3050-o6g-13177948/",""
"1747644968-384","https://www.morele.net/kategoria/karty-graficzne-12/,,,,,,,,0,,,,/7/","Karta graficzna PNY GeForce RTX 3050 Verto Dual 6GB GDDR6 (VCG30506DFXPB1)","https://www.morele.net/karta-graficzna-pny-geforce-rtx-3050-verto-dual-6gb-gddr6-vcg30506dfxpb1-13229488/","Rekomendowana moc zasilacza
                                                                                    
                                        
                                                                                            
                                                                                                            300 W"
"1747644974-385","https://www.morele.net/kategoria/karty-graficzne-12/,,,,,,,,0,,,,/7/","Karta graficzna Inno3D GeForce GT 710 2GB DDR3 (N710-1SDV-E3BX)","https://www.morele.net/karta-graficzna-inno3d-geforce-gt-710-2gb-ddr3-n710-1sdv-e3bx-857511/",""
"1747644980-386","https://www.morele.net/kategoria/karty-graficzne-12/,,,,,,,,0,,,,/7/","Karta graficzna MSI GeForce RTX 3080 Ti Ventus 3X OC 12GB GDDR6X (RTX 3080 Ti VENTUS 3X 12G OC)","https://www.morele.net/karta-graficzna-msi-geforce-rtx-3080-ti-ventus-3x-oc-12gb-gddr6x-rtx-3080-ti-ventus-3x-12g-oc-5948201/","Rekomendowana moc zasilacza
                                                                                    
                                        
                                                                                            
                                                                                                            750 W"
"1747644986-387","https://www.morele.net/kategoria/karty-graficzne-12/,,,,,,,,0,,,,/7/","Karta graficzna Asus TUF GeForce RTX 3090 Ti Gaming OC 24GB GDDR6X (TUF-RTX3090TI-O24G-GAMING)","https://www.morele.net/karta-graficzna-asus-tuf-geforce-rtx-3090-ti-gaming-oc-24gb-gddr6x-tuf-rtx3090ti-o24g-gaming-10080000/",""
"1747644988-388","https://www.morele.net/kategoria/karty-graficzne-12/,,,,,,,,0,,,,/7/","Karta graficzna ASRock Radeon RX 6800 XT Taichi X OC 16G B GDDR6 (RX6800XT TCX 16GO)","https://www.morele.net/karta-graficzna-asrock-radeon-rx-6800-xt-taichi-x-oc-16g-b-gddr6-rx6800xt-tcx-16go-7497490/","Rekomendowana moc zasilacza
                                                                                    
                                        
                                                                                            
                                                                                                            800 W"
"1747644990-389","https://www.morele.net/kategoria/karty-graficzne-12/,,,,,,,,0,,,,/7/","Karta graficzna Palit GeForce RTX 5080 GameRock 16GB GDDR7 (NE75080019T2-GB2030G)","https://www.morele.net/karta-graficzna-palit-geforce-rtx-5080-gamerock-16gb-gddr7-ne75080019t2-gb2030g-14485258/","Rekomendowana moc zasilacza
                                                                                    
                                        
                                                                                            
                                                                                                            850 W"
"1747644993-390","https://www.morele.net/kategoria/karty-graficzne-12/,,,,,,,,0,,,,/7/","Karta graficzna PNY RTX A4000 16GB GDDR6 (VCNRTXA4000-PB)","https://www.morele.net/karta-graficzna-pny-rtx-a4000-16gb-gddr6-vcnrtxa4000-pb-8658168/","Rekomendowana moc zasilacza
                                                                                    
                                        
                                                                                            
                                                                                                            650 W"
"1747644995-391","https://www.morele.net/kategoria/karty-graficzne-12/,,,,,,,,0,,,,/7/","Karta graficzna Gigabyte GeForce RTX 5070 Ti Eagle OC ICE SFF 16GB GDDR7 (GV-N507TEAGLEOC ICE-16GD)","https://www.morele.net/karta-graficzna-gigabyte-geforce-rtx-5070-ti-eagle-oc-ice-sff-16gb-gddr7-gv-n507teagleoc-ice-16gd-14485562/","Rekomendowana moc zasilacza
                                                                                    
                                        
                                                                                            
                                                                                                            750 W"
"1747644997-392","https://www.morele.net/kategoria/karty-graficzne-12/,,,,,,,,0,,,,/7/","Karta graficzna Asus Prime GeForce RTX 5070 Ti OC 16GB GDDR7 (PRIME-RTX5070TI-O16G)","https://www.morele.net/karta-graficzna-asus-prime-geforce-rtx-5070-ti-oc-16gb-gddr7-prime-rtx5070ti-o16g-14486804/",""
"1747645000-393","https://www.morele.net/kategoria/karty-graficzne-12/,,,,,,,,0,,,,/7/","Karta graficzna Sapphire Pure Radeon RX 9070 XT 16GB GDDR6 (11348-02-20G)","https://www.morele.net/karta-graficzna-sapphire-pure-radeon-rx-9070-xt-16gb-gddr6-11348-02-20g-14732576/","Rekomendowana moc zasilacza
                                                                                    
                                        
                                                                                            
                                                                                                            750 W"
"1747645002-394","https://www.morele.net/kategoria/karty-graficzne-12/,,,,,,,,0,,,,/7/","Karta graficzna MSI GeForce RTX 4070 SUPER 12G VENTUS 2X OC + Spatium M480 Pro 1TB M.2 2280 PCI-E x4 Gen4 NVMe","https://www.morele.net/karta-graficzna-msi-geforce-rtx-4070-super-12g-ventus-2x-oc-spatium-m480-pro-1tb-m-2-2280-pci-e-x4-gen4-nvme-9118953/","Rdzenie Tensor
                                                
                                                                                    
                                        
                                                                                            
                                                                                                            224"
"1747645004-395","https://www.morele.net/kategoria/karty-graficzne-12/,,,,,,,,0,,,,/7/","Karta graficzna XFX Radeon RX 7900 XT 20GB GDDR6 (RX-79TMBABF9)","https://www.morele.net/karta-graficzna-xfx-radeon-rx-7900-xt-20gb-gddr6-rx-79tmbabf9-12456768/","Rekomendowana moc zasilacza
                                                                                    
                                        
                                                                                            
                                                                                                            750 W"
"1747645007-396","https://www.morele.net/kategoria/karty-graficzne-12/,,,,,,,,0,,,,/7/","Karta graficzna Gigabyte GeForce RTX 4070 Windforce 2X OC 12GB GDDR6X (GV-N4070WF2OC-12GD)","https://www.morele.net/karta-graficzna-gigabyte-geforce-rtx-4070-windforce-2x-oc-12gb-gddr6x-gv-n4070wf2oc-12gd-13146290/","Rekomendowana moc zasilacza
                                                                                    
                                        
                                                                                            
                                                                                                            650 W"
"1747645009-397","https://www.morele.net/kategoria/karty-graficzne-12/,,,,,,,,0,,,,/7/","Karta graficzna Inno3D GeForce RTX 4060 Ti Twin X2 OC White 8GB GDDR6 (N406T2-08D6X-171153W)","https://www.morele.net/karta-graficzna-inno3d-geforce-rtx-4060-ti-twin-x2-oc-white-8gb-gddr6-n406t2-08d6x-171153w-12921356/",""
"1747645012-398","https://www.morele.net/kategoria/karty-graficzne-12/,,,,,,,,0,,,,/7/","Karta graficzna Gainward GeForce RTX 4060 Ti Ghost 8GB GDDR6 (471056224-3949)","https://www.morele.net/karta-graficzna-gainward-geforce-rtx-4060-ti-ghost-8gb-gddr6-471056224-3949-12888554/","Rekomendowana moc zasilacza
                                                                                    
                                        
                                                                                            
                                                                                                            650 W"
"1747645018-399","https://www.morele.net/kategoria/karty-graficzne-12/,,,,,,,,0,,,,/7/","Karta graficzna Power Color Fighter Radeon RX 7700 XT 12GB GDDR6 (RX 7700 XT 12G-F/OC)","https://www.morele.net/karta-graficzna-power-color-fighter-radeon-rx-7700-xt-12gb-gddr6-rx-7700-xt-12g-f-oc-13095057/","Rekomendowana moc zasilacza
                                                                                    
                                        
                                                                                            
                                                                                                            750 W"
"1747645020-400","https://www.morele.net/kategoria/karty-graficzne-12/,,,,,,,,0,,,,/7/","Karta graficzna Asus TUF GeForce GTX 1660 Gaming OC 6GB GDDR5 (TUF-GTX1660-O6G-GAMING)","https://www.morele.net/karta-graficzna-asus-tuf-geforce-gtx-1660-gaming-oc-6gb-gddr5-tuf-gtx1660-o6g-gaming-5887532/",""
"1747645023-401","https://www.morele.net/kategoria/karty-graficzne-12/,,,,,,,,0,,,,/7/","Karta graficzna MSI GeForce RTX 4060 VENTUS 2X BLACK 8G OC + Spatium M480 Pro 1TB M.2 2280 PCI-E x4 Gen4 NVMe","https://www.morele.net/karta-graficzna-msi-geforce-rtx-4060-ventus-2x-black-8g-oc-spatium-m480-pro-1tb-m-2-2280-pci-e-x4-gen4-nvme-9118940/","Rdzenie Tensor
                                                
                                                                                    
                                        
                                                                                            
                                                                                                            96"
"1747645025-402","https://www.morele.net/kategoria/karty-graficzne-12/,,,,,,,,0,,,,/7/","Karta graficzna PNY Quadro T1000 8GB GDDR6 (VCNT1000-8GB-SB)","https://www.morele.net/karta-graficzna-pny-quadro-t1000-8gb-gddr6-vcnt1000-8gb-sb-9704852/","Rekomendowana moc zasilacza
                                                                                    
                                        
                                                                                            
                                                                                                            350 W"
"1747645028-403","https://www.morele.net/kategoria/karty-graficzne-12/,,,,,,,,0,,,,/7/","Karta graficzna PNY GeForce RTX 4060 Verto Dual 8GB GDDR6 (VCG40608DFXPB1)","https://www.morele.net/karta-graficzna-pny-geforce-rtx-4060-verto-dual-8gb-gddr6-vcg40608dfxpb1-12971656/","Rekomendowana moc zasilacza
                                                                                    
                                        
                                                                                            
                                                                                                            550 W"
"1747645030-404","https://www.morele.net/kategoria/karty-graficzne-12/,,,,,,,,0,,,,/7/","Karta graficzna Biostar GeForce RTX 3060 Ti 8GB GDDR6X (N3606TM82)","https://www.morele.net/karta-graficzna-biostar-geforce-rtx-3060-ti-8gb-gddr6x-n3606tm82-13181667/",""
"1747645036-405","https://www.morele.net/kategoria/karty-graficzne-12/,,,,,,,,0,,,,/7/","Karta graficzna PNY Quadro P1000 4GB GDDR5 (VCQP1000DVIV2-PB)","https://www.morele.net/karta-graficzna-pny-quadro-p1000-4gb-gddr5-vcqp1000dviv2-pb-6517112/","Rekomendowana moc zasilacza
                                                                                    
                                        
                                                                                            
                                                                                                            350 W"
"1747645039-406","https://www.morele.net/kategoria/karty-graficzne-12/,,,,,,,,0,,,,/7/","Karta graficzna Sparkle Arc A770 Titan OC Edition 16GB GDDR6 (SA770T-16GOC)","https://www.morele.net/karta-graficzna-sparkle-arc-a770-titan-oc-edition-16gb-gddr6-sa770t-16goc-13120230/",""
"1747645041-407","https://www.morele.net/kategoria/karty-graficzne-12/,,,,,,,,0,,,,/7/","Karta graficzna ASRock Arc A770 Challenger OC 16GB GDDR6 (A770 CL 16GO)","https://www.morele.net/karta-graficzna-asrock-arc-a770-challenger-oc-16gb-gddr6-a770-cl-16go-13122494/","Rekomendowana moc zasilacza
                                                                                    
                                        
                                                                                            
                                                                                                            650 W"
"1747645044-408","https://www.morele.net/kategoria/karty-graficzne-12/,,,,,,,,0,,,,/7/","Karta graficzna Sparkle Arc B580 Titan OC 12GB GDDR6 (SB580T-12GOC)","https://www.morele.net/karta-graficzna-sparkle-arc-b580-titan-oc-12gb-gddr6-sb580t-12goc-14460684/",""
"1747645046-409","https://www.morele.net/kategoria/karty-graficzne-12/,,,,,,,,0,,,,/7/","Karta graficzna Power Color Radeon RX 7600 Fighter 8GB GDDR6 (RX 7600 8G-F)","https://www.morele.net/karta-graficzna-power-color-radeon-rx-7600-fighter-8gb-gddr6-rx-7600-8g-f-12919739/","Rekomendowana moc zasilacza
                                                                                    
                                        
                                                                                            
                                                                                                            550 W"
"1747645048-410","https://www.morele.net/kategoria/karty-graficzne-12/,,,,,,,,0,,,,/7/","Karta graficzna Gigabyte GeForce RTX 3050 Windforce OC V2 6GB GDDR6 (GV-N3050WF2OCV2-6GD)","https://www.morele.net/karta-graficzna-gigabyte-geforce-rtx-3050-windforce-oc-v2-6gb-gddr6-gv-n3050wf2ocv2-6gd-14454835/","Rekomendowana moc zasilacza
                                                                                    
                                        
                                                                                            
                                                                                                            300 W"
"1747645051-411","https://www.morele.net/kategoria/karty-graficzne-12/,,,,,,,,0,,,,/7/","Karta graficzna AFOX Radeon RX 570 8GB GDDR5 (AFRX570-8192D5H3-V2)","https://www.morele.net/karta-graficzna-afox-radeon-rx-570-8gb-gddr5-afrx570-8192d5h3-v2-9624379/",""
"1747645054-412","https://www.morele.net/kategoria/karty-graficzne-12/,,,,,,,,0,,,,/7/","Karta graficzna Sparkle Arc A310 ECO 4GB GDDR6 (SA310C-4G)","https://www.morele.net/karta-graficzna-sparkle-arc-a310-eco-4gb-gddr6-sa310c-4g-13248526/",""
"1747645060-413","https://www.morele.net/kategoria/karty-graficzne-12/,,,,,,,,0,,,,/7/","Karta graficzna ASRock Arc A310 Low Profile 4GB GDDR6 (A310 LP 4G)","https://www.morele.net/karta-graficzna-asrock-arc-a310-low-profile-4gb-gddr6-a310-lp-4g-13129626/","Rekomendowana moc zasilacza
                                                                                    
                                        
                                                                                            
                                                                                                            450 W"
"1747645072-414","https://www.morele.net/kategoria/karty-graficzne-12/,,,,,,,,0,,,,/6/","Karta graficzna Biostar GeForce GT 610 2GB DDR3 (VN6103THX6)","https://www.morele.net/karta-graficzna-biostar-geforce-gt-610-2gb-ddr3-vn6103thx6-5946476/",""
"1747645075-415","https://www.morele.net/kategoria/karty-graficzne-12/,,,,,,,,0,,,,/6/","Karta graficzna Zotac GeForce GT 710 2GB DDR3 (ZT-71310-10L)","https://www.morele.net/karta-graficzna-zotac-geforce-gt-710-2gb-ddr3-zt-71310-10l-11735967/","Rekomendowana moc zasilacza
                                                                                    
                                        
                                                                                            
                                                                                                            300 W"
"1747645077-416","https://www.morele.net/kategoria/karty-graficzne-12/,,,,,,,,0,,,,/6/","Karta graficzna Sapphire Pulse Radeon RX 9070 XT 16GB GDDR6 (11348-03-20G)","https://www.morele.net/karta-graficzna-sapphire-pulse-radeon-rx-9070-xt-16gb-gddr6-11348-03-20g-14732579/","Rekomendowana moc zasilacza
                                                                                    
                                        
                                                                                            
                                                                                                            750 W"
"1747645080-417","https://www.morele.net/kategoria/karty-graficzne-12/,,,,,,,,0,,,,/6/","Karta graficzna Gigabyte GeForce RTX 5070 Ti Windforce OC SFF 16GB GDDR7 (GV-N507TWF3OC-16GD)","https://www.morele.net/karta-graficzna-gigabyte-geforce-rtx-5070-ti-windforce-oc-sff-16gb-gddr7-gv-n507twf3oc-16gd-14485558/","Rekomendowana moc zasilacza
                                                                                    
                                        
                                                                                            
                                                                                                            750 W"
"1747645082-418","https://www.morele.net/kategoria/karty-graficzne-12/,,,,,,,,0,,,,/6/","Karta graficzna PNY RTX A4000 16GB GDDR6 (VCNRTXA4000-SB)","https://www.morele.net/karta-graficzna-pny-rtx-a4000-16gb-gddr6-vcnrtxa4000-sb-8658169/","Rekomendowana moc zasilacza
                                                                                    
                                        
                                                                                            
                                                                                                            650 W"
"1747645084-419","https://www.morele.net/kategoria/karty-graficzne-12/,,,,,,,,0,,,,/6/","Karta graficzna Asus TUF GeForce RTX 5070 Ti OC 16GB GDDR7 (TUF-RTX5070TI-O16G-GAMING)","https://www.morele.net/karta-graficzna-asus-tuf-geforce-rtx-5070-ti-oc-16gb-gddr7-tuf-rtx5070ti-o16g-gaming-14486744/","Rekomendowana moc zasilacza
                                                                                    
                                        
                                                                                            
                                                                                                            750 W"
"1747645087-420","https://www.morele.net/kategoria/karty-graficzne-12/,,,,,,,,0,,,,/6/","Karta graficzna Asus Prime GeForce RTX 5070 OC 12GB GDDR7 DLSS4 (PRIME-RTX5070-O12G)","https://www.morele.net/karta-graficzna-asus-prime-geforce-rtx-5070-oc-12gb-gddr7-dlss4-prime-rtx5070-o12g-14735376/","Rekomendowana moc zasilacza
                                                                                    
                                        
                                                                                            
                                                                                                            750 W"
"1747645092-421","https://www.morele.net/kategoria/karty-graficzne-12/,,,,,,,,0,,,,/6/","Karta graficzna Asus TUF Gaming Radeon RX 7700 XT OC 12GB GDDR6 (TUF-RX7700XT-O12G-GAMING)","https://www.morele.net/karta-graficzna-asus-tuf-gaming-radeon-rx-7700-xt-oc-12gb-gddr6-tuf-rx7700xt-o12g-gaming-13115237/",""
"1747645095-422","https://www.morele.net/kategoria/karty-graficzne-12/,,,,,,,,0,,,,/6/","Karta graficzna Zotac Gaming GeForce RTX 4060 Twin Edge OC White 8GB GDDR6 (ZT-D40600Q-10M)","https://www.morele.net/karta-graficzna-zotac-gaming-geforce-rtx-4060-twin-edge-oc-white-8gb-gddr6-zt-d40600q-10m-12960748/","Rekomendowana moc zasilacza
                                                                                    
                                        
                                                                                            
                                                                                                            500 W"
"1747645097-423","https://www.morele.net/kategoria/karty-graficzne-12/,,,,,,,,0,,,,/6/","Karta graficzna ASRock Arc A750 Challenger D OC 8GB GDDR6 (A750 CLD 8GO)","https://www.morele.net/karta-graficzna-asrock-arc-a750-challenger-d-oc-8gb-gddr6-a750-cld-8go-12285820/","Rekomendowana moc zasilacza
                                                                                    
                                        
                                                                                            
                                                                                                            650 W"
"1747645100-424","https://www.morele.net/kategoria/karty-graficzne-12/,,,,,,,,0,,,,/6/","Karta graficzna AFOX GeForce RTX 2060 Super 8GB GDDR6 (AF2060S-8192D6H4-V2)","https://www.morele.net/karta-graficzna-afox-geforce-rtx-2060-super-8gb-gddr6-af2060s-8192d6h4-v2-13133257/",""
"1747645102-425","https://www.morele.net/kategoria/karty-graficzne-12/,,,,,,,,0,,,,/6/","Karta graficzna AFOX GeForce GT 220 1GB GDDR3 (AF220-1024D3L2)","https://www.morele.net/karta-graficzna-afox-geforce-gt-220-1gb-gddr3-af220-1024d3l2-8224557/",""
"1747645104-426","https://www.morele.net/kategoria/karty-graficzne-12/,,,,,,,,0,,,,/6/","Karta graficzna Asus ROG Astral GeForce RTX 5090 OC 32GB GDDR7 (ROG-ASTRAL-RTX5090-O32G-GAMING)","https://www.morele.net/karta-graficzna-asus-rog-astral-geforce-rtx-5090-oc-32gb-gddr7-rog-astral-rtx5090-o32g-gaming-14486829/",""
"1747645110-427","https://www.morele.net/kategoria/karty-graficzne-12/,,,,,,,,0,,,,/6/","Karta graficzna Inno3D GeForce RTX 3080 Ti iChill X4 12GB GDDR6X (C308T4-126XX-1810VA36)","https://www.morele.net/karta-graficzna-inno3d-geforce-rtx-3080-ti-ichill-x4-12gb-gddr6x-c308t4-126xx-1810va36-5947964/",""
"1747645113-428","https://www.morele.net/kategoria/karty-graficzne-12/,,,,,,,,0,,,,/6/","Karta graficzna Zotac Gaming GeForce RTX 4070 Ti SUPER Solid 16GB GDDR6X (ZT-D40730R-10P)","https://www.morele.net/karta-graficzna-zotac-gaming-geforce-rtx-4070-ti-super-solid-16gb-gddr6x-zt-d40730r-10p-13270363/","Rekomendowana moc zasilacza
                                                                                    
                                        
                                                                                            
                                                                                                            700 W"
"1747645115-429","https://www.morele.net/kategoria/karty-graficzne-12/,,,,,,,,0,,,,/6/","Karta graficzna XFX Swift Radeon RX 9070 OC Triple Fan Gaming 16GB GDDR6 (RX-97SWFB3B9)","https://www.morele.net/karta-graficzna-xfx-swift-radeon-rx-9070-oc-triple-fan-gaming-16gb-gddr6-rx-97swfb3b9-14739182/","Rekomendowana moc zasilacza
                                                                                    
                                        
                                                                                            
                                                                                                            800 W"
"1747645118-430","https://www.morele.net/kategoria/karty-graficzne-12/,,,,,,,,0,,,,/6/","Karta graficzna Gigabyte Radeon RX 9070 Gaming OC 16GB GDDR6 (GV-R9070GAMING OC-16GD)","https://www.morele.net/karta-graficzna-gigabyte-radeon-rx-9070-gaming-oc-16gb-gddr6-gv-r9070gaming-oc-16gd-14731782/","Rekomendowana moc zasilacza
                                                                                    
                                        
                                                                                            
                                                                                                            750 W"
"1747645120-431","https://www.morele.net/kategoria/karty-graficzne-12/,,,,,,,,0,,,,/6/","Karta graficzna Gigabyte GeForce RTX 5070 Windforce SFF 12GB GDDR7 DLSS4 (GV-N5070WF3-12GD)","https://www.morele.net/karta-graficzna-gigabyte-geforce-rtx-5070-windforce-sff-12gb-gddr7-dlss4-gv-n5070wf3-12gd-14855269/","Rekomendowana moc zasilacza
                                                                                    
                                        
                                                                                            
                                                                                                            650 W"
"1747645122-432","https://www.morele.net/kategoria/karty-graficzne-12/,,,,,,,,0,,,,/6/","Karta graficzna ASRock Arc B580 Challenger OC 12GB GDDR6 (B580 CL 12GO)","https://www.morele.net/karta-graficzna-asrock-arc-b580-challenger-oc-12gb-gddr6-b580-cl-12go-14450505/","Rekomendowana moc zasilacza
                                                                                    
                                        
                                                                                            
                                                                                                            650 W"
"1747645125-433","https://www.morele.net/kategoria/karty-graficzne-12/,,,,,,,,0,,,,/6/","Karta graficzna AFOX GeForce GT 210 1GB DDR2 (AF210-1024D2LG2-V7)","https://www.morele.net/karta-graficzna-afox-geforce-gt-210-1gb-ddr2-af210-1024d2lg2-v7-6699669/",""
"1747645127-434","https://www.morele.net/kategoria/karty-graficzne-12/,,,,,,,,0,,,,/6/","Karta graficzna Asus TUF Gaming GeForce RTX 4080 SUPER OC 16GB GDDR6X (TUF-RTX4080S-O16G-GAMING)","https://www.morele.net/karta-graficzna-asus-tuf-gaming-geforce-rtx-4080-super-oc-16gb-gddr6x-tuf-rtx4080s-o16g-gaming-13166582/",""
"1747645130-435","https://www.morele.net/kategoria/karty-graficzne-12/,,,,,,,,0,,,,/6/","Karta graficzna Asus TUF Gaming GeForce RTX 5080 OC 16GB GDDR7 (TUF-RTX5080-O16G-GAMING)","https://www.morele.net/karta-graficzna-asus-tuf-gaming-geforce-rtx-5080-oc-16gb-gddr7-tuf-rtx5080-o16g-gaming-14485133/","Rekomendowana moc zasilacza
                                                                                    
                                        
                                                                                            
                                                                                                            850 W"
"1747645132-436","https://www.morele.net/kategoria/karty-graficzne-12/,,,,,,,,0,,,,/6/","Karta graficzna Gigabyte GeForce RTX 5080 Gaming OC 16GB GDDR7 (GV-N5080GAMING OC-16GD)","https://www.morele.net/karta-graficzna-gigabyte-geforce-rtx-5080-gaming-oc-16gb-gddr7-gv-n5080gaming-oc-16gd-14485974/","Rekomendowana moc zasilacza
                                                                                    
                                        
                                                                                            
                                                                                                            850 W"
"1747645134-437","https://www.morele.net/kategoria/karty-graficzne-12/,,,,,,,,0,,,,/6/","Karta graficzna Zotac Gaming GeForce RTX 5070 Ti AMP Extreme INFINITY 16GB GDDR7 (ZT-B50710B-10P)","https://www.morele.net/karta-graficzna-zotac-gaming-geforce-rtx-5070-ti-amp-extreme-infinity-16gb-gddr7-zt-b50710b-10p-14689677/","Rekomendowana moc zasilacza
                                                                                    
                                        
                                                                                            
                                                                                                            750 W"
"1747645137-438","https://www.morele.net/kategoria/karty-graficzne-12/,,,,,,,,0,,,,/6/","Karta graficzna Sapphire Nitro+ Radeon RX 9070 XT 16GB GDDR6 (11348-01-20G)","https://www.morele.net/karta-graficzna-sapphire-nitro-radeon-rx-9070-xt-16gb-gddr6-11348-01-20g-14732572/","Rekomendowana moc zasilacza
                                                                                    
                                        
                                                                                            
                                                                                                            750 W"
"1747645139-439","https://www.morele.net/kategoria/karty-graficzne-12/,,,,,,,,0,,,,/6/","Karta graficzna XFX Mercury Radeon RX 9070 XT OC Gaming RGB 16GB GDDR6 (RX-97TRGBBB9)","https://www.morele.net/karta-graficzna-xfx-mercury-radeon-rx-9070-xt-oc-gaming-rgb-16gb-gddr6-rx-97trgbbb9-14771925/","Rekomendowana moc zasilacza
                                                                                    
                                        
                                                                                            
                                                                                                            800 W"
"1747645141-440","https://www.morele.net/kategoria/karty-graficzne-12/,,,,,,,,0,,,,/6/","Karta graficzna XFX Swift Radeon RX 9070 XT Triple Fan Gaming 16GB GDDR6 (RX-97TSWF3B9)","https://www.morele.net/karta-graficzna-xfx-swift-radeon-rx-9070-xt-triple-fan-gaming-16gb-gddr6-rx-97tswf3b9-14739185/","Rekomendowana moc zasilacza
                                                                                    
                                        
                                                                                            
                                                                                                            800 W"
"1747645144-441","https://www.morele.net/kategoria/karty-graficzne-12/,,,,,,,,0,,,,/6/","Karta graficzna Palit GeForce RTX 4060 StormX 8GB GDDR6 (NE64060019P1-1070F)","https://www.morele.net/karta-graficzna-palit-geforce-rtx-4060-stormx-8gb-gddr6-ne64060019p1-1070f-12960737/","Rekomendowana moc zasilacza
                                                                                    
                                        
                                                                                            
                                                                                                            600 W"
"1747645150-442","https://www.morele.net/kategoria/karty-graficzne-12/,,,,,,,,0,,,,/6/","Karta graficzna PNY Quadro T400 4GB GDDR6 (VCNT400-4GB-SB)","https://www.morele.net/karta-graficzna-pny-quadro-t400-4gb-gddr6-vcnt400-4gb-sb-9856260/","Rekomendowana moc zasilacza
                                                                                    
                                        
                                                                                            
                                                                                                            350 W"
"1747645156-443","https://www.morele.net/kategoria/karty-graficzne-12/,,,,,,,,0,,,,/6/","Karta graficzna XFX Speedster SWFT 210 Radeon RX 7600 XT 16GB GDDR6 (RX-76TSWFTFP)","https://www.morele.net/karta-graficzna-xfx-speedster-swft-210-radeon-rx-7600-xt-16gb-gddr6-rx-76tswftfp-13174189/","Rekomendowana moc zasilacza
                                                                                    
                                        
                                                                                            
                                                                                                            600 W"
"1747645166-444","https://www.morele.net/kategoria/karty-graficzne-12/,,,,,,,,0,,,,/5/","Karta graficzna Biostar Radeon RX 580 8GB GDDR5 (VA5815TQ82)","https://www.morele.net/karta-graficzna-biostar-radeon-rx-580-8gb-gddr5-va5815tq82-13172856/",""
"1747645168-445","https://www.morele.net/kategoria/karty-graficzne-12/,,,,,,,,0,,,,/5/","Karta graficzna Inno3D GeForce RTX 4060 Twin X2 8GB GDDR6 (N40602-08D6-173051N)","https://www.morele.net/karta-graficzna-inno3d-geforce-rtx-4060-twin-x2-8gb-gddr6-n40602-08d6-173051n-13113172/",""
"1747645171-446","https://www.morele.net/kategoria/karty-graficzne-12/,,,,,,,,0,,,,/5/","Karta graficzna XFX Speedster QICK 308 Radeon RX 7600 8GB GDDR6 (RX-76PQICKBY)","https://www.morele.net/karta-graficzna-xfx-speedster-qick-308-radeon-rx-7600-8gb-gddr6-rx-76pqickby-12967120/","Rekomendowana moc zasilacza
                                                                                    
                                        
                                                                                            
                                                                                                            550 W"
"1747645173-447","https://www.morele.net/kategoria/karty-graficzne-12/,,,,,,,,0,,,,/5/","Karta graficzna Zotac Gaming GeForce RTX 4070 SUPER Twin Edge 12GB GDDR6X (ZT-D40720E-10M)","https://www.morele.net/karta-graficzna-zotac-gaming-geforce-rtx-4070-super-twin-edge-12gb-gddr6x-zt-d40720e-10m-13166616/","Rekomendowana moc zasilacza
                                                                                    
                                        
                                                                                            
                                                                                                            750 W"
"1747645175-448","https://www.morele.net/kategoria/karty-graficzne-12/,,,,,,,,0,,,,/5/","Karta graficzna Gigabyte GeForce RTX 5070 Windforce OC SFF 12GB GDDR7 (GV-N5070WF3OC-12GD)","https://www.morele.net/karta-graficzna-gigabyte-geforce-rtx-5070-windforce-oc-sff-12gb-gddr7-gv-n5070wf3oc-12gd-14485262/","Rekomendowana moc zasilacza
                                                                                    
                                        
                                                                                            
                                                                                                            650 W"
"1747645182-449","https://www.morele.net/kategoria/karty-graficzne-12/,,,,,,,,0,,,,/5/","Karta graficzna Asus TUF GeForce GTX 1660 SUPER Gaming OC 6GB GDDR6 (90YV0DT2-M0NA00)","https://www.morele.net/karta-graficzna-asus-tuf-geforce-gtx-1660-super-gaming-oc-6gb-gddr6-90yv0dt2-m0na00-6470553/",""
"1747645184-450","https://www.morele.net/kategoria/karty-graficzne-12/,,,,,,,,0,,,,/5/","Karta graficzna AMD Radeon Pro WX 3200 4GB GDDR5 (100-506115)","https://www.morele.net/karta-graficzna-amd-radeon-pro-wx-3200-4gb-gddr5-100-506115-6660027/","Rekomendowana moc zasilacza
                                                                                    
                                        
                                                                                            
                                                                                                            350 W"
"1747645190-451","https://www.morele.net/kategoria/karty-graficzne-12/,,,,,,,,0,,,,/5/","Karta graficzna Fujitsu Quadro P400 2GB GDDR5 (S26361-F2222-L44)","https://www.morele.net/karta-graficzna-fujitsu-quadro-p400-2gb-gddr5-s26361-f2222-l44-1406580/",""
"1747645193-452","https://www.morele.net/kategoria/karty-graficzne-12/,,,,,,,,0,,,,/5/","Karta graficzna Gigabyte AORUS Radeon RX 9070 XT Elite 16GB GDDR6 (GV-R9070XTAORUS E-16GD)","https://www.morele.net/karta-graficzna-gigabyte-aorus-radeon-rx-9070-xt-elite-16gb-gddr6-gv-r9070xtaorus-e-16gd-14731776/","Rekomendowana moc zasilacza
                                                                                    
                                        
                                                                                            
                                                                                                            850 W"
"1747645195-453","https://www.morele.net/kategoria/karty-graficzne-12/,,,,,,,,0,,,,/5/","Karta graficzna Gigabyte Radeon RX 6500 XT Eagle 4GB GDDR6 (GV-R65XTEAGLE-4GD)","https://www.morele.net/karta-graficzna-gigabyte-radeon-rx-6500-xt-eagle-4gb-gddr6-gv-r65xteagle-4gd-9681338/","Rekomendowana moc zasilacza
                                                                                    
                                        
                                                                                            
                                                                                                            400 W"
"1747645197-454","https://www.morele.net/kategoria/karty-graficzne-12/,,,,,,,,0,,,,/5/","Karta graficzna Gigabyte GeForce RTX 5070 Ti Aero OC 16GB GDDR7 (GV-N507TAERO OC-16GD)","https://www.morele.net/karta-graficzna-gigabyte-geforce-rtx-5070-ti-aero-oc-16gb-gddr7-gv-n507taero-oc-16gd-14485810/","Rekomendowana moc zasilacza
                                                                                    
                                        
                                                                                            
                                                                                                            750 W"
"1747645203-455","https://www.morele.net/kategoria/karty-graficzne-12/,,,,,,,,0,,,,/5/","Karta graficzna PNY GeForce RTX 4070 Ti Verto 12GB GDDR6X (VCG4070T12TFXPB1)","https://www.morele.net/karta-graficzna-pny-geforce-rtx-4070-ti-verto-12gb-gddr6x-vcg4070t12tfxpb1-12598619/",""
"1747645206-456","https://www.morele.net/kategoria/karty-graficzne-12/,,,,,,,,0,,,,/5/","Karta graficzna PNY GeForce RTX 4060 Ti XLR8 Gaming Verto OC Dual Fan 8GB GDDR6 (VCG4060T8DFXPB1-O)","https://www.morele.net/karta-graficzna-pny-geforce-rtx-4060-ti-xlr8-gaming-verto-oc-dual-fan-8gb-gddr6-vcg4060t8dfxpb1-o-13131189/","Rekomendowana moc zasilacza
                                                                                    
                                        
                                                                                            
                                                                                                            550 W"
"1747645212-457","https://www.morele.net/kategoria/karty-graficzne-12/,,,,,,,,0,,,,/5/","Karta graficzna PNY GeForce RTX 3050 XLR8 Gaming Revel Epic-X 8GB GDDR6 (VCG30508DFXPPB)","https://www.morele.net/karta-graficzna-pny-geforce-rtx-3050-xlr8-gaming-revel-epic-x-8gb-gddr6-vcg30508dfxppb-9865542/","Rekomendowana moc zasilacza
                                                                                    
                                        
                                                                                            
                                                                                                            550 W"
"1747645215-458","https://www.morele.net/kategoria/karty-graficzne-12/,,,,,,,,0,,,,/5/","Karta graficzna Intel Arc A750 Limited Edition 8GB GDDR6 (21P02J00BA)","https://www.morele.net/karta-graficzna-intel-arc-a750-limited-edition-8gb-gddr6-21p02j00ba-12241383/","Rekomendowana moc zasilacza
                                                                                    
                                        
                                                                                            
                                                                                                            550 W"
"1747645217-459","https://www.morele.net/kategoria/karty-graficzne-12/,,,,,,,,0,,,,/5/","Karta graficzna Palit GeForce RTX 3050 StormX 8GB GDDR6 (NE63050018P1-1070F)","https://www.morele.net/karta-graficzna-palit-geforce-rtx-3050-stormx-8gb-gddr6-ne63050018p1-1070f-12510464/","Rekomendowana moc zasilacza
                                                                                    
                                        
                                                                                            
                                                                                                            550 W"
"1747645223-460","https://www.morele.net/kategoria/karty-graficzne-12/,,,,,,,,0,,,,/5/","Karta graficzna Biostar Radeon RX 550 4GB GDDR5 (VA5505RF41-SBHRA-BS2)","https://www.morele.net/karta-graficzna-biostar-radeon-rx-550-4gb-gddr5-va5505rf41-sbhra-bs2-5949843/",""
"1747645226-461","https://www.morele.net/kategoria/karty-graficzne-12/,,,,,,,,0,,,,/5/","Karta graficzna Biostar GeForce GT 210 1GB DDR3 (VN2103NHG6-TBARL-BS2)","https://www.morele.net/karta-graficzna-biostar-geforce-gt-210-1gb-ddr3-vn2103nhg6-tbarl-bs2-8408286/",""
"1747645228-462","https://www.morele.net/kategoria/karty-graficzne-12/,,,,,,,,0,,,,/5/","Karta graficzna Gigabyte Radeon RX 9070 XT Gaming OC 16GB GDDR6 (GV-R9070XTGAMING OC-16GD)","https://www.morele.net/karta-graficzna-gigabyte-radeon-rx-9070-xt-gaming-oc-16gb-gddr6-gv-r9070xtgaming-oc-16gd-14731777/","Rekomendowana moc zasilacza
                                                                                    
                                        
                                                                                            
                                                                                                            850 W"
"1747645234-463","https://www.morele.net/kategoria/karty-graficzne-12/,,,,,,,,0,,,,/5/","Karta graficzna Asus Dual Radeon RX 6600 XT OC 8GB GDDR6 (DUAL-RX6600XT-O8G)","https://www.morele.net/karta-graficzna-asus-dual-radeon-rx-6600-xt-oc-8gb-gddr6-dual-rx6600xt-o8g-8852738/",""
"1747645237-464","https://www.morele.net/kategoria/karty-graficzne-12/,,,,,,,,0,,,,/5/","Karta graficzna XFX Speedster QICK 319 Radeon RX 7700 XT Black Edition 12GB GDDR6 (RX-77TQICKB9)","https://www.morele.net/karta-graficzna-xfx-speedster-qick-319-radeon-rx-7700-xt-black-edition-12gb-gddr6-rx-77tqickb9-13118009/","Rekomendowana moc zasilacza
                                                                                    
                                        
                                                                                            
                                                                                                            700 W"
"1747645239-465","https://www.morele.net/kategoria/karty-graficzne-12/,,,,,,,,0,,,,/5/","Karta graficzna ASRock Radeon RX 7600 Challenger OC 8GB GDDR6 (RX 7600 CL 8GO)","https://www.morele.net/karta-graficzna-asrock-radeon-rx-7600-challenger-oc-8gb-gddr6-rx-7600-cl-8go-12899796/","Rekomendowana moc zasilacza
                                                                                    
                                        
                                                                                            
                                                                                                            550 W"
"1747645245-466","https://www.morele.net/kategoria/karty-graficzne-12/,,,,,,,,0,,,,/5/","Karta graficzna Sapphire Pulse Radeon RX 7900 XTX 24GB GDDR6 (11322-02-20G)","https://www.morele.net/karta-graficzna-sapphire-pulse-radeon-rx-7900-xtx-24gb-gddr6-11322-02-20g-12801358/","Rekomendowana moc zasilacza
                                                                                    
                                        
                                                                                            
                                                                                                            800 W"
"1747645248-467","https://www.morele.net/kategoria/karty-graficzne-12/,,,,,,,,0,,,,/5/","Karta graficzna Gigabyte GeForce RTX 5070 Ti Gaming OC 16GB GDDR7 (GV-N507TGAMING OC-16GD)","https://www.morele.net/karta-graficzna-gigabyte-geforce-rtx-5070-ti-gaming-oc-16gb-gddr7-gv-n507tgaming-oc-16gd-14485809/","Rekomendowana moc zasilacza
                                                                                    
                                        
                                                                                            
                                                                                                            750 W"
"1747645250-468","https://www.morele.net/kategoria/karty-graficzne-12/,,,,,,,,0,,,,/5/","Karta graficzna Sapphire Pulse Radeon RX 7600 XT OC 16GB GDDR6 (11339-04-20G)","https://www.morele.net/karta-graficzna-sapphire-pulse-radeon-rx-7600-xt-oc-16gb-gddr6-11339-04-20g-13173835/","Rekomendowana moc zasilacza
                                                                                    
                                        
                                                                                            
                                                                                                            600 W"
"1747645257-469","https://www.morele.net/kategoria/karty-graficzne-12/,,,,,,,,0,,,,/5/","Karta graficzna Asus Dual GeForce GTX 1650 OC 4GB GDDR5 (DUAL-GTX1650-O4G)","https://www.morele.net/karta-graficzna-asus-dual-geforce-gtx-1650-oc-4gb-gddr5-dual-gtx1650-o4g-5887886/",""
"1747645260-470","https://www.morele.net/kategoria/karty-graficzne-12/,,,,,,,,0,,,,/5/","Karta graficzna Power Color Radeon RX 7900 XTX Hellhound 24GB GDDR6 (RX 7900 XTX 24G-L/OC)","https://www.morele.net/karta-graficzna-power-color-radeon-rx-7900-xtx-hellhound-24gb-gddr6-rx-7900-xtx-24g-l-oc-12629158/","Rekomendowana moc zasilacza
                                                                                    
                                        
                                                                                            
                                                                                                            800 W"
"1747645262-471","https://www.morele.net/kategoria/karty-graficzne-12/,,,,,,,,0,,,,/5/","Karta graficzna XFX Speedster MERC 310 Radeon RX 7900 GRE 16GB GDDR6 (RX-79GMERCB9)","https://www.morele.net/karta-graficzna-xfx-speedster-merc-310-radeon-rx-7900-gre-16gb-gddr6-rx-79gmercb9-13180389/","Rekomendowana moc zasilacza
                                                                                    
                                        
                                                                                            
                                                                                                            700 W"
"1747645268-472","https://www.morele.net/kategoria/karty-graficzne-12/,,,,,,,,0,,,,/5/","Karta graficzna Power Color Red Devil Radeon RX 7800 XT 16GB GDDR6 (RX 7800 XT 16G-E/OC)","https://www.morele.net/karta-graficzna-power-color-red-devil-radeon-rx-7800-xt-16gb-gddr6-rx-7800-xt-16g-e-oc-13095050/","Rekomendowana moc zasilacza
                                                                                    
                                        
                                                                                            
                                                                                                            800 W"
"1747645274-473","https://www.morele.net/kategoria/karty-graficzne-12/,,,,,,,,0,,,,/5/","Karta graficzna Asus Phoenix GeForce RTX 3060 12GB GDDR6 (PH-RTX3060-12G-V2)","https://www.morele.net/karta-graficzna-asus-phoenix-geforce-rtx-3060-12gb-gddr6-ph-rtx3060-12g-v2-5948911/",""
"1747645308-474","https://www.morele.net/kategoria/karty-graficzne-12/,,,,,,,,0,,,,/4/","Karta graficzna Asus Dual GeForce GTX 1660 SUPER Evo OC 6GB GDDR6 (DUAL-GTX1660S-O6G-EVO)","https://www.morele.net/karta-graficzna-asus-dual-geforce-gtx-1660-super-evo-oc-6gb-gddr6-dual-gtx1660s-o6g-evo-6317629/",""
"1747645311-475","https://www.morele.net/kategoria/karty-graficzne-12/,,,,,,,,0,,,,/4/","Karta graficzna Zotac GeForce RTX 3060 Twin Edge 12GB GDDR6 (ZT-A30600E-10M)","https://www.morele.net/karta-graficzna-zotac-geforce-rtx-3060-twin-edge-12gb-gddr6-zt-a30600e-10m-7951871/","Rekomendowana moc zasilacza
                                                                                    
                                        
                                                                                            
                                                                                                            600 W"
"1747645318-476","https://www.morele.net/kategoria/karty-graficzne-12/,,,,,,,,0,,,,/4/","Karta graficzna Asus TUF GeForce GTX 1660 Ti Evo Top Gaming 6GB GDDR6 (TUF-GTX1660TI-T6G-EVO-GAMING)","https://www.morele.net/karta-graficzna-asus-tuf-geforce-gtx-1660-ti-evo-top-gaming-6gb-gddr6-tuf-gtx1660ti-t6g-evo-gaming-5949275/",""
"1747645320-477","https://www.morele.net/kategoria/karty-graficzne-12/,,,,,,,,0,,,,/4/","Karta graficzna XFX Speedster SWFT 210 Radeon RX 7600 8GB GDDR6 (RX-76PSWFTFY)","https://www.morele.net/karta-graficzna-xfx-speedster-swft-210-radeon-rx-7600-8gb-gddr6-rx-76pswftfy-12967121/","Rekomendowana moc zasilacza
                                                                                    
                                        
                                                                                            
                                                                                                            550 W"
"1747645324-478","https://www.morele.net/kategoria/karty-graficzne-12/,,,,,,,,0,,,,/4/","Karta graficzna Palit GeForce RTX 3050 Dual 8GB GDDR6 (NE63050019P1-190AD)","https://www.morele.net/karta-graficzna-palit-geforce-rtx-3050-dual-8gb-gddr6-ne63050019p1-190ad-9710310/","Rekomendowana moc zasilacza
                                                                                    
                                        
                                                                                            
                                                                                                            550 W"
"1747645326-479","https://www.morele.net/kategoria/karty-graficzne-12/,,,,,,,,0,,,,/4/","Karta graficzna Gigabyte GeForce GT 1030 Low Profile D4 2GB DDR4 (GV-N1030D4-2GL)","https://www.morele.net/karta-graficzna-gigabyte-geforce-gt-1030-low-profile-d4-2gb-ddr4-gv-n1030d4-2gl-4107408/","Rekomendowana moc zasilacza
                                                                                    
                                        
                                                                                            
                                                                                                            300 W"
"1747645329-480","https://www.morele.net/kategoria/karty-graficzne-12/,,,,,,,,0,,,,/4/","Karta graficzna Sapphire Nitro+ Radeon RX 7700 XT 12GB GDDR6 (11335-02-20G)","https://www.morele.net/karta-graficzna-sapphire-nitro-radeon-rx-7700-xt-12gb-gddr6-11335-02-20g-13122438/","Rekomendowana moc zasilacza
                                                                                    
                                        
                                                                                            
                                                                                                            700 W"
"1747645335-481","https://www.morele.net/kategoria/karty-graficzne-12/,,,,,,,,0,,,,/4/","Karta graficzna MSI Radeon RX 6500 XT Mech X2 OC 4GB GDDR6 (RX 6500 XT MECH 2X 4G OC)","https://www.morele.net/karta-graficzna-msi-radeon-rx-6500-xt-mech-x2-oc-4gb-gddr6-rx-6500-xt-mech-2x-4g-oc-9681344/","Rekomendowana moc zasilacza
                                                                                    
                                        
                                                                                            
                                                                                                            500 W"
"1747645338-482","https://www.morele.net/kategoria/karty-graficzne-12/,,,,,,,,0,,,,/4/","Karta graficzna AFOX Geforce GT 210 1GB DDR2 (AF210-1024D2LG2)","https://www.morele.net/karta-graficzna-afox-geforce-gt-210-1gb-ddr2-af210-1024d2lg2-6747499/",""
"1747645340-483","https://www.morele.net/kategoria/karty-graficzne-12/,,,,,,,,0,,,,/4/","Karta graficzna Sapphire Pure Radeon RX 7700 XT 12GB GDDR6 (11335-03-20G)","https://www.morele.net/karta-graficzna-sapphire-pure-radeon-rx-7700-xt-12gb-gddr6-11335-03-20g-13119843/","Rekomendowana moc zasilacza
                                                                                    
                                        
                                                                                            
                                                                                                            700 W"
"1747645343-484","https://www.morele.net/kategoria/karty-graficzne-12/,,,,,,,,0,,,,/4/","Karta graficzna PNY GeForce RTX 4060 XLR8 Gaming Verto Epic-X RGB OC 8GB GDDR6 (VCG40608TFXXPB1-O)","https://www.morele.net/karta-graficzna-pny-geforce-rtx-4060-xlr8-gaming-verto-epic-x-rgb-oc-8gb-gddr6-vcg40608tfxxpb1-o-13120685/","Rekomendowana moc zasilacza
                                                                                    
                                        
                                                                                            
                                                                                                            550 W"
"1747645349-485","https://www.morele.net/kategoria/karty-graficzne-12/,,,,,,,,0,,,,/4/","Karta graficzna Asus TUF GeForce GTX 1660 Ti Gaming Evo OC 6GB GDDR6 (TUF-GTX1660TI-O6G-EVO-GAMING)","https://www.morele.net/karta-graficzna-asus-tuf-geforce-gtx-1660-ti-gaming-evo-oc-6gb-gddr6-tuf-gtx1660ti-o6g-evo-gaming-9289668/",""
"1747645352-486","https://www.morele.net/kategoria/karty-graficzne-12/,,,,,,,,0,,,,/4/","Karta graficzna Zotac GeForce GT 1030 LP 2GB GDDR5 (ZT-P10300A-10L)","https://www.morele.net/karta-graficzna-zotac-geforce-gt-1030-lp-2gb-gddr5-zt-p10300a-10l-1293090/","Rekomendowana moc zasilacza
                                                                                    
                                        
                                                                                            
                                                                                                            300 W"
"1747645354-487","https://www.morele.net/kategoria/karty-graficzne-12/,,,,,,,,0,,,,/4/","Karta graficzna ASRock Radeon RX 7800 XT Steel Legend OC 16GB GDDR6 (RX7800XT SL 16GO)","https://www.morele.net/karta-graficzna-asrock-radeon-rx-7800-xt-steel-legend-oc-16gb-gddr6-rx7800xt-sl-16go-13095052/","Rekomendowana moc zasilacza
                                                                                    
                                        
                                                                                            
                                                                                                            800 W"
"1747645361-488","https://www.morele.net/kategoria/karty-graficzne-12/,,,,,,,,0,,,,/4/","Karta graficzna Biostar Radeon RX 560 Gaming OC 4GB GDDR5 (VA5615RF41-TBE1A-BS2)","https://www.morele.net/karta-graficzna-biostar-radeon-rx-560-gaming-oc-4gb-gddr5-va5615rf41-tbe1a-bs2-5946478/",""
"1747645364-489","https://www.morele.net/kategoria/karty-graficzne-12/,,,,,,,,0,,,,/4/","Karta graficzna Zotac GeForce GT 730 Zone 4GB DDR3 (ZT-71115-20L)","https://www.morele.net/karta-graficzna-zotac-geforce-gt-730-zone-4gb-ddr3-zt-71115-20l-800628/","Rekomendowana moc zasilacza
                                                                                    
                                        
                                                                                            
                                                                                                            300 W"
"1747645369-490","https://www.morele.net/kategoria/karty-graficzne-12/,,,,,,,,0,,,,/4/","Karta graficzna Biostar GeForce GT 1030 4GB DDR4 (VN1034TB46-TB1RA-BS2)","https://www.morele.net/karta-graficzna-biostar-geforce-gt-1030-4gb-ddr4-vn1034tb46-tb1ra-bs2-7953789/",""
"1747645376-491","https://www.morele.net/kategoria/karty-graficzne-12/,,,,,,,,0,,,,/4/","Karta graficzna Inno3D GeForce RTX 3060 Twin X2 12GB GDDR6 (N30602-12D6-119032AH)","https://www.morele.net/karta-graficzna-inno3d-geforce-rtx-3060-twin-x2-12gb-gddr6-n30602-12d6-119032ah-9289659/",""
"1747645378-492","https://www.morele.net/kategoria/karty-graficzne-12/,,,,,,,,0,,,,/4/","Karta graficzna ASRock Radeon RX 7900 XTX Phantom Gaming OC 24GB GDDR6 (RX7900XTX PG 24GO)","https://www.morele.net/karta-graficzna-asrock-radeon-rx-7900-xtx-phantom-gaming-oc-24gb-gddr6-rx7900xtx-pg-24go-12801361/","Rekomendowana moc zasilacza
                                                                                    
                                        
                                                                                            
                                                                                                            1000 W"
"1747645381-493","https://www.morele.net/kategoria/karty-graficzne-12/,,,,,,,,0,,,,/4/","Karta graficzna XFX Radeon RX 7900 XTX Speedster MERC 310 Black Edition 24GB GDDR6 (RX-79XMERCB9)","https://www.morele.net/karta-graficzna-xfx-radeon-rx-7900-xtx-speedster-merc-310-black-edition-24gb-gddr6-rx-79xmercb9-12456769/","Rekomendowana moc zasilacza
                                                                                    
                                        
                                                                                            
                                                                                                            850 W"
"1747645388-494","https://www.morele.net/kategoria/karty-graficzne-12/,,,,,,,,0,,,,/4/","Karta graficzna Asus TUF Gaming GeForce RTX 3070 Ti Gaming OC 8GB GDDR6X (TUF-RTX3070TI-O8G-GAMING)","https://www.morele.net/karta-graficzna-asus-tuf-gaming-geforce-rtx-3070-ti-gaming-oc-8gb-gddr6x-tuf-rtx3070ti-o8g-gaming-5948248/",""
"1747645390-495","https://www.morele.net/kategoria/karty-graficzne-12/,,,,,,,,0,,,,/4/","Karta graficzna Gigabyte GeForce RTX 4060 Ti Gaming OC 16GB GDDR6 (GV-N406TGAMING OC-16GD)","https://www.morele.net/karta-graficzna-gigabyte-geforce-rtx-4060-ti-gaming-oc-16gb-gddr6-gv-n406tgaming-oc-16gd-12996457/","Rekomendowana moc zasilacza
                                                                                    
                                        
                                                                                            
                                                                                                            500 W"
"1747645393-496","https://www.morele.net/kategoria/karty-graficzne-12/,,,,,,,,0,,,,/4/","Karta graficzna Sapphire Pulse Radeon RX 7800 XT 16GB GDDR6 (11330-02-20G)","https://www.morele.net/karta-graficzna-sapphire-pulse-radeon-rx-7800-xt-16gb-gddr6-11330-02-20g-13095047/","Rekomendowana moc zasilacza
                                                                                    
                                        
                                                                                            
                                                                                                            700 W"
"1747645399-497","https://www.morele.net/kategoria/karty-graficzne-12/,,,,,,,,0,,,,/4/","Karta graficzna Gigabyte GeForce RTX 3050 Eagle OC 8GB GDDR6 (GV-N3050EAGLE OC-8GD)","https://www.morele.net/karta-graficzna-gigabyte-geforce-rtx-3050-eagle-oc-8gb-gddr6-gv-n3050eagle-oc-8gd-9710305/","Rekomendowana moc zasilacza
                                                                                    
                                        
                                                                                            
                                                                                                            450 W"
"1747645406-498","https://www.morele.net/kategoria/karty-graficzne-12/,,,,,,,,0,,,,/4/","Karta graficzna XFX Radeon RX 6600 Speedster SWFT 210 Core Gaming 8GB GDDR6 (RX-66XL8LFDQ)","https://www.morele.net/karta-graficzna-xfx-radeon-rx-6600-speedster-swft-210-core-gaming-8gb-gddr6-rx-66xl8lfdq-5949667/","Rekomendowana moc zasilacza
                                                                                    
                                        
                                                                                            
                                                                                                            500 W"
"1747645408-499","https://www.morele.net/kategoria/karty-graficzne-12/,,,,,,,,0,,,,/4/","Karta graficzna Sapphire Nitro+ Radeon RX 7900 XTX Vapor-X 24GB GDDR6 (11322-01-40G)","https://www.morele.net/karta-graficzna-sapphire-nitro-radeon-rx-7900-xtx-vapor-x-24gb-gddr6-11322-01-40g-12778756/","Rekomendowana moc zasilacza
                                                                                    
                                        
                                                                                            
                                                                                                            750 W"
"1747645411-500","https://www.morele.net/kategoria/karty-graficzne-12/,,,,,,,,0,,,,/4/","Karta graficzna Inno3D GeForce RTX 3060 Twin X2 OC 12GB GDDR6 LHR (N30602-12D6X-11902120H)","https://www.morele.net/karta-graficzna-inno3d-geforce-rtx-3060-twin-x2-oc-12gb-gddr6-lhr-n30602-12d6x-11902120h-5946320/",""
"1747645417-501","https://www.morele.net/kategoria/karty-graficzne-12/,,,,,,,,0,,,,/4/","Karta graficzna Gigabyte GeForce RTX 3060 Ti Gaming OC Pro 8GB GDDR6 (GV-N306TGAMINGOC PRO-8GD 3.0)","https://www.morele.net/karta-graficzna-gigabyte-geforce-rtx-3060-ti-gaming-oc-pro-8gb-gddr6-gv-n306tgamingoc-pro-8gd-3-0-5948220/",""
"1747645423-502","https://www.morele.net/kategoria/karty-graficzne-12/,,,,,,,,0,,,,/4/","Karta graficzna Sapphire  Pulse Radeon RX 6700 XT 12GB GDDR6 (11306-09-20G)","https://www.morele.net/karta-graficzna-sapphire-pulse-radeon-rx-6700-xt-12gb-gddr6-11306-09-20g-12462371/",""
"1747645429-503","https://www.morele.net/kategoria/karty-graficzne-12/,,,,,,,,0,,,,/4/","Karta graficzna Asus Dual GeForce RTX 2060 OC Evo 6GB GDDR6 (DUAL-RTX2060-O6G-EVO)","https://www.morele.net/karta-graficzna-asus-dual-geforce-rtx-2060-oc-evo-6gb-gddr6-dual-rtx2060-o6g-evo-6130161/",""
"1747645458-504","https://www.morele.net/kategoria/karty-graficzne-12/,,,,,,,,0,,,,/3/","Karta graficzna Asus TUF Gaming GeForce RTX 3060 Ti Gaming OC V2 8GB GDDR6 (TUF-RTX3060TI-O8G-V2-GAMING)","https://www.morele.net/karta-graficzna-asus-tuf-gaming-geforce-rtx-3060-ti-gaming-oc-v2-8gb-gddr6-tuf-rtx3060ti-o8g-v2-gaming-5948249/",""
"1747645460-505","https://www.morele.net/kategoria/karty-graficzne-12/,,,,,,,,0,,,,/3/","Karta graficzna Asus Dual GeForce RTX 4060 EVO OC 8GB GDDR6 (DUAL-RTX4060-O8G-EVO)","https://www.morele.net/karta-graficzna-asus-dual-geforce-rtx-4060-evo-oc-8gb-gddr6-dual-rtx4060-o8g-evo-13180050/","Rekomendowana moc zasilacza
                                                                                    
                                        
                                                                                            
                                                                                                            550 W"
"1747645463-506","https://www.morele.net/kategoria/karty-graficzne-12/,,,,,,,,0,,,,/3/","Karta graficzna Sapphire Nitro+ Radeon RX 7800 XT 16GB GDDR6 (11330-01-20G)","https://www.morele.net/karta-graficzna-sapphire-nitro-radeon-rx-7800-xt-16gb-gddr6-11330-01-20g-13095048/","Rekomendowana moc zasilacza
                                                                                    
                                        
                                                                                            
                                                                                                            700 W"
"1747645465-507","https://www.morele.net/kategoria/karty-graficzne-12/,,,,,,,,0,,,,/3/","Karta graficzna Gigabyte GeForce RTX 4070 SUPER Windforce 12GB GDDR6X (GV-N407SWF3OC-12GD)","https://www.morele.net/karta-graficzna-gigabyte-geforce-rtx-4070-super-windforce-12gb-gddr6x-gv-n407swf3oc-12gd-13166605/","Rekomendowana moc zasilacza
                                                                                    
                                        
                                                                                            
                                                                                                            700 W"
"1747645468-508","https://www.morele.net/kategoria/karty-graficzne-12/,,,,,,,,0,,,,/3/","Karta graficzna Gigabyte GeForce RTX 4070 WindForce OC 12GB GDDR6X (GV-N4070WF3OC-12GD)","https://www.morele.net/karta-graficzna-gigabyte-geforce-rtx-4070-windforce-oc-12gb-gddr6x-gv-n4070wf3oc-12gd-12788971/","Rekomendowana moc zasilacza
                                                                                    
                                        
                                                                                            
                                                                                                            650 W"
"1747645470-509","https://www.morele.net/kategoria/karty-graficzne-12/,,,,,,,,0,,,,/3/","Karta graficzna PNY RTX A2000 12GB GDDR6 (VCNRTXA2000-12GB-PB)","https://www.morele.net/karta-graficzna-pny-rtx-a2000-12gb-gddr6-vcnrtxa2000-12gb-pb-10326722/","Rekomendowana moc zasilacza
                                                                                    
                                        
                                                                                            
                                                                                                            500 W"
"1747645472-510","https://www.morele.net/kategoria/karty-graficzne-12/,,,,,,,,0,,,,/3/","Karta graficzna Zotac Gaming GeForce RTX 4060 Solo 8GB GDDR6 (ZT-D40600G-10L)","https://www.morele.net/karta-graficzna-zotac-gaming-geforce-rtx-4060-solo-8gb-gddr6-zt-d40600g-10l-12960746/","Rekomendowana moc zasilacza
                                                                                    
                                        
                                                                                            
                                                                                                            500 W"
"1747645475-511","https://www.morele.net/kategoria/karty-graficzne-12/,,,,,,,,0,,,,/3/","Karta graficzna Gigabyte GeForce RTX 4060 OC Low Profile 8GB GDDR6 (GV-N4060OC-8GL)","https://www.morele.net/karta-graficzna-gigabyte-geforce-rtx-4060-oc-low-profile-8gb-gddr6-gv-n4060oc-8gl-13120232/","Rekomendowana moc zasilacza
                                                                                    
                                        
                                                                                            
                                                                                                            450 W"
"1747645478-512","https://www.morele.net/kategoria/karty-graficzne-12/,,,,,,,,0,,,,/3/","Karta graficzna ASRock Radeon RX 550 Phantom Gaming 4GB GDDR5 (PHANTOM G R RX550 4G)","https://www.morele.net/karta-graficzna-asrock-radeon-rx-550-phantom-gaming-4gb-gddr5-phantom-g-r-rx550-4g-13261590/","Rekomendowana moc zasilacza
                                                                                    
                                        
                                                                                            
                                                                                                            400 W"
"1747645481-513","https://www.morele.net/kategoria/karty-graficzne-12/,,,,,,,,0,,,,/3/","Karta graficzna Asus GeForce GT 710 2GB GDDR5 EVO (GT710-SL-2GD5-BRK-EVO)","https://www.morele.net/karta-graficzna-asus-geforce-gt-710-2gb-gddr5-evo-gt710-sl-2gd5-brk-evo-13400605/",""
"1747645483-514","https://www.morele.net/kategoria/karty-graficzne-12/,,,,,,,,0,,,,/3/","Karta graficzna Asus Dual GeForce RTX 3050 OC V2 8GB GDDR6 (DUAL-RTX3050-O8G-V2)","https://www.morele.net/karta-graficzna-asus-dual-geforce-rtx-3050-oc-v2-8gb-gddr6-dual-rtx3050-o8g-v2-12907657/",""
"1747645486-515","https://www.morele.net/kategoria/karty-graficzne-12/,,,,,,,,0,,,,/3/","Karta graficzna Sparkle Arc A380 Elf 6GB GDDR6 (SA380E-6G)","https://www.morele.net/karta-graficzna-sparkle-arc-a380-elf-6gb-gddr6-sa380e-6g-13118012/",""
"1747645488-516","https://www.morele.net/kategoria/karty-graficzne-12/,,,,,,,,0,,,,/3/","Karta graficzna AFOX GeForce GT 210 1GB DDR3 (AF210-1024D3L5)","https://www.morele.net/karta-graficzna-afox-geforce-gt-210-1gb-ddr3-af210-1024d3l5-6513026/",""
"1747645491-517","https://www.morele.net/kategoria/karty-graficzne-12/,,,,,,,,0,,,,/3/","Karta graficzna Zotac Gaming GeForce RTX 4060 Twin Edge OC 8GB GDDR6 (ZT-D40600H-10M)","https://www.morele.net/karta-graficzna-zotac-gaming-geforce-rtx-4060-twin-edge-oc-8gb-gddr6-zt-d40600h-10m-13123479/","Rekomendowana moc zasilacza
                                                                                    
                                        
                                                                                            
                                                                                                            500 W"
"1747645494-518","https://www.morele.net/kategoria/karty-graficzne-12/,,,,,,,,0,,,,/3/","Karta graficzna Gigabyte GeForce RTX 4060 Ti Windforce OC 8GB GDDR6 (GV-N406TWF2OC-8GD)","https://www.morele.net/karta-graficzna-gigabyte-geforce-rtx-4060-ti-windforce-oc-8gb-gddr6-gv-n406twf2oc-8gd-13113169/","Rekomendowana moc zasilacza
                                                                                    
                                        
                                                                                            
                                                                                                            500 W"
"1747645496-519","https://www.morele.net/kategoria/karty-graficzne-12/,,,,,,,,0,,,,/3/","Karta graficzna Asus Dual Radeon RX 7600 XT OC 16GB GDDR6 (DUAL-RX7600XT-O16G)","https://www.morele.net/karta-graficzna-asus-dual-radeon-rx-7600-xt-oc-16gb-gddr6-dual-rx7600xt-o16g-13168876/",""
"1747645498-520","https://www.morele.net/kategoria/karty-graficzne-12/,,,,,,,,0,,,,/3/","Karta graficzna PNY Quadro T400 4GB GDDR6 (VCNT400-4GB-PB)","https://www.morele.net/karta-graficzna-pny-quadro-t400-4gb-gddr6-vcnt400-4gb-pb-9856257/","Rekomendowana moc zasilacza
                                                                                    
                                        
                                                                                            
                                                                                                            350 W"
"1747645501-521","https://www.morele.net/kategoria/karty-graficzne-12/,,,,,,,,0,,,,/3/","Karta graficzna Palit GeForce RTX 3050 KalmX 6GB GDDR6 (NE63050018JE-1070H)","https://www.morele.net/karta-graficzna-palit-geforce-rtx-3050-kalmx-6gb-gddr6-ne63050018je-1070h-13173058/","Rekomendowana moc zasilacza
                                                                                    
                                        
                                                                                            
                                                                                                            300 W"
"1747645503-522","https://www.morele.net/kategoria/karty-graficzne-12/,,,,,,,,0,,,,/3/","Karta graficzna AFOX Radeon RX 5500 XT 8GB GDDR6 (AFRX5500XT-8GD6H7)","https://www.morele.net/karta-graficzna-afox-radeon-rx-5500-xt-8gb-gddr6-afrx5500xt-8gd6h7-9624378/",""
"1747645505-523","https://www.morele.net/kategoria/karty-graficzne-12/,,,,,,,,0,,,,/3/","Karta graficzna MSI GeForce GT 1030 4GHD4 LP OC 4GB DDR4","https://www.morele.net/karta-graficzna-msi-geforce-gt-1030-4ghd4-lp-oc-4gb-ddr4-13672987/","Rekomendowana moc zasilacza
                                                                                    
                                        
                                                                                            
                                                                                                            350 W"
"1747645508-524","https://www.morele.net/kategoria/karty-graficzne-12/,,,,,,,,0,,,,/3/","Karta graficzna Gigabyte GeForce RTX 4060 Ti Eagle OC Ice 8GB GDDR6 (GV-N406TEAGLEOC ICE-8GD)","https://www.morele.net/karta-graficzna-gigabyte-geforce-rtx-4060-ti-eagle-oc-ice-8gb-gddr6-gv-n406teagleoc-ice-8gd-13178938/","Rekomendowana moc zasilacza
                                                                                    
                                        
                                                                                            
                                                                                                            500 W"
"1747645511-525","https://www.morele.net/kategoria/karty-graficzne-12/,,,,,,,,0,,,,/3/","Karta graficzna PNY Quadro T1000 8GB GDDR6 (VCNT1000-8GB-PB)","https://www.morele.net/karta-graficzna-pny-quadro-t1000-8gb-gddr6-vcnt1000-8gb-pb-9865541/","Rekomendowana moc zasilacza
                                                                                    
                                        
                                                                                            
                                                                                                            350 W"
"1747645513-526","https://www.morele.net/kategoria/karty-graficzne-12/,,,,,,,,0,,,,/3/","Karta graficzna Palit GeForce RTX 3050 StormX 6GB GDDR6 (NE63050018JE-1070F)","https://www.morele.net/karta-graficzna-palit-geforce-rtx-3050-stormx-6gb-gddr6-ne63050018je-1070f-13173059/","Rekomendowana moc zasilacza
                                                                                    
                                        
                                                                                            
                                                                                                            300 W"
"1747645516-527","https://www.morele.net/kategoria/karty-graficzne-12/,,,,,,,,0,,,,/3/","Karta graficzna Gigabyte GeForce RTX 3060 Gaming OC 8GB GDDR6 (GV-N3060GAMING OC-8GD 2.0)","https://www.morele.net/karta-graficzna-gigabyte-geforce-rtx-3060-gaming-oc-8gb-gddr6-gv-n3060gaming-oc-8gd-2-0-13056910/","Rekomendowana moc zasilacza
                                                                                    
                                        
                                                                                            
                                                                                                            550 W"
"1747645518-528","https://www.morele.net/kategoria/karty-graficzne-12/,,,,,,,,0,,,,/3/","Karta graficzna Palit GeForce RTX 4060 Infinity 2 8GB GDDR6 (NE64060019P1-1070L)","https://www.morele.net/karta-graficzna-palit-geforce-rtx-4060-infinity-2-8gb-gddr6-ne64060019p1-1070l-13224696/","Rekomendowana moc zasilacza
                                                                                    
                                        
                                                                                            
                                                                                                            600 W"
"1747645520-529","https://www.morele.net/kategoria/karty-graficzne-12/,,,,,,,,0,,,,/3/","Karta graficzna ASRock Intel Arc A380 Challenger ITX OC 6GB GDDR6 (90-GA3KZZ-00UANF)","https://www.morele.net/karta-graficzna-asrock-intel-arc-a380-challenger-itx-oc-6gb-gddr6-90-ga3kzz-00uanf-11807768/","Rekomendowana moc zasilacza
                                                                                    
                                        
                                                                                            
                                                                                                            500 W"
"1747645523-530","https://www.morele.net/kategoria/karty-graficzne-12/,,,,,,,,0,,,,/3/","Karta graficzna Biostar GeForce GT 730 4GB DDR3 (VN7313TH41-TBBRL-BS2)","https://www.morele.net/karta-graficzna-biostar-geforce-gt-730-4gb-ddr3-vn7313th41-tbbrl-bs2-5946477/",""
"1747645525-531","https://www.morele.net/kategoria/karty-graficzne-12/,,,,,,,,0,,,,/3/","Karta graficzna ASRock Radeon RX 6600 Challenger White 8GB GDDR6 (RX6600 CLW 8G)","https://www.morele.net/karta-graficzna-asrock-radeon-rx-6600-challenger-white-8gb-gddr6-rx6600-clw-8g-13126220/","Rekomendowana moc zasilacza
                                                                                    
                                        
                                                                                            
                                                                                                            500 W"
"1747645528-532","https://www.morele.net/kategoria/karty-graficzne-12/,,,,,,,,0,,,,/3/","Karta graficzna ASRock Radeon RX 7700 XT Steel Legend 12GB GDDR6 (RX7700XT SL 12GO)","https://www.morele.net/karta-graficzna-asrock-radeon-rx-7700-xt-steel-legend-12gb-gddr6-rx7700xt-sl-12go-13095049/","Rekomendowana moc zasilacza
                                                                                    
                                        
                                                                                            
                                                                                                            750 W"
"1747645530-533","https://www.morele.net/kategoria/karty-graficzne-12/,,,,,,,,0,,,,/3/","Karta graficzna ASRock Radeon RX 7600 Phantom Gaming OC 8GB GDDR6 (RX7600 PG 8GO)","https://www.morele.net/karta-graficzna-asrock-radeon-rx-7600-phantom-gaming-oc-8gb-gddr6-rx7600-pg-8go-12899795/","Rekomendowana moc zasilacza
                                                                                    
                                        
                                                                                            
                                                                                                            600 W"
"1747645540-534","https://www.morele.net/kategoria/karty-graficzne-12/,,,,,,,,0,,,,/2/","Karta graficzna Gigabyte GeForce RTX 4060 Eagle OC Ice 8GB GDDR6 (GV-N4060EAGLEOC ICE-8GD)","https://www.morele.net/karta-graficzna-gigabyte-geforce-rtx-4060-eagle-oc-ice-8gb-gddr6-gv-n4060eagleoc-ice-8gd-13178937/","Rekomendowana moc zasilacza
                                                                                    
                                        
                                                                                            
                                                                                                            450 W"
"1747645543-535","https://www.morele.net/kategoria/karty-graficzne-12/,,,,,,,,0,,,,/2/","Karta graficzna ASRock Arc A770 Phantom Gaming OC 16GB GDDR6 (A770 PG 16GO)","https://www.morele.net/karta-graficzna-asrock-arc-a770-phantom-gaming-oc-16gb-gddr6-a770-pg-16go-13120076/","Rekomendowana moc zasilacza
                                                                                    
                                        
                                                                                            
                                                                                                            700 W"
"1747645545-536","https://www.morele.net/kategoria/karty-graficzne-12/,,,,,,,,0,,,,/2/","Karta graficzna ASRock Radeon RX 6500 XT Phantom Gaming D OC 4GB GDDR6 (RX6500XT PGD 4GO)","https://www.morele.net/karta-graficzna-asrock-radeon-rx-6500-xt-phantom-gaming-d-oc-4gb-gddr6-rx6500xt-pgd-4go-9858876/","Rekomendowana moc zasilacza
                                                                                    
                                        
                                                                                            
                                                                                                            400 W"
"1747645548-537","https://www.morele.net/kategoria/karty-graficzne-12/,,,,,,,,0,,,,/2/","Karta graficzna Asus GeForce GT 730 2GB GDDR5 (GT730-4H-SL-2GD5)","https://www.morele.net/karta-graficzna-asus-geforce-gt-730-2gb-gddr5-gt730-4h-sl-2gd5-9387600/",""
"1747645550-538","https://www.morele.net/kategoria/karty-graficzne-12/,,,,,,,,0,,,,/2/","Karta graficzna Sapphire Pulse Radeon RX 6400 Gaming 4GB GDDR6 (11315-01-20G)","https://www.morele.net/karta-graficzna-sapphire-pulse-radeon-rx-6400-gaming-4gb-gddr6-11315-01-20g-10255163/","Rekomendowana moc zasilacza
                                                                                    
                                        
                                                                                            
                                                                                                            350 W"
"1747645553-539","https://www.morele.net/kategoria/karty-graficzne-12/,,,,,,,,0,,,,/2/","Karta graficzna Asus Dual GeForce RTX 4060 Ti EVO OC 8GB GDDR6 (DUAL-RTX4060TI-O8G-EVO)","https://www.morele.net/karta-graficzna-asus-dual-geforce-rtx-4060-ti-evo-oc-8gb-gddr6-dual-rtx4060ti-o8g-evo-13178666/",""
"1747645555-540","https://www.morele.net/kategoria/karty-graficzne-12/,,,,,,,,0,,,,/2/","Karta graficzna Asus Dual Radeon RX 7600 OC V2 8GB GDDR6 (DUAL-RX7600-O8G-V2)","https://www.morele.net/karta-graficzna-asus-dual-radeon-rx-7600-oc-v2-8gb-gddr6-dual-rx7600-o8g-v2-13035467/",""
"1747645558-541","https://www.morele.net/kategoria/karty-graficzne-12/,,,,,,,,0,,,,/2/","Karta graficzna ASRock Radeon RX 7600 Steel Legend 8GB OC (RX7600 SL 8GO)","https://www.morele.net/karta-graficzna-asrock-radeon-rx-7600-steel-legend-8gb-oc-rx7600-sl-8go-13092301/","Rekomendowana moc zasilacza
                                                                                    
                                        
                                                                                            
                                                                                                            600 W"
"1747645560-542","https://www.morele.net/kategoria/karty-graficzne-12/,,,,,,,,0,,,,/2/","Karta graficzna Asus Dual Radeon RX 7800 XT OC 16GB GDDR6 (DUAL-RX7800XT-O16G)","https://www.morele.net/karta-graficzna-asus-dual-radeon-rx-7800-xt-oc-16gb-gddr6-dual-rx7800xt-o16g-13169803/",""
"1747645563-543","https://www.morele.net/kategoria/karty-graficzne-12/,,,,,,,,0,,,,/2/","Karta graficzna XFX Radeon RX 7900 XT Speedster MERC 310 20GB GDDR6 (RX-79TMERCU9)","https://www.morele.net/karta-graficzna-xfx-radeon-rx-7900-xt-speedster-merc-310-20gb-gddr6-rx-79tmercu9-12456771/","Rekomendowana moc zasilacza
                                                                                    
                                        
                                                                                            
                                                                                                            750 W"
"1747645565-544","https://www.morele.net/kategoria/karty-graficzne-12/,,,,,,,,0,,,,/2/","Karta graficzna Asus ProArt GeForce RTX 4060 OC 8GB GDDR6 (PROART-RTX4060-O8G)","https://www.morele.net/karta-graficzna-asus-proart-geforce-rtx-4060-oc-8gb-gddr6-proart-rtx4060-o8g-13114724/",""
"1747645568-545","https://www.morele.net/kategoria/karty-graficzne-12/,,,,,,,,0,,,,/2/","Karta graficzna ASRock Radeon RX 7700 XT Challenger OC 12GB GDDR6 (RX7700XT CL 12GO)","https://www.morele.net/karta-graficzna-asrock-radeon-rx-7700-xt-challenger-oc-12gb-gddr6-rx7700xt-cl-12go-13095055/","Rekomendowana moc zasilacza
                                                                                    
                                        
                                                                                            
                                                                                                            750 W"
"1747645570-546","https://www.morele.net/kategoria/karty-graficzne-12/,,,,,,,,0,,,,/2/","Karta graficzna MSI GeForce RTX 3050 Ventus 2X OC 6GB GDDR6","https://www.morele.net/karta-graficzna-msi-geforce-rtx-3050-ventus-2x-oc-6gb-gddr6-13173192/","Rekomendowana moc zasilacza
                                                                                    
                                        
                                                                                            
                                                                                                            300 W"
"1747645573-547","https://www.morele.net/kategoria/karty-graficzne-12/,,,,,,,,0,,,,/2/","Karta graficzna MSI GeForce GT 1030 2GHD4 LP OC 2GB DDR4 (GT 1030 2GHD4 LP OC)","https://www.morele.net/karta-graficzna-msi-geforce-gt-1030-2ghd4-lp-oc-2gb-ddr4-gt-1030-2ghd4-lp-oc-4163918/","Rekomendowana moc zasilacza
                                                                                    
                                        
                                                                                            
                                                                                                            350 W"
"1747645575-548","https://www.morele.net/kategoria/karty-graficzne-12/,,,,,,,,0,,,,/2/","Karta graficzna XFX Speedster QICK 319 Radeon RX 7800 XT Core 16GB GDDR6 (RX-78TQICKF9)","https://www.morele.net/karta-graficzna-xfx-speedster-qick-319-radeon-rx-7800-xt-core-16gb-gddr6-rx-78tqickf9-13118423/","Rekomendowana moc zasilacza
                                                                                    
                                        
                                                                                            
                                                                                                            700 W"
"1747645578-549","https://www.morele.net/kategoria/karty-graficzne-12/,,,,,,,,0,,,,/2/","Karta graficzna PNY GeForce RTX 4070 SUPER XLR8 Gaming Verto Epic-X RGB OC 12GB GDDR6X (VCG4070S12TFXXPB1-O)","https://www.morele.net/karta-graficzna-pny-geforce-rtx-4070-super-xlr8-gaming-verto-epic-x-rgb-oc-12gb-gddr6x-vcg4070s12tfxxpb1-o-13168100/","Rekomendowana moc zasilacza
                                                                                    
                                        
                                                                                            
                                                                                                            700 W"
"1747645580-550","https://www.morele.net/kategoria/karty-graficzne-12/,,,,,,,,0,,,,/2/","Karta graficzna Asus GeForce GT 1030 2GB GDDR5 (GT1030-SL-2G-BRK)","https://www.morele.net/karta-graficzna-asus-geforce-gt-1030-2gb-gddr5-gt1030-sl-2g-brk-1288387/",""
"1747645583-551","https://www.morele.net/kategoria/karty-graficzne-12/,,,,,,,,0,,,,/2/","Karta graficzna Gigabyte GeForce RTX 4060 Aero OC 8GB GDDR6 (GV-N4060AERO OC-8GD)","https://www.morele.net/karta-graficzna-gigabyte-geforce-rtx-4060-aero-oc-8gb-gddr6-gv-n4060aero-oc-8gd-12960741/","Rekomendowana moc zasilacza
                                                                                    
                                        
                                                                                            
                                                                                                            450 W"
"1747645585-552","https://www.morele.net/kategoria/karty-graficzne-12/,,,,,,,,0,,,,/2/","Karta graficzna Sapphire Nitro+ Radeon RX 7900 XT Vapor-X 20GB GDDR6 (11323-01-40G)","https://www.morele.net/karta-graficzna-sapphire-nitro-radeon-rx-7900-xt-vapor-x-20gb-gddr6-11323-01-40g-12801363/","Rekomendowana moc zasilacza
                                                                                    
                                        
                                                                                            
                                                                                                            700 W"
"1747645587-553","https://www.morele.net/kategoria/karty-graficzne-12/,,,,,,,,0,,,,/2/","Karta graficzna Asus GeForce GT 1030 Low Profile 2GB GDDR5 (GT1030-2G-BRK)","https://www.morele.net/karta-graficzna-asus-geforce-gt-1030-low-profile-2gb-gddr5-gt1030-2g-brk-1699238/","Rekomendowana moc zasilacza
                                                                                    
                                        
                                                                                            
                                                                                                            300 W"
"1747645590-554","https://www.morele.net/kategoria/karty-graficzne-12/,,,,,,,,0,,,,/2/","Karta graficzna Gigabyte GeForce GT 710 2GB GDDR5 (GV-N710D5-2GL)","https://www.morele.net/karta-graficzna-gigabyte-geforce-gt-710-2gb-gddr5-gv-n710d5-2gl-1415438/","Rekomendowana moc zasilacza
                                                                                    
                                        
                                                                                            
                                                                                                            300 W"
"1747645596-555","https://www.morele.net/kategoria/karty-graficzne-12/,,,,,,,,0,,,,/2/","Karta graficzna Sapphire Pure Radeon RX 7800 XT 16GB GDDR6 (11330-03-20G)","https://www.morele.net/karta-graficzna-sapphire-pure-radeon-rx-7800-xt-16gb-gddr6-11330-03-20g-13117802/","Rekomendowana moc zasilacza
                                                                                    
                                        
                                                                                            
                                                                                                            700 W"
"1747645598-556","https://www.morele.net/kategoria/karty-graficzne-12/,,,,,,,,0,,,,/2/","Karta graficzna Gigabyte Radeon RX 7600 XT Gaming OC 16GB GDDR6 (GV-R76XTGAMING OC-16GD)","https://www.morele.net/karta-graficzna-gigabyte-radeon-rx-7600-xt-gaming-oc-16gb-gddr6-gv-r76xtgaming-oc-16gd-13168875/","Rekomendowana moc zasilacza
                                                                                    
                                        
                                                                                            
                                                                                                            600 W"
"1747645601-557","https://www.morele.net/kategoria/karty-graficzne-12/,,,,,,,,0,,,,/2/","Karta graficzna Sapphire Pulse Radeon RX 7900 XT 20GB GDDR6 (11323-02-20G)","https://www.morele.net/karta-graficzna-sapphire-pulse-radeon-rx-7900-xt-20gb-gddr6-11323-02-20g-12629057/","Rekomendowana moc zasilacza
                                                                                    
                                        
                                                                                            
                                                                                                            750 W"
"1747645604-558","https://www.morele.net/kategoria/karty-graficzne-12/,,,,,,,,0,,,,/2/","Karta graficzna Gigabyte GeForce RTX 4060 Ti Eagle OC 8GB GDDR6 (GV-N406TEAGLE OC-8GD)","https://www.morele.net/karta-graficzna-gigabyte-geforce-rtx-4060-ti-eagle-oc-8gb-gddr6-gv-n406teagle-oc-8gd-12888560/","Rekomendowana moc zasilacza
                                                                                    
                                        
                                                                                            
                                                                                                            500 W"
"1747645607-559","https://www.morele.net/kategoria/karty-graficzne-12/,,,,,,,,0,,,,/2/","Karta graficzna MSI GeForce GT 710 Low Profile 2GB DDR3","https://www.morele.net/karta-graficzna-msi-geforce-gt-710-low-profile-2gb-ddr3-853058/","Rekomendowana moc zasilacza
                                                                                    
                                        
                                                                                            
                                                                                                            300 W"
"1747645609-560","https://www.morele.net/kategoria/karty-graficzne-12/,,,,,,,,0,,,,/2/","Karta graficzna Gigabyte GeForce RTX­­ 4060 Gaming OC 8GB GDDR6 (GV-N4060GAMING OC-8GD)","https://www.morele.net/karta-graficzna-gigabyte-geforce-rtx-4060-gaming-oc-8gb-gddr6-gv-n4060gaming-oc-8gd-12960744/","Rekomendowana moc zasilacza
                                                                                    
                                        
                                                                                            
                                                                                                            450 W"
"1747645612-561","https://www.morele.net/kategoria/karty-graficzne-12/,,,,,,,,0,,,,/2/","Karta graficzna Sapphire Pulse Radeon RX 7700 XT 12GB GDDR6 (11335-04-20G)","https://www.morele.net/karta-graficzna-sapphire-pulse-radeon-rx-7700-xt-12gb-gddr6-11335-04-20g-13095058/","Rekomendowana moc zasilacza
                                                                                    
                                        
                                                                                            
                                                                                                            700 W"
"1747645614-562","https://www.morele.net/kategoria/karty-graficzne-12/,,,,,,,,0,,,,/2/","Karta graficzna Gigabyte Radeon RX 7600 Gaming OC 8GB GDDR6 (GV-R76GAMING OC-8GD)","https://www.morele.net/karta-graficzna-gigabyte-radeon-rx-7600-gaming-oc-8gb-gddr6-gv-r76gaming-oc-8gd-12899799/","Rekomendowana moc zasilacza
                                                                                    
                                        
                                                                                            
                                                                                                            550 W"
"1747645617-563","https://www.morele.net/kategoria/karty-graficzne-12/,,,,,,,,0,,,,/2/","Karta graficzna Sapphire Pulse Radeon RX 7600 Gaming OC 8GB GDDR6 (11324-01-20G)","https://www.morele.net/karta-graficzna-sapphire-pulse-radeon-rx-7600-gaming-oc-8gb-gddr6-11324-01-20g-12899797/","Rekomendowana moc zasilacza
                                                                                    
                                        
                                                                                            
                                                                                                            550 W"
"1747645629-564","https://www.morele.net/kategoria/karty-graficzne-12/","Karta graficzna Gigabyte GeForce RTX 4060 Windforce OC 8GB GDDR6 (GV-N4060WF2OC-8GD)","https://www.morele.net/karta-graficzna-gigabyte-geforce-rtx-4060-windforce-oc-8gb-gddr6-gv-n4060wf2oc-8gd-12960743/","Rekomendowana moc zasilacza
                                                                                    
                                        
                                                                                            
                                                                                                            450 W"
"1747645632-565","https://www.morele.net/kategoria/karty-graficzne-12/","Karta graficzna Gigabyte Radeon RX 7800 XT Gaming OC 16GB GDDR6 (GV-R78XTGAMING OC-16GD)","https://www.morele.net/karta-graficzna-gigabyte-radeon-rx-7800-xt-gaming-oc-16gb-gddr6-gv-r78xtgaming-oc-16gd-13095158/","Rekomendowana moc zasilacza
                                                                                    
                                        
                                                                                            
                                                                                                            700 W"
"1747645634-566","https://www.morele.net/kategoria/karty-graficzne-12/","Karta graficzna Gigabyte GeForce RTX 4060 Eagle OC 8GB GDDR6 (GV-N4060EAGLE OC-8GD)","https://www.morele.net/karta-graficzna-gigabyte-geforce-rtx-4060-eagle-oc-8gb-gddr6-gv-n4060eagle-oc-8gd-12960745/","Rekomendowana moc zasilacza
                                                                                    
                                        
                                                                                            
                                                                                                            450 W"
"1747645637-567","https://www.morele.net/kategoria/karty-graficzne-12/","Karta graficzna Gigabyte GeForce RTX 3060 Gaming OC 12G (GV-N3060GAMING OC-12GD 2.0)","https://www.morele.net/karta-graficzna-gigabyte-geforce-rtx-3060-gaming-oc-12g-gv-n3060gaming-oc-12gd-2-0-5948081/","Rekomendowana moc zasilacza
                                                                                    
                                        
                                                                                            
                                                                                                            550 W"
"1747645639-568","https://www.morele.net/kategoria/karty-graficzne-12/","Karta graficzna MSI GeForce RTX 5070 Ti 16G Shadow 3X OC 16GB GDDR7 DLSS4","https://www.morele.net/karta-graficzna-msi-geforce-rtx-5070-ti-16g-shadow-3x-oc-16gb-gddr7-dlss4-14777931/","Rekomendowana moc zasilacza
                                                                                    
                                        
                                                                                            
                                                                                                            750 W"
"1747645642-569","https://www.morele.net/kategoria/karty-graficzne-12/","Karta graficzna MSI GeForce RTX 4060 Ti Ventus 2X Black E1 OC 8GB GDDR6","https://www.morele.net/karta-graficzna-msi-geforce-rtx-4060-ti-ventus-2x-black-e1-oc-8gb-gddr6-13814154/","Rekomendowana moc zasilacza
                                                                                    
                                        
                                                                                            
                                                                                                            550 W"
"1747645644-570","https://www.morele.net/kategoria/karty-graficzne-12/","Karta graficzna MSI GeForce RTX 5090 Suprim Liquid SOC 32GB GDDR7","https://www.morele.net/karta-graficzna-msi-geforce-rtx-5090-suprim-liquid-soc-32gb-gddr7-14472063/","Rekomendowana moc zasilacza
                                                                                    
                                        
                                                                                            
                                                                                                            950 W"
"1747645647-571","https://www.morele.net/kategoria/karty-graficzne-12/","Karta graficzna MSI GeForce RTX 5080 Ventus 3X OC Plus 16GB GDDR7 DLSS4","https://www.morele.net/karta-graficzna-msi-geforce-rtx-5080-ventus-3x-oc-plus-16gb-gddr7-dlss4-14458152/","Rekomendowana moc zasilacza
                                                                                    
                                        
                                                                                            
                                                                                                            850 W"
"1747645649-572","https://www.morele.net/kategoria/karty-graficzne-12/","Karta graficzna MSI GeForce RTX 5070 Ventus 2X OC White 12GB GDDR7","https://www.morele.net/karta-graficzna-msi-geforce-rtx-5070-ventus-2x-oc-white-12gb-gddr7-14481992/","Rekomendowana moc zasilacza
                                                                                    
                                        
                                                                                            
                                                                                                            650 W"
"1747645652-573","https://www.morele.net/kategoria/karty-graficzne-12/","Karta graficzna MSI GeForce RTX 3050 Ventus 2X E OC 6GB GDDR6","https://www.morele.net/karta-graficzna-msi-geforce-rtx-3050-ventus-2x-e-oc-6gb-gddr6-14214021/","Rekomendowana moc zasilacza
                                                                                    
                                        
                                                                                            
                                                                                                            300 W"
"1747645654-574","https://www.morele.net/kategoria/karty-graficzne-12/","Karta graficzna MSI GeForce RTX 5080 Ventus 3X OC 16GB GDDR7 DLSS4","https://www.morele.net/karta-graficzna-msi-geforce-rtx-5080-ventus-3x-oc-16gb-gddr7-dlss4-14523944/","Rekomendowana moc zasilacza
                                                                                    
                                        
                                                                                            
                                                                                                            850 W"
"1747645656-575","https://www.morele.net/kategoria/karty-graficzne-12/","Karta graficzna MSI GeForce RTX 4080 SUPER Ventus 3X OC 16GB GDDR6X","https://www.morele.net/karta-graficzna-msi-geforce-rtx-4080-super-ventus-3x-oc-16gb-gddr6x-13166818/","Rekomendowana moc zasilacza
                                                                                    
                                        
                                                                                            
                                                                                                            750 W"
"1747645659-576","https://www.morele.net/kategoria/karty-graficzne-12/","Karta graficzna MSI GeForce RTX 5070 Gaming Trio OC 12GB GDDR7 DLSS4","https://www.morele.net/karta-graficzna-msi-geforce-rtx-5070-gaming-trio-oc-12gb-gddr7-dlss4-14727986/","Rekomendowana moc zasilacza
                                                                                    
                                        
                                                                                            
                                                                                                            650 W"
"1747645661-577","https://www.morele.net/kategoria/karty-graficzne-12/","Karta graficzna MSI GeForce RTX 4070 SUPER Ventus 2X OC 12GB GDDR6X","https://www.morele.net/karta-graficzna-msi-geforce-rtx-4070-super-ventus-2x-oc-12gb-gddr6x-13166810/","Rdzenie Tensor
                                                
                                                                                    
                                        
                                                                                            
                                                                                                            224"
"1747645664-578","https://www.morele.net/kategoria/karty-graficzne-12/","Karta graficzna MSI GeForce RTX 3050 LP OC 6GB GDDR6","https://www.morele.net/karta-graficzna-msi-geforce-rtx-3050-lp-oc-6gb-gddr6-13173190/","Rekomendowana moc zasilacza
                                                                                    
                                        
                                                                                            
                                                                                                            300 W"
"1747645666-579","https://www.morele.net/kategoria/karty-graficzne-12/","Karta graficzna MSI GeForce RTX 4060 Ventus 2X White OC 8GB GDDR6","https://www.morele.net/karta-graficzna-msi-geforce-rtx-4060-ventus-2x-white-oc-8gb-gddr6-13095568/","Rekomendowana moc zasilacza
                                                                                    
                                        
                                                                                            
                                                                                                            550 W"
"1747645669-580","https://www.morele.net/kategoria/karty-graficzne-12/","Karta graficzna MSI GeForce RTX 4060 Ti Ventus 2X Black OC 8GB GDDR6","https://www.morele.net/karta-graficzna-msi-geforce-rtx-4060-ti-ventus-2x-black-oc-8gb-gddr6-12893767/","Rekomendowana moc zasilacza
                                                                                    
                                        
                                                                                            
                                                                                                            550 W"
"1747645671-581","https://www.morele.net/kategoria/karty-graficzne-12/","Karta graficzna Gigabyte Radeon RX 7700 XT Gaming OC 12GB GDDR6 (GV-R77XTGAMING OC-12GD)","https://www.morele.net/karta-graficzna-gigabyte-radeon-rx-7700-xt-gaming-oc-12gb-gddr6-gv-r77xtgaming-oc-12gd-13095160/","Rekomendowana moc zasilacza
                                                                                    
                                        
                                                                                            
                                                                                                            700 W"
"1747645674-582","https://www.morele.net/kategoria/karty-graficzne-12/","Karta graficzna MSI GeForce RTX 4060 Ventus 2X Black OC 8GB GDDR6","https://www.morele.net/karta-graficzna-msi-geforce-rtx-4060-ventus-2x-black-oc-8gb-gddr6-12952781/","Rdzenie Tensor
                                                
                                                                                    
                                        
                                                                                            
                                                                                                            96"
"1747645676-583","https://www.morele.net/kategoria/karty-graficzne-12/","Karta graficzna MSI GeForce RTX 5070 Ventus 2X OC 12GB GDDR7 DLSS4","https://www.morele.net/karta-graficzna-msi-geforce-rtx-5070-ventus-2x-oc-12gb-gddr7-dlss4-14734500/","Rekomendowana moc zasilacza
                                                                                    
                                        
                                                                                            
                                                                                                            650 W"
"1747645679-584","https://www.morele.net/kategoria/karty-graficzne-12/","Karta graficzna Asus Dual GeForce RTX 3060 Gaming OC 12GB GDDR6 (DUAL-RTX3060-O12G-V2)","https://www.morele.net/karta-graficzna-asus-dual-geforce-rtx-3060-gaming-oc-12gb-gddr6-dual-rtx3060-o12g-v2-5948085/",""
"1747645681-585","https://www.morele.net/kategoria/karty-graficzne-12/","Karta graficzna MSI GeForce RTX 3050 Ventus 2X XS OC White 8GB GDDR6","https://www.morele.net/karta-graficzna-msi-geforce-rtx-3050-ventus-2x-xs-oc-white-8gb-gddr6-14454328/","Rekomendowana moc zasilacza
                                                                                    
                                        
                                                                                            
                                                                                                            500 W"
"1747645684-586","https://www.morele.net/kategoria/karty-graficzne-12/","Karta graficzna MSI GeForce RTX 3050 Ventus 2X XS OC 8GB GDDR6","https://www.morele.net/karta-graficzna-msi-geforce-rtx-3050-ventus-2x-xs-oc-8gb-gddr6-13114742/","Rekomendowana moc zasilacza
                                                                                    
                                        
                                                                                            
                                                                                                            500 W"
"1747645686-587","https://www.morele.net/kategoria/karty-graficzne-12/","Karta graficzna MSI GeForce RTX 3060 Ventus 2X OC 12GB GDDR6","https://www.morele.net/karta-graficzna-msi-geforce-rtx-3060-ventus-2x-oc-12gb-gddr6-5946240/","Rekomendowana moc zasilacza
                                                                                    
                                        
                                                                                            
                                                                                                            550 W"
"1747645689-588","https://www.morele.net/kategoria/karty-graficzne-12/","Karta graficzna ASRock Radeon RX 6600 Challenger D 8GB GDDR6 (RX6600 CLD 8G)","https://www.morele.net/karta-graficzna-asrock-radeon-rx-6600-challenger-d-8gb-gddr6-rx6600-cld-8g-9295825/","Rekomendowana moc zasilacza
                                                                                    
                                        
                                                                                            
                                                                                                            500 W"
"1747645691-589","https://www.morele.net/kategoria/karty-graficzne-12/","Karta graficzna Power Color Radeon RX 6600 Fighter 8GB GDDR6 (AXRX 6600 8GBD6-3DH)","https://www.morele.net/karta-graficzna-power-color-radeon-rx-6600-fighter-8gb-gddr6-axrx-6600-8gbd6-3dh-5949666/","Rekomendowana moc zasilacza
                                                                                    
                                        
                                                                                            
                                                                                                            500 W"
"1747645694-590","https://www.morele.net/kategoria/karty-graficzne-12/","Karta graficzna PNY GeForce RTX 4070 SUPER Verto OC Dual Fan 12GB GDDR6X (VCG4070S12DFXPB1-O)","https://www.morele.net/karta-graficzna-pny-geforce-rtx-4070-super-verto-oc-dual-fan-12gb-gddr6x-vcg4070s12dfxpb1-o-13168101/","Rekomendowana moc zasilacza
                                                                                    
                                        
                                                                                            
                                                                                                            700 W"
"1747645696-591","https://www.morele.net/kategoria/karty-graficzne-12/","Karta graficzna Gigabyte GeForce RTX 3060 Windforce OC LHR 12GB GDDR6 (GV-N3060WF2OC-12GD 2.0)","https://www.morele.net/karta-graficzna-gigabyte-geforce-rtx-3060-windforce-oc-lhr-12gb-gddr6-gv-n3060wf2oc-12gd-2-0-12819699/","Rekomendowana moc zasilacza
                                                                                    
                                        
                                                                                            
                                                                                                            550 W"
"1747645699-592","https://www.morele.net/kategoria/karty-graficzne-12/","Karta graficzna PNY GeForce RTX 4060 Ti Verto Dual Fan 8GB GDDR6 (VCG4060T8DFXPB1)","https://www.morele.net/karta-graficzna-pny-geforce-rtx-4060-ti-verto-dual-fan-8gb-gddr6-vcg4060t8dfxpb1-12923011/","Rekomendowana moc zasilacza
                                                                                    
                                        
                                                                                            
                                                                                                            550 W"
