title,Brand,Model,Rank,Benchmark,price,chipset,ram,dlugosc,taktowanie,part_number,Part Number,Samples,img-src,link_produkt-href
Asus Phoenix GeForce RTX 3050 8GB GDDR6,Asus,Asus RTX 3050 8GB Phoenix,108.0,31.0,1 299 zł,GeForce RTX 3050,177 mm,177 mm,1807 MHz,PH-RTX3050-8G,PH-RTX3050-8G,107355.0,https://images.morele.net/i256/9906764_9_i256.jpg,https://www.morele.net/karta-graficzna-asus-phoenix-geforce-rtx-3050-8gb-gddr6-ph-rtx3050-8g-9906764/
Power Color Radeon RX 6500 XT Fighter OC 4GB GDDR6,PowerColor,PowerColor RX 6500 XT 4GB,137.0,21.1,"764,80 zł",Radeon RX 6500 XT,191 mm,191 mm,Brak danych,AXRX 6500XT 4GBD6-DH/OC,AXRX 6500XT 4GBD6-DH/OC,2415.0,https://images.morele.net/i256/9681342_0_i256.jpg,https://www.morele.net/karta-graficzna-power-color-radeon-rx-6500-xt-fighter-oc-4gb-gddr6-axrx-6500xt-4gbd6-dh-oc-9681342/
Zotac Gaming GeForce RTX 4070 Ti Trinity OC 12GB GDDR6X,Zotac,Zotac RTX 4070 Ti 12GB Trinity,9.0,101.0,,GeForce RTX 4070 Ti,307 mm,307 mm,2625 MHz,ZT-D40710J-10P,ZT-D40710J-10P,120180.0,https://images.morele.net/i256/12481736_0_i256.jpg,https://www.morele.net/karta-graficzna-zotac-gaming-geforce-rtx-4070-ti-trinity-oc-12gb-gddr6x-zt-d40710j-10p-12481736/
Gigabyte Radeon RX 6500 XT Eagle 4GB GDDR6,Gigabyte,Gigabyte RX 6500 XT 4GB Eagle,137.0,21.1,"626,84 zł",Radeon RX 6500 XT,192 mm,192 mm,Brak danych,GV-R65XTEAGLE-4GD,GV-R65XTEAGLE-4GD,2415.0,https://images.morele.net/i256/9681338_0_i256.jpg,https://www.morele.net/karta-graficzna-gigabyte-radeon-rx-6500-xt-eagle-4gb-gddr6-gv-r65xteagle-4gd-9681338/
Asus Dual Radeon RX 6600 XT OC 8GB GDDR6,Asus,Asus RX 6600 XT 8GB Dual,66.0,45.3,2 439 zł,Radeon RX 6600 XT,243 mm,243 mm,2607 MHz,DUAL-RX6600XT-O8G,DUAL-RX6600XT-O8G,31780.0,https://images.morele.net/i256/8852738_0_i256.jpg,https://www.morele.net/karta-graficzna-asus-dual-radeon-rx-6600-xt-oc-8gb-gddr6-dual-rx6600xt-o8g-8852738/
Asus Dual GeForce GTX 1660 SUPER Evo OC 6GB GDDR6,Asus,Asus GTX 1660 Super 6GB Dual Evo,112.0,29.9,1 499 zł,GeForce GTX 1660 Super,242 mm,242 mm,1860 MHz,DUAL-GTX1660S-O6G-EVO,DUAL-GTX1660S-O6G-EVO,717475.0,https://images.morele.net/i256/6317629_7_i256.jpg,https://www.morele.net/karta-graficzna-asus-dual-geforce-gtx-1660-super-evo-oc-6gb-gddr6-dual-gtx1660s-o6g-evo-6317629/
Asus TUF Gaming GeForce RTX 3070 Ti Gaming OC 8GB GDDR6X,Asus,Asus RTX 3070 Ti 8GB Tuf OC,32.0,66.2,3 499 zł,GeForce RTX 3070 Ti,299 mm,299 mm,1815 MHz,TUF-RTX3070TI-O8G-GAMING,TUF-RTX3070TI-O8G-GAMING,332087.0,https://images.morele.net/i256/5948248_0_i256.jpg,https://www.morele.net/karta-graficzna-asus-tuf-gaming-geforce-rtx-3070-ti-gaming-oc-8gb-gddr6x-tuf-rtx3070ti-o8g-gaming-5948248/
XFX Radeon RX 6600 Speedster SWFT 210 Core Gaming 8GB GDDR6,XFX,XFX RX 6600 8GB Speedster SWFT 210,90.0,36.4,"1 049,83 zł",Radeon RX 6600,241 mm,241 mm,2491 MHz,RX-66XL8LFDQ,RX-66XL8LFDQ,31716.0,https://images.morele.net/i256/5949667_5_i256.jpg,https://www.morele.net/karta-graficzna-xfx-radeon-rx-6600-speedster-swft-210-core-gaming-8gb-gddr6-rx-66xl8lfdq-5949667/
Power Color Radeon RX 6600 Fighter 8GB GDDR6,PowerColor,PowerColor RX 6600 8GB Fighter,90.0,36.4,"940,97 zł",Radeon RX 6600,200 mm,200 mm,2491 MHz,AXRX 6600 8GBD6-3DH,AXRX 6600 8GBD6-3DH,31716.0,https://images.morele.net/i256/5949666_0_i256.jpg,https://www.morele.net/karta-graficzna-power-color-radeon-rx-6600-fighter-8gb-gddr6-axrx-6600-8gbd6-3dh-5949666/
Asus Dual GeForce RTX 3060 Gaming OC 12GB GDDR6,Asus,Asus RTX 3060 12GB Dual OC,71.0,42.0,"1 248,50 zł",GeForce RTX 3060,200 mm,200 mm,1867 MHz,DUAL-RTX3060-O12G-V2,DUAL-RTX3060-O12G-V2,779364.0,https://images.morele.net/i256/5948085_0_i256.jpg,https://www.morele.net/karta-graficzna-asus-dual-geforce-rtx-3060-gaming-oc-12gb-gddr6-dual-rtx3060-o12g-v2-5948085/
Asus Dual GeForce RTX 4060 Ti EVO OC 16GB GDDR6,Asus,Asus RTX 4060 Ti 16GB Dual Evo,36.0,60.9,"2 281,63 zł",GeForce RTX 4060 Ti,227 mm,227 mm,2625 MHz,DUAL-RTX4060TI-O16G-EVO,DUAL-RTX4060TI-O16G-EVO,49740.0,https://images.morele.net/i256/13244419_2_i256.jpg,https://www.morele.net/karta-graficzna-asus-dual-geforce-rtx-4060-ti-evo-oc-16gb-gddr6-dual-rtx4060ti-o16g-evo-13244419/
Zotac Gaming GeForce RTX 4060 Twin Edge OC 8GB GDDR6,Zotac,Zotac RTX 4060 8GB Twin Edge,52.0,50.9,"1 673,60 zł",,,,,ZT-D40600H-10M,ZT-D40600H-10M,105388.0,https://images.morele.net/i256/13123479_0_i256.jpg,https://www.morele.net/karta-graficzna-zotac-gaming-geforce-rtx-4060-twin-edge-oc-8gb-gddr6-zt-d40600h-10m-13123479/
PNY GeForce RTX 4080 SUPER Verto OC 16GB GDDR6X,PNY,PNY RTX 4080 Super 16GB Verto Triple,4.0,126.0,,GeForce RTX 4080 Super,340 mm,340 mm,2565 MHz,VCG4080S16TFXPB1-O,VCG4080S16TFXPB1-O,17475.0,https://images.morele.net/i256/13168097_10_i256.jpg,https://www.morele.net/karta-graficzna-pny-geforce-rtx-4080-super-verto-oc-16gb-gddr6x-vcg4080s16tfxpb1-o-13168097/
Gigabyte GeForce RTX 4070 SUPER Gaming OC 12GB GDDR6X,Gigabyte,Gigabyte RTX 4070 Super 12GB 3X Gaming OC,14.0,91.0,,GeForce RTX 4070 Super,300 mm,300 mm,2595 MHz,GV-N407SGAMING OC-12GD,GV-N407SGAMING OC-12GD,48442.0,https://images.morele.net/i256/13166603_0_i256.jpg,https://www.morele.net/karta-graficzna-gigabyte-geforce-rtx-4070-super-gaming-oc-12gb-gddr6x-gv-n407sgaming-oc-12gd-13166603/
Gigabyte GeForce RTX­­ 4060 Gaming OC 8GB GDDR6,Gigabyte,Gigabyte RTX 4060 8GB Gaming OC,52.0,50.9,"1 437,29 zł",GeForce RTX 4060,281 mm,281 mm,2550 MHz,GV-N4060GAMING OC-8GD,GV-N4060GAMING OC-8GD,105388.0,https://images.morele.net/i256/12960744_0_i256.jpg,https://www.morele.net/karta-graficzna-gigabyte-geforce-rtx-4060-gaming-oc-8gb-gddr6-gv-n4060gaming-oc-8gd-12960744/
Gigabyte GeForce RTX 4060 Windforce OC 8GB GDDR6,Gigabyte,Gigabyte RTX 4060 8GB Windforce OC,52.0,50.9,"1 408,46 zł",GeForce RTX 4060,192 mm,192 mm,2475 MHz,GV-N4060WF2OC-8GD,GV-N4060WF2OC-8GD,105388.0,https://images.morele.net/i256/12960743_0_i256.jpg,https://www.morele.net/karta-graficzna-gigabyte-geforce-rtx-4060-windforce-oc-8gb-gddr6-gv-n4060wf2oc-8gd-12960743/
Gigabyte GeForce RTX 4060 Eagle OC 8GB GDDR6,Gigabyte,Gigabyte RTX 4060 8GB Eagle OC,52.0,50.9,"1 428,99 zł",,,,,GV-N4060EAGLE OC-8GD,GV-N4060EAGLE OC-8GD,105388.0,https://images.morele.net/i256/12960745_0_i256.jpg,https://www.morele.net/karta-graficzna-gigabyte-geforce-rtx-4060-eagle-oc-8gb-gddr6-gv-n4060eagle-oc-8gd-12960745/
PNY RTX 6000 Ada Generation 48GB GDDR6,Nvidia,Quadro RTX 6000,31.0,67.3,"36 362,95 zł",,,,,VCNRTX6000ADA-PB,,1222.0,https://images.morele.net/i256/13114163_1_i256.jpg,https://www.morele.net/karta-graficzna-pny-rtx-6000-ada-generation-48gb-gddr6-vcnrtx6000ada-pb-13114163/
NVIDIA RTX 5000 Ada Generation 32GB GDDR6,Nvidia,Quadro RTX 5000,41.0,54.6,"20 838,16 zł",,,,,900-5G132-2540-000,,2910.0,https://images.morele.net/i256/13173112_1_i256.jpg,https://www.morele.net/karta-graficzna-nvidia-rtx-5000-ada-generation-32gb-gddr6-900-5g132-2540-000-13173112/
"ZOTAC GAMING GeForce RTX 5090 Solid OC White Edition, 32768 MB GDDR7",Nvidia,RTX 5090,1.0,183.0,"17 113,39 zł",,,,,,,416.0,https://images.morele.net/i256/14863863_0_i256.jpg,https://www.morele.net/zotac-gaming-geforce-rtx-5090-solid-oc-white-edition-32768-mb-gddr7-14863863/
Asus TUF Gaming GeForce RTX 5080 16GB GDDR7,Nvidia,RTX 5080,3.0,139.0,"8 400,89 zł",GeForce RTX 5080,348 mm,348 mm,Brak danych,TUF-RTX5080-16G-GAMING,,2771.0,https://images.morele.net/i256/14485257_0_i256.jpg,https://www.morele.net/karta-graficzna-asus-tuf-gaming-geforce-rtx-5080-16gb-gddr7-tuf-rtx5080-16g-gaming-14485257/
Lenovo GeForce RTX 3080 Ti 12GB GDDR6X,Nvidia,RTX 3080-Ti,18.0,86.3,"7 902,25 zł",GeForce RTX 3080 Ti,285 mm,285 mm,1665 MHz,4X61H65932,,275308.0,https://images.morele.net/i256/13117715_1_i256.jpg,https://www.morele.net/karta-graficzna-lenovo-geforce-rtx-3080-ti-12gb-gddr6x-4x61h65932-13117715/
PNY RTX 4000 SSF Ada Generation Power Limited 20GB GDDR6,Nvidia,Quadro RTX 4000,77.0,40.5,"7 643,29 zł",RTX 4000 Ada Generation,168 mm,168 mm,1560 MHz,VCNRTX4000ADALP-PL,,12318.0,https://images.morele.net/i256/14454562_1_i256.jpg,https://www.morele.net/karta-graficzna-pny-rtx-4000-ssf-ada-generation-power-limited-20gb-gddr6-vcnrtx4000adalp-pl-14454562/
"ZOTAC GAMING GeForce RTX 5070 Ti Solid Core, 16384 MB GDDR7",Nvidia,RTX 5070-Ti,6.0,120.0,"6 047,99 zł",,16 GB,16 GB,,,,2098.0,https://images.morele.net/i256/14689678_0_i256.jpg,https://www.morele.net/zotac-gaming-geforce-rtx-5070-ti-solid-core-16384-mb-gddr7-14689678/
Palit GeForce RTX 5070 Ti GamingPro 16GB GDDR7 DLSS4,Nvidia,RTX 5070,10.0,99.0,"5 470,99 zł",,,,,NE7507T019T2-GB2031A,,1741.0,https://images.morele.net/i256/14744895_10_i256.jpg,https://www.morele.net/karta-graficzna-palit-geforce-rtx-5070-ti-gamingpro-16gb-gddr7-dlss4-ne7507t019t2-gb2031a-14744895/
Asus ROG Strix Radeon RX 6900 XT Gaming OC 16GB GDDR6,AMD,RX 6900-XT,21.0,81.7,4 999 zł,Radeon RX 6900 XT,277 mm,277 mm,2365 MHz,ROG-STRIX-LC-RX6900XT-O16G-GAMING,,29826.0,https://images.morele.net/i256/5946234_0_i256.jpg,https://www.morele.net/karta-graficzna-asus-rog-strix-radeon-rx-6900-xt-gaming-oc-16gb-gddr6-rog-strix-lc-rx6900xt-o16g-gaming-5946234/
Asus TUF Gaming Radeon RX 9070 XT OC 16GB GDDR6,AMD,RX 9070-XT,11.0,97.7,"4 485,99 zł",Radeon RX 9070 XT,330 mm,330 mm,Brak danych,TUF-RX9070XT-O16G-GAMING,,115.0,https://images.morele.net/i256/14731753_0_i256.jpg,https://www.morele.net/karta-graficzna-asus-tuf-gaming-radeon-rx-9070-xt-oc-16gb-gddr6-tuf-rx9070xt-o16g-gaming-14731753/
Karta graf. PowerColor Red Devil RX9070XT S WH 16G,AMD,RX 9070,15.0,88.5,"3 939,86 zł",,16 GB,16 GB,,,,55.0,https://images.morele.net/i256/14856577_0_i256.jpg,https://www.morele.net/karta-graf-powercolor-red-devil-rx9070xt-s-wh-16g-14856577/
Asus Turbo GeForce RTX 3070 V2 8GB GDDR6,Nvidia,RTX 3070-Ti,32.0,66.2,"3 542,08 zł",GeForce RTX 3070,269 mm,269 mm,1755 MHz,TURBO-RTX3070-8G-V2,,332087.0,https://images.morele.net/i256/13133273_0_i256.jpg,https://www.morele.net/karta-graficzna-asus-turbo-geforce-rtx-3070-v2-8gb-gddr6-turbo-rtx3070-8g-v2-13133273/
Gigabyte GeForce RTX 5060 Ti Gaming OC 16GB GDDR7 DLSS4,Nvidia,RTX 5060-Ti,28.0,71.5,"3 159,44 zł",GeForce RTX 5060 Ti,281 mm,281 mm,2647 MHz,GV-N506TGAMING OC-16GD,,100.0,https://images.morele.net/i256/14848067_0_i256.jpg,https://www.morele.net/karta-graficzna-gigabyte-geforce-rtx-5060-ti-gaming-oc-16gb-gddr7-dlss4-gv-n506tgaming-oc-16gd-14848067/
Sapphire Pure Radeon RX 7900 XT 20GB GDDR6,AMD,RX 7900-XTX,7.0,108.0,"3 146,44 zł",Radeon RX 7900 XT,313 mm,313 mm,2450 MHz,11323-09-20G,,5084.0,https://images.morele.net/i256/14764363_1_i256.jpg,https://www.morele.net/karta-graficzna-sapphire-pure-radeon-rx-7900-xt-20gb-gddr6-11323-09-20g-14764363/
ASRock Radeon RX 7900 XT Creator 20GB GDDR6,AMD,RX 7900-XT,13.0,92.8,"3 141,54 zł",Radeon RX 7900 XT,312 mm,312 mm,2395 MHz,RX7900XT CT 20G,,1931.0,https://images.morele.net/i256/13813055_0_i256.jpg,https://www.morele.net/karta-graficzna-asrock-radeon-rx-7900-xt-creator-20gb-gddr6-rx7900xt-ct-20g-13813055/
Biostar GeForce RTX 3080 10GB GDDR6X,EVGA,EVGA RTX 3080 Ti 12GB FTW3 Ultra Gaming,18.0,86.3,"2 797,50 zł",GeForce RTX 3080,330 mm,330 mm,1770 MHz,VN3806RMT3,12G-P5-3967-KR,275308.0,https://images.morele.net/i256/12899442_0_i256.jpg,https://www.morele.net/karta-graficzna-biostar-geforce-rtx-3080-10gb-gddr6x-vn3806rmt3-12899442/
Zotac Gaming GeForce RTX 4060 Ti Twin Edge 16GB GDDR6,Nvidia,RTX 4060-Ti,36.0,60.9,"2 514,03 zł",GeForce RTX 4060 Ti,250 mm,250 mm,2535 MHz,ZT-D40620E-10M,,49740.0,https://images.morele.net/i256/13120004_0_i256.jpg,https://www.morele.net/karta-graficzna-zotac-gaming-geforce-rtx-4060-ti-twin-edge-16gb-gddr6-zt-d40620e-10m-13120004/
XFX Quicksilver Radeon RX 7800 XT Magnetic Air Gaming 16GB GDDR6,AMD,RX 7800-XT,25.0,75.6,"2 382,69 zł",Radeon RX 7800 XT,337 mm,337 mm,2430 MHz,RX-78TMAIRF9,,2461.0,https://images.morele.net/i256/13860961_0_i256.jpg,https://www.morele.net/karta-graficzna-xfx-quicksilver-radeon-rx-7800-xt-magnetic-air-gaming-16gb-gddr6-rx-78tmairf9-13860961/
VGA PowerColor Radeon Powercolor RX 7700XT 12GB,AMD,RX 7700-XT,33.0,65.1,"2 168,24 zł",,12 GB,12 GB,,Dual Fan,,488.0,https://images.morele.net/i256/14936002_0_i256.jpg,https://www.morele.net/vga-powercolor-radeon-powercolor-rx-7700xt-12gb-dual-fan-14936002/
VGA Man GeForce RTX 4060 Ti 8GB Nebula Twin M25810,MSI,MSI RTX 4060 Ti 8GB Ventus 2x,36.0,60.9,"2 124,62 zł",,,,,,RTX 4060 Ti VENTUS 2X BLACK 8G OC,49740.0,https://images.morele.net/i256/14917302_0_i256.jpg,https://www.morele.net/vga-man-geforce-rtx-4060-ti-8gb-nebula-twin-m25810-14917302/
Gainward GeForce RTX 4060 Ti Pegasus 8GB GDDR6,Asus,Asus RTX 4060 Ti 8GB Dual,36.0,60.9,"2 123,57 zł",GeForce RTX 4060 Ti,170 mm,170 mm,2535 MHz,471056224-3987,DUAL-RTX4060TI-O8G,49740.0,https://images.morele.net/i256/12888556_0_i256.jpg,https://www.morele.net/karta-graficzna-gainward-geforce-rtx-4060-ti-pegasus-8gb-gddr6-471056224-3987-12888556/
Zotac Gaming GeForce RTX 4060 Ti Twin Edge OC 8GB GDDR6,Gigabyte,Gigabyte RTX 4060 Ti 8GB Eagle,36.0,60.9,1 999 zł,GeForce RTX 4060 Ti,226 mm,226 mm,2550 MHz,ZT-D40610H-10M,GV-N406TEAGLE-8GD,49740.0,https://images.morele.net/i256/12994166_7_i256.jpg,https://www.morele.net/karta-graficzna-zotac-gaming-geforce-rtx-4060-ti-twin-edge-oc-8gb-gddr6-zt-d40610h-10m-12994166/
XFX Speedster SWFT 210 Radeon RX 7700 XT Core 12GB GDDR6,AMD,RX 7700S,62.0,46.2,"1 937,16 zł",Radeon RX 7700 XT,283 mm,283 mm,2544 MHz,RX-77TSWFTFP,,123.0,https://images.morele.net/i256/13918671_0_i256.jpg,https://www.morele.net/karta-graficzna-xfx-speedster-swft-210-radeon-rx-7700-xt-core-12gb-gddr6-rx-77tswftfp-13918671/
Inno3D GeForce RTX 4060 Ti Twin X2 8GB GDDR6,MSI,MSI RTX 4060 Ti 8GB Gaming X Trio,36.0,60.9,"1 885,23 zł",GeForce RTX 4060 Ti,250 mm,250 mm,2535 MHz,N406T2-08D6-171153N,RTX 4060 Ti GAMING X TRIO 8G,49740.0,https://images.morele.net/i256/12921355_1_i256.jpg,https://www.morele.net/karta-graficzna-inno3d-geforce-rtx-4060-ti-twin-x2-8gb-gddr6-n406t2-08d6-171153n-12921355/
Acer Nitro Radeon RX 7600 XT OC 16GB GDDR6,AMD,RX 7600-XT,53.0,49.6,"1 874,66 zł",Radeon RX 7600 XT,267 mm,267 mm,2810 MHz,DP.Z3LWW.P02,,207.0,https://images.morele.net/i256/13343818_0_i256.jpg,https://www.morele.net/karta-graficzna-acer-nitro-radeon-rx-7600-xt-oc-16gb-gddr6-dp-z3lww-p02-13343818/
Biostar GeForce RTX 3070 8GB GDDR6,Gigabyte,Gigabyte RTX 3070 Ti 8GB Gaming OC,32.0,66.2,"1 830,35 zł",GeForce RTX 3070,270 mm,270 mm,1725 MHz,VN3706RM82,GV-N307TGAMING OC-8GD,332087.0,https://images.morele.net/i256/12812968_0_i256.jpg,https://www.morele.net/karta-graficzna-biostar-geforce-rtx-3070-8gb-gddr6-vn3706rm82-12812968/
Asus TUF GeForce GTX 1660 Ti Gaming Evo 6GB GDDR6,Nvidia,GTX 1660-Ti,104.0,31.8,1 500 zł,GeForce GTX 1660 Ti,206 mm,206 mm,1800 MHz,TUF-GTX1660TI-6G-EVO-GAMING,,487236.0,https://images.morele.net/i256/9471880_0_i256.jpg,https://www.morele.net/karta-graficzna-asus-tuf-geforce-gtx-1660-ti-gaming-evo-6gb-gddr6-tuf-gtx1660ti-6g-evo-gaming-9471880/
Asus TUF GeForce GTX 1660 SUPER Gaming 6GB GDDR6,MSI,MSI GTX 1660 Ti 6GB Ventus XS OC,104.0,31.8,1 499 zł,,,,,TUF-GTX1660S-6G-GAMING,GTX 1660 TI VENTUS XS 6G OC,487236.0,https://images.morele.net/i256/6446021_0_i256.jpg,https://www.morele.net/karta-graficzna-asus-tuf-geforce-gtx-1660-super-gaming-6gb-gddr6-tuf-gtx1660s-6g-gaming-6446021/
Asus Dual GeForce RTX 4060 EVO OC White 8GB GDDR6 DUAL-RTX4060-O8G-EVO-WHITE),MSI,MSI RTX 4060 Ti 8GB Ventus 3X OC,36.0,60.9,"1 488,72 zł",,,,,,GeForce RTX 4060 Ti VENTUS 3X 8G OC,49740.0,https://images.morele.net/i256/14119121_11_i256.jpg,https://www.morele.net/karta-graficzna-asus-dual-geforce-rtx-4060-evo-oc-white-8gb-gddr6-dual-rtx4060-o8g-evo-white-14119121/
Zotac Gaming GeForce RTX 4060 Twin Edge 8GB GDDR6,MSI,MSI RTX 4060 Ti 8GB Gaming X,36.0,60.9,"1 410,67 zł",,,,,ZT-D40600E-10M,GeForce RTX 4060 Ti GAMING X 8G,49740.0,https://images.morele.net/i256/13123478_0_i256.jpg,https://www.morele.net/karta-graficzna-zotac-gaming-geforce-rtx-4060-twin-edge-8gb-gddr6-zt-d40600e-10m-13123478/
Asus Dual GeForce RTX 4060 V2 OC 8GB GDDR6 Bulk,Gigabyte,Gigabyte RTX 4060 Ti 8GB Gaming OC,36.0,60.9,1 389 zł,GeForce RTX 4060,202 mm,202 mm,2535 MHz,DUAL-RTX4060-O8G-V2,GV-N406TGAMING OC-8GD,49740.0,https://images.morele.net/i256/13173147_13_i256.jpg,https://www.morele.net/karta-graficzna-asus-dual-geforce-rtx-4060-v2-oc-8gb-gddr6-bulk-dual-rtx4060-o8g-v2-13173147/
Gainward GeForce RTX 4060 Pegasus 8GB GDDR6,MSI,MSI RTX 4060 Ti 16GB Ventus 2X Black,36.0,60.9,"1 337,48 zł",GeForce RTX 4060,170 mm,170 mm,2460 MHz,471056224-4083,V517-005R,49740.0,https://images.morele.net/i256/12960738_0_i256.jpg,https://www.morele.net/karta-graficzna-gainward-geforce-rtx-4060-pegasus-8gb-gddr6-471056224-4083-12960738/
Gigabyte GeForce RTX 4060 D6 8GB GDDR6,PNY,PNY RTX 4060 Ti 16GB Dual Verto,36.0,60.9,"1 296,44 zł",GeForce RTX 4060,170 mm,170 mm,2460 MHz,GV-N4060D6-8GD,VCG4060T16DFXPB1,49740.0,https://images.morele.net/i256/13127318_0_i256.jpg,https://www.morele.net/karta-graficzna-gigabyte-geforce-rtx-4060-d6-8gb-gddr6-gv-n4060d6-8gd-13127318/
Zotac Gaming GeForce RTX 3050 Eco 8GB GDDR6,Nvidia,RTX 3050,108.0,31.0,"1 060,99 zł",GeForce RTX 3050,222 mm,222 mm,1777 MHz,ZT-A30500K-10M,,107355.0,https://images.morele.net/i256/13120002_0_i256.jpg,https://www.morele.net/karta-graficzna-zotac-gaming-geforce-rtx-3050-eco-8gb-gddr6-zt-a30500k-10m-13120002/
Inno3D GeForce RTX 3050 Twin X2 OC 8GB GDDR6,Asus,Asus RTX 3050 8GB ROG Strix OC,108.0,31.0,"1 039,83 zł",,,,,N30502-08D6X-1711VA41,ROG-STRIX-RTX3050-O8G-GAMING,107355.0,https://images.morele.net/i256/13127675_2_i256.jpg,https://www.morele.net/karta-graficzna-inno3d-geforce-rtx-3050-twin-x2-oc-8gb-gddr6-n30502-08d6x-1711va41-13127675/
XFX Radeon RX 5700 XT Triple Dissipation 8GB GDDR6 256-bit,AMD,RX 5700-XT,73.0,41.6,"1 024,90 zł",,8 GB,8 GB,,RX-57XT83LD8,,103539.0,https://images.morele.net/i256/14963573_0_i256.jpg,https://www.morele.net/karta-graficzna-xfx-radeon-rx-5700-xt-triple-dissipation-8gb-gddr6-256-bit-rx-57xt83ld8-14963573/
VGA Man GeForce RTX 3050 8GB Nebula Single,Asus,Asus RTX 3050 8GB Dual OC,108.0,31.0,"1 012,18 zł",,,,,,‎DUAL-RTX3050-O8G,107355.0,https://images.morele.net/i256/14917299_0_i256.jpg,https://www.morele.net/vga-man-geforce-rtx-3050-8gb-nebula-single-14917299/
Zotac Gaming GeForce RTX 3050 Eco Solo 8GB GDDR6,Gigabyte,Gigabyte RTX 3050 8GB Gaming OC,108.0,31.0,"964,98 zł",GeForce RTX 3050,151 mm,151 mm,1777 MHz,ZT-A30500R-10L,‎GV-N3050GAMING OC-8GD,107355.0,https://images.morele.net/i256/13128216_1_i256.jpg,https://www.morele.net/karta-graficzna-zotac-gaming-geforce-rtx-3050-eco-solo-8gb-gddr6-zt-a30500r-10l-13128216/
Biostar GeForce GTX 1660 SUPER 6GB GDDR6,EVGA,EVGA GTX 1660 Ti 6GB Black Gaming,104.0,31.8,"928,39 zł",GeForce GTX 1660 Super,Brak danych,Brak danych,1785 MHz,VN1666SF69,06G-P4-1261-KR,487236.0,https://images.morele.net/i256/12288422_0_i256.jpg,https://www.morele.net/karta-graficzna-biostar-geforce-gtx-1660-super-6gb-gddr6-vn1666sf69-12288422/
Zotac Gaming GeForce RTX 3050 Solo 6GB GDDR6,MSI,MSI RTX 3050 8GB Ventus 2X OC,108.0,31.0,"922,17 zł",GeForce RTX 3050,151 mm,151 mm,1470 MHz,ZT-A30510G-10L,V397-418R,107355.0,https://images.morele.net/i256/13178619_0_i256.jpg,https://www.morele.net/karta-graficzna-zotac-gaming-geforce-rtx-3050-solo-6gb-gddr6-zt-a30510g-10l-13178619/
Power Color Radeon RX 6500 XT 4GB GDDR6,AMD,RX 6500-XT,137.0,21.1,"914,05 zł",Radeon RX 6500 XT,165 mm,165 mm,Brak danych,AXRX 6500XT 4GBD6-DH,,2415.0,https://images.morele.net/i256/9681343_0_i256.jpg,https://www.morele.net/karta-graficzna-power-color-radeon-rx-6500-xt-4gb-gddr6-axrx-6500xt-4gbd6-dh-9681343/
VGA Man GeForce RTX 3050 6GB Nebula Twin V2,EVGA,EVGA RTX 3050 8GB XC Gaming,108.0,31.0,"895,96 zł",,,,,Low Profile,08G-P5-3553-KR,107355.0,https://images.morele.net/i256/14917300_0_i256.jpg,https://www.morele.net/vga-man-geforce-rtx-3050-6gb-nebula-twin-low-profile-v2-14917300/
BIOSTAR GeForce RTX 3050 6GB,Zotac,Zotac RTX 3050 8GB Twin Edge OC,108.0,31.0,"884,92 zł",,,,,,ZT-A30500H-10M,107355.0,https://images.morele.net/i256/14524522_0_i256.jpg,https://www.morele.net/karta-graficzna-biostar-geforce-rtx-3050-6gb-14524522/
Asus GeForce RTX 3050 OC 6GB GDDR6,MSI,MSI RTX 3050 8GB Gaming X,108.0,31.0,"852,99 zł",GeForce RTX 3050,182 mm,182 mm,1537 MHz,RTX3050-O6G-LP-BRK,V397-421R,107355.0,https://images.morele.net/i256/13192155_6_i256.jpg,https://www.morele.net/karta-graficzna-asus-geforce-rtx-3050-oc-6gb-gddr6-rtx3050-o6g-lp-brk-13192155/
AFOX Karta graficzna - Geforce GTX1660Ti 6GB GDDR6 192 bit DP DVI HDMI ATX Dual Fan V4,MSI,MSI GTX 1660 Ti 6GB Gaming X,104.0,31.8,"852,25 zł",,,,,,GTX 1660 TI GAMING X 6G,487236.0,https://images.morele.net/i256/14687465_0_i256.jpg,https://www.morele.net/afox-karta-graficzna-geforce-gtx1660ti-6gb-gddr6-192-bit-dp-dvi-hdmi-atx-dual-fan-v4-14687465/
Gainward GeForce RTX 3050 Pegasus 6GB GDDR6,Gigabyte,Gigabyte RTX 3050 8GB Eagle OC,108.0,31.0,"850,99 zł",GeForce RTX 3050,162 mm,162 mm,1470 MHz,471056224-4182,‎GV-N3050EAGLE OC-8GD,107355.0,https://images.morele.net/i256/13173169_0_i256.jpg,https://www.morele.net/karta-graficzna-gainward-geforce-rtx-3050-pegasus-6gb-gddr6-471056224-4182-13173169/
VGA Man GeForce RTX 3050 6GB Classics Single,Nvidia,RTX 3050-Ti (Laptop),118.0,25.5,"847,99 zł",,,,,,,54742.0,https://images.morele.net/i256/14917298_0_i256.jpg,https://www.morele.net/vga-man-geforce-rtx-3050-6gb-classics-single-14917298/
Inno3D GeForce RTX 3050 Twin X2 6GB GDDR6,Nvidia,RTX 3050 (Laptop),127.0,23.5,"842,46 zł",GeForce RTX 3050,222 mm,222 mm,1470 MHz,N30502-06D6-1711VA60,,68322.0,https://images.morele.net/i256/13231327_3_i256.jpg,https://www.morele.net/karta-graficzna-inno3d-geforce-rtx-3050-twin-x2-6gb-gddr6-n30502-06d6-1711va60-13231327/
AFOX Karta graficzna - Geforce GTX1660 SUPER 6GB GDDR6 192Bit DP DVI HDMI ATX Dual V4,Asus,Asus GTX 1660 Ti 6GB Dual,104.0,31.8,"832,89 zł",,,,,,DUAL-GTX1660TI-O6G,487236.0,https://images.morele.net/i256/14687466_0_i256.jpg,https://www.morele.net/afox-karta-graficzna-geforce-gtx1660-super-6gb-gddr6-192bit-dp-dvi-hdmi-atx-dual-v4-14687466/
Sapphire Pulse Radeon RX 6500 XT OC 8GB GDDR6,ASRock,ASRock RX 6500 XT 4GB Phantom Gaming D OC,137.0,21.1,"786,81 zł",Radeon RX 6500 XT,194 mm,194 mm,2855 MHz,11314-08-20G,‎RX6500XT PGD 4GO,2415.0,https://images.morele.net/i256/14265961_1_i256.jpg,https://www.morele.net/karta-graficzna-sapphire-pulse-radeon-rx-6500-xt-oc-8gb-gddr6-11314-08-20g-14265961/
Gigabyte Radeon RX 6400 D6 Low Profile 4GB GDDR6,AMD,RX 6400,165.0,15.1,"703,49 zł",Radeon RX 6400,162 mm,162 mm,2321 MHz,GV-R64D6-4GL,,2196.0,https://images.morele.net/i256/10187570_1_i256.jpg,https://www.morele.net/karta-graficzna-gigabyte-radeon-rx-6400-d6-low-profile-4gb-gddr6-gv-r64d6-4gl-10187570/
Biostar GeForce GTX 1050 Ti 4G GDDR5,Nvidia,GTX 1050-Ti,182.0,12.2,"651,96 zł",GeForce GTX 1050 Ti,Brak danych,Brak danych,1392 MHz,VN1055TF41,,1361669.0,https://images.morele.net/i256/12812965_0_i256.jpg,https://www.morele.net/karta-graficzna-biostar-geforce-gtx-1050-ti-4g-gddr5-vn1055tf41-12812965/
Sapphire Pulse Radeon RX 6500 XT OC 4GB GDDR6,ASRock,ASRock RX 6500 XT 4GB Challenger ITX,137.0,21.1,"648,46 zł",Radeon RX 6500 XT,194 mm,194 mm,2855 MHz,11314-07-20G,RX6500XT CLI 4G,2415.0,https://images.morele.net/i256/14244674_1_i256.jpg,https://www.morele.net/karta-graficzna-sapphire-pulse-radeon-rx-6500-xt-oc-4gb-gddr6-11314-07-20g-14244674/
BIOSTAR GeForce GTX 1050 4GB,EVGA,EVGA GTX 1050 Ti 4GB SC Single Fan,182.0,12.2,"528,73 zł",,,,,,04G-P4-6253-KR,1361669.0,https://images.morele.net/i256/14454658_0_i256.jpg,https://www.morele.net/karta-graficzna-biostar-geforce-gtx-1050-4gb-14454658/
Palit GeForce RTX 3070 Ti GameRock 8GB GDDR6X,EVGA,EVGA RTX 3070 Ti 8GB FTW3 Ultra Gaming,32.0,66.2,"5 205,45 zł",GeForce RTX 3070 Ti,304 mm,304 mm,1770 MHz,NED307T019P2-1047G,‎08G-P5-3767-KL,332087.0,https://images.morele.net/i256/5948149_0_i256.jpg,https://www.morele.net/karta-graficzna-palit-geforce-rtx-3070-ti-gamerock-8gb-gddr6x-ned307t019p2-1047g-5948149/
Asus Dual Radeon RX 7600 EVO OC 8GB GDDR6,AMD,RX 7600,60.0,46.2,1 089 zł,Radeon RX 7600,229 mm,229 mm,2715 MHz,DUAL-RX7600-O8G-EVO,,460.0,https://images.morele.net/i256/14405446_11_i256.jpg,https://www.morele.net/karta-graficzna-asus-dual-radeon-rx-7600-evo-oc-8gb-gddr6-dual-rx7600-o8g-evo-14405446/
ASRock Radeon RX 6500 XT Phantom Gaming OC 8GB GDDR6,Asus,Asus RX 6500 XT 4GB TUF Gaming OC,137.0,21.1,"847,35 zł",Radeon RX 6500 XT,240 mm,240 mm,2825 MHz,RX6500XT PG 8GO,TUF-RX6500XT-O4G-GAMING,2415.0,https://images.morele.net/i256/13261938_0_i256.jpg,https://www.morele.net/karta-graficzna-asrock-radeon-rx-6500-xt-phantom-gaming-oc-8gb-gddr6-rx6500xt-pg-8go-13261938/
Palit GeForce RTX 4080 GamingPro	16GB GDDR6X,Nvidia,RTX 4080-S (Super),4.0,126.0,,GeForce RTX 4080,329 mm,329 mm,2505 MHz,NED4080019T2-1032A,,17475.0,https://images.morele.net/i256/12535641_0_i256.jpg,https://www.morele.net/karta-graficzna-palit-geforce-rtx-4080-gamingpro-16gb-gddr6x-ned4080019t2-1032a-12535641/
Inno3D GeForce RTX 4060 Twin X2 OC White 8GB GDDR6,Gigabyte,Gigabyte RTX 4060 Ti 16GB OC,36.0,60.9,"1 813,91 zł",,,,,N40602-08D6X-173051W,GV-N406TWF2OC-16GD,49740.0,https://images.morele.net/i256/13122037_0_i256.jpg,https://www.morele.net/karta-graficzna-inno3d-geforce-rtx-4060-twin-x2-oc-white-8gb-gddr6-n40602-08d6x-173051w-13122037/
Inno3D GeForce RTX 3060 Twin X2 OC LHR 8GB GDDR6,Gigabyte,Gigabyte RTX 3060 Ti 8GB Gaming OC,45.0,53.6,"1 381,98 zł",GeForce RTX 3060,240 mm,240 mm,1792 MHz,N30602-08D6X-11902130,GV-N306TGAMING OC-8GD V2,669798.0,https://images.morele.net/i256/12801345_1_i256.jpg,https://www.morele.net/karta-graficzna-inno3d-geforce-rtx-3060-twin-x2-oc-lhr-8gb-gddr6-n30602-08d6x-11902130-12801345/
Power Color Radeon RX 7600 Hellhound 8GB GDDR6,AMD,RX 7600S,92.0,36.1,"1 364,78 zł",Radeon RX 7600,223 mm,223 mm,2695 MHz,RX 7600 8G-L/OC,,115.0,https://images.morele.net/i256/12919740_0_i256.jpg,https://www.morele.net/karta-graficzna-power-color-radeon-rx-7600-hellhound-8gb-gddr6-rx-7600-8g-l-oc-12919740/
Biostar GeForce RTX 3060 12GB GDDR6,Gigabyte,Gigabyte RTX 3060 Ti 8GB Gaming OC,45.0,53.6,"1 297,25 zł",GeForce RTX 3060,242 mm,242 mm,1777 MHz,VN3606RML9,GV-N306TGAMING OC-8GD REV2.0,669798.0,https://images.morele.net/i256/13130114_0_i256.jpg,https://www.morele.net/karta-graficzna-biostar-geforce-rtx-3060-12gb-gddr6-vn3606rml9-13130114/
Asus Dual Radeon RX 6600 Gaming OC V3 8GB GDDR6,AMD,RX 6600-XT,66.0,45.3,"1 022,15 zł",Radeon RX 6600,219 mm,219 mm,2491 MHz,DUAL-RX6600-8G-V3,,31780.0,https://images.morele.net/i256/14211586_14_i256.jpg,https://www.morele.net/karta-graficzna-asus-dual-radeon-rx-6600-gaming-oc-v3-8gb-gddr6-dual-rx6600-8g-v3-14211586/
Sapphire Pulse Radeon RX 6500 XT ITX Pure OC 4GB GDDR6,XFX,XFX RX 6500 XT 4GB Speedster QICK210,137.0,21.1,"769,25 zł",Radeon RX 6500 XT,153 mm,153 mm,2610 MHz,11314-04-20G,‎RX-65XT4DBDQ,2415.0,https://images.morele.net/i256/13120224_0_i256.jpg,https://www.morele.net/karta-graficzna-sapphire-pulse-radeon-rx-6500-xt-itx-pure-oc-4gb-gddr6-11314-04-20g-13120224/
Karta graficznaBiostarGeForce GTX 1050 Ti 4GB GDDR5,EVGA,EVGA GTX 1050 Ti 4GB Gaming Single Fan,182.0,12.2,"544,45 zł",GeForce GTX 1050 Ti,195 mm,195 mm,1455 MHz,VN1055XF41,04G-P4-6251-KR,1361669.0,https://images.morele.net/i256/13177979_0_i256.jpg,https://www.morele.net/karta-graficznabiostargeforce-gtx-1050-ti-4gb-gddr5-vn1055xf41-13177979/
Asus ROG Strix GeForce RTX 4070 Ti SUPER OC 16GB GDDR6X,Nvidia,RTX 4070-TS (Ti-Super),8.0,105.0,3 999 zł,GeForce RTX 4070 Ti Super,336 mm,336 mm,2700 MHz,ROG-STRIX-RTX4070TIS-O16G-GAMING,,21854.0,https://images.morele.net/i256/13166583_0_i256.jpg,https://www.morele.net/karta-graficzna-asus-rog-strix-geforce-rtx-4070-ti-super-oc-16gb-gddr6x-rog-strix-rtx4070tis-o16g-gaming-13166583/
XFX Speedster SWFT 210 Radeon RX 6650 XT Core Gaming 8GB GDDR6,AMD,RX 6650-XT,65.0,46.0,"1 192,10 zł",Radeon RX 6650 XT,241 mm,241 mm,2635 MHz,RX-665X8DFDY,,13997.0,https://images.morele.net/i256/12906561_6_i256.jpg,https://www.morele.net/karta-graficzna-xfx-speedster-swft-210-radeon-rx-6650-xt-core-gaming-8gb-gddr6-rx-665x8dfdy-12906561/
MSI GeForce RTX 3080 Ti Ventus 3X OC 12GB GDDR6X,Asus,Asus RTX 3080 Ti 12GB Tuf OC,18.0,86.3,9 266 zł,GeForce RTX 3080 Ti,305 mm,305 mm,1695 MHz,RTX 3080 Ti VENTUS 3X 12G OC,TUF-RTX3080TI-O12G-GAMING,275308.0,https://images.morele.net/i256/5948201_0_i256.jpg,https://www.morele.net/karta-graficzna-msi-geforce-rtx-3080-ti-ventus-3x-oc-12gb-gddr6x-rtx-3080-ti-ventus-3x-12g-oc-5948201/
ASRock Radeon RX 6800 XT Taichi X OC 16G B GDDR6,AMD,RX 6800-XT,27.0,71.5,"6 372,68 zł",Radeon RX 6800 XT,330 mm,330 mm,2360 MHz,RX6800XT TCX 16GO,,26696.0,https://images.morele.net/i256/7497490_0_i256.jpg,https://www.morele.net/karta-graficzna-asrock-radeon-rx-6800-xt-taichi-x-oc-16g-b-gddr6-rx6800xt-tcx-16go-7497490/
Zotac Gaming GeForce RTX 4070 Ti SUPER Solid 16GB GDDR6X,PNY,PNY RTX 4070 Ti Super 16GB Verto Triple,8.0,105.0,"4 091,77 zł",GeForce RTX 4070 Ti Super,337 mm,337 mm,2610 MHz,ZT-D40730R-10P,VCG4070TS16TFXPB1-O,21854.0,https://images.morele.net/i256/13270363_0_i256.jpg,https://www.morele.net/karta-graficzna-zotac-gaming-geforce-rtx-4070-ti-super-solid-16gb-gddr6x-zt-d40730r-10p-13270363/
Gigabyte GeForce RTX 4070 Windforce 2X OC 12GB GDDR6X,MSI,MSI RTX 4070 Ti Super 16GB Ventus 2x,8.0,105.0,"2 841,90 zł",GeForce RTX 4070,201 mm,201 mm,2490 MHz,GV-N4070WF2OC-12GD,RTX 4070 Ti SUPER 16G VENTUS 2X OC,21854.0,https://images.morele.net/i256/13146290_0_i256.jpg,https://www.morele.net/karta-graficzna-gigabyte-geforce-rtx-4070-windforce-2x-oc-12gb-gddr6x-gv-n4070wf2oc-12gd-13146290/
Asus TUF GeForce GTX 1660 Gaming OC 6GB GDDR5,EVGA,EVGA GTX 1660 Ti 6GB XC Gaming,104.0,31.8,"1 945,98 zł",GeForce GTX 1660,205 mm,205 mm,1845 MHz,TUF-GTX1660-O6G-GAMING,06G-P4-1263-KR,487236.0,https://images.morele.net/i256/5887532_6_i256.jpg,https://www.morele.net/karta-graficzna-asus-tuf-geforce-gtx-1660-gaming-oc-6gb-gddr5-tuf-gtx1660-o6g-gaming-5887532/
Biostar GeForce RTX 3060 Ti 8GB GDDR6X,MSI,MSI RTX 3060 Ti 8GB Ventus 3X OC,45.0,53.6,"1 527,61 zł",GeForce RTX 3060 Ti,242 mm,242 mm,1665 MHz,N3606TM82,‎RTX 3060 Ti VENTUS 3X 8G OC LHR,669798.0,https://images.morele.net/i256/13181667_0_i256.jpg,https://www.morele.net/karta-graficzna-biostar-geforce-rtx-3060-ti-8gb-gddr6x-n3606tm82-13181667/
Inno3D GeForce RTX 3060 Twin X2 LHR 8GB GDDR6,MSI,MSI RTX 3060 Ti 8GB Ventus 2X,45.0,53.6,"1 355,54 zł",GeForce RTX 3060,240 mm,240 mm,1777 MHz,N30602-08D6-11902130,GeForce RTX 3060 Ti VENTUS 2X OCV1 LHR,669798.0,https://images.morele.net/i256/12739107_2_i256.jpg,https://www.morele.net/karta-graficzna-inno3d-geforce-rtx-3060-twin-x2-lhr-8gb-gddr6-n30602-08d6-11902130-12739107/
Zotac Gaming GeForce RTX 4060 Twin Edge OC White 8GB GDDR6,Asus,Asus RTX 4060 Ti 16GB Proart,36.0,60.9,"1 633,85 zł",,,,,ZT-D40600Q-10M,PROART-RTX4060TI-O16G,49740.0,https://images.morele.net/i256/12960748_0_i256.jpg,https://www.morele.net/karta-graficzna-zotac-gaming-geforce-rtx-4060-twin-edge-oc-white-8gb-gddr6-zt-d40600q-10m-12960748/
AFOX GeForce RTX 2060 Super 8GB GDDR6,Nvidia,RTX 2060S (Super),75.0,41.4,"1 218,84 zł",GeForce RTX 2060 Super,Brak danych,Brak danych,1650 MHz,AF2060S-8192D6H4-V2,,502304.0,https://images.morele.net/i256/13133257_0_i256.jpg,https://www.morele.net/karta-graficzna-afox-geforce-rtx-2060-super-8gb-gddr6-af2060s-8192d6h4-v2-13133257/
Inno3D GeForce RTX 3080 Ti iChill X4 12GB GDDR6X,Gigabyte,Gigabyte RTX 3080 Ti 12GB Gaming OC,18.0,86.3,,GeForce RTX 3080 Ti,300 mm,300 mm,1710 MHz,C308T4-126XX-1810VA36,GV-N308TGAMING OC-12GD,275308.0,https://images.morele.net/i256/5947964_0_i256.jpg,https://www.morele.net/karta-graficzna-inno3d-geforce-rtx-3080-ti-ichill-x4-12gb-gddr6x-c308t4-126xx-1810va36-5947964/
Palit GeForce RTX 4060 StormX 8GB GDDR6,Asus,Asus RTX 4060 Ti 16GB Proart,36.0,60.9,1 299 zł,GeForce RTX 4060,170 mm,170 mm,2460 MHz,NE64060019P1-1070F,PROART-RTX4060TI-O16G,49740.0,https://images.morele.net/i256/12960737_0_i256.jpg,https://www.morele.net/karta-graficzna-palit-geforce-rtx-4060-stormx-8gb-gddr6-ne64060019p1-1070f-12960737/
Power Color Hellhound Radeon RX 7900 XT 20GB GDDR6,AMD,RX 7900-GRE,20.0,81.7,"3 208,84 zł",Radeon RX 7900 XT,320 mm,320 mm,2500 MHz,RX 7900 XT 20G-L/OC,,307.0,https://images.morele.net/i256/13098760_0_i256.jpg,https://www.morele.net/karta-graficzna-power-color-hellhound-radeon-rx-7900-xt-20gb-gddr6-rx-7900-xt-20g-l-oc-13098760/
Inno3D GeForce RTX 4060 Twin X2 8GB GDDR6,Nvidia,RTX 4060,52.0,50.9,"1 397,90 zł",,,,,N40602-08D6-173051N,,105388.0,https://images.morele.net/i256/13113172_0_i256.jpg,https://www.morele.net/karta-graficzna-inno3d-geforce-rtx-4060-twin-x2-8gb-gddr6-n40602-08d6-173051n-13113172/
Zotac Gaming GeForce RTX 4070 SUPER Twin Edge 12GB GDDR6X,Zotac,Zotac RTX 4070 Ti Super 16GB Trinity,8.0,105.0,"3 129,26 zł",GeForce RTX 4070 Super,234 mm,234 mm,2475 MHz,ZT-D40720E-10M,ZT-D40730D-10P,21854.0,https://images.morele.net/i256/13166616_0_i256.jpg,https://www.morele.net/karta-graficzna-zotac-gaming-geforce-rtx-4070-super-twin-edge-12gb-gddr6x-zt-d40720e-10m-13166616/
Asus TUF GeForce GTX 1660 SUPER Gaming OC 6GB GDDR6,Gigabyte,Gigabyte GTX 1660 Ti 6GB Windforce OC,104.0,31.8,1 500 zł,,,,,90YV0DT2-M0NA00,GV-N166TWF2OC-6GD,487236.0,https://images.morele.net/i256/6470553_0_i256.jpg,https://www.morele.net/karta-graficzna-asus-tuf-geforce-gtx-1660-super-gaming-oc-6gb-gddr6-90yv0dt2-m0na00-6470553/
PNY GeForce RTX 4060 Ti XLR8 Gaming Verto OC Dual Fan 8GB GDDR6,MSI,MSI RTX 4060 8GB Ventus 2X OC,52.0,50.9,1 849 zł,GeForce RTX 4060 Ti,245 mm,245 mm,2550 MHz,VCG4060T8DFXPB1-O,RTX 4060 VENTUS 2X BLACK 8G OC,105388.0,https://images.morele.net/i256/13131189_0_i256.jpg,https://www.morele.net/karta-graficzna-pny-geforce-rtx-4060-ti-xlr8-gaming-verto-oc-dual-fan-8gb-gddr6-vcg4060t8dfxpb1-o-13131189/
Gigabyte GeForce RTX 4070 Windforce 2X OC V2 12GB GDDR6,Gigabyte,Gigabyte RTX 4070 Ti Super 16GB 3X Eagle OC,8.0,105.0,"2 676,39 zł",GeForce RTX 4070,201 mm,201 mm,2490 MHz,GV-N4070WF2OCV2-12GD,GV-N407TSEAGLE OC-16GD,21854.0,https://images.morele.net/i256/14118169_0_i256.jpg,https://www.morele.net/karta-graficzna-gigabyte-geforce-rtx-4070-windforce-2x-oc-v2-12gb-gddr6-gv-n4070wf2ocv2-12gd-14118169/
Asus Dual GeForce GTX 1650 OC 4GB GDDR5,Nvidia,GTX 1650S (Super),122.0,24.4,1 399 zł,GeForce GTX 1650,190 mm,190 mm,1755 MHz,DUAL-GTX1650-O4G,,264337.0,https://images.morele.net/i256/5887886_0_i256.jpg,https://www.morele.net/karta-graficzna-asus-dual-geforce-gtx-1650-oc-4gb-gddr5-dual-gtx1650-o4g-5887886/
Zotac GeForce RTX 3060 Twin Edge 12GB GDDR6,Gigabyte,Gigabyte RTX 3060 Ti 8GB Eagle OC,45.0,53.6,"1 821,35 zł",GeForce RTX 3060,224 mm,224 mm,1777 MHz,ZT-A30600E-10M,GV-N306TEAGLE OC-8GD V2,669798.0,https://images.morele.net/i256/7951871_0_i256.jpg,https://www.morele.net/karta-graficzna-zotac-geforce-rtx-3060-twin-edge-12gb-gddr6-zt-a30600e-10m-7951871/
XFX Speedster MERC 319 Radeon RX 6950 XT 16GB GDDR6,AMD,RX 6950-XT,19.0,84.2,,Radeon RX 6950 XT,340 mm,340 mm,2368 MHz,RX-695XATBD9,,5892.0,https://images.morele.net/i256/12706402_0_i256.jpg,https://www.morele.net/karta-graficzna-xfx-speedster-merc-319-radeon-rx-6950-xt-16gb-gddr6-rx-695xatbd9-12706402/
Asus TUF GeForce GTX 1660 Ti Evo Top Gaming 6GB GDDR6,Gigabyte,Gigabyte GTX 1660 Ti 6GB OC,104.0,31.8,1 400 zł,GeForce GTX 1660 Ti,205 mm,205 mm,1845 MHz,TUF-GTX1660TI-T6G-EVO-GAMING,GV-N166TOC-6GD,487236.0,https://images.morele.net/i256/5949275_0_i256.jpg,https://www.morele.net/karta-graficzna-asus-tuf-geforce-gtx-1660-ti-evo-top-gaming-6gb-gddr6-tuf-gtx1660ti-t6g-evo-gaming-5949275/
MSI Radeon RX 6500 XT Mech X2 OC 4GB GDDR6,Gigabyte,Gigabyte RX 6500 XT 4GB Gaming OC,137.0,21.1,,Radeon RX 6500 XT,201 mm,201 mm,Brak danych,RX 6500 XT MECH 2X 4G OC,GV-R65XTGAMING OC-4GD,2415.0,https://images.morele.net/i256/9681344_0_i256.jpg,https://www.morele.net/karta-graficzna-msi-radeon-rx-6500-xt-mech-x2-oc-4gb-gddr6-rx-6500-xt-mech-2x-4g-oc-9681344/
PNY GeForce RTX 4060 XLR8 Gaming Verto Epic-X RGB OC 8GB GDDR6,MSI,MSI RTX 4060 8GB Ventus 2X White,52.0,50.9,"1 779,88 zł",GeForce RTX 4060,260 mm,260 mm,2505 MHz,VCG40608TFXXPB1-O,RTX 4060 Ventus 2X White 8G OC,105388.0,https://images.morele.net/i256/13120685_0_i256.jpg,https://www.morele.net/karta-graficzna-pny-geforce-rtx-4060-xlr8-gaming-verto-epic-x-rgb-oc-8gb-gddr6-vcg40608tfxxpb1-o-13120685/
Asus TUF GeForce GTX 1660 Ti Gaming Evo OC 6GB GDDR6,Asus,Asus GTX 1660 Ti 6GB Phoenix,104.0,31.8,1 500 zł,GeForce GTX 1660 Ti,215 mm,215 mm,1830 MHz,TUF-GTX1660TI-O6G-EVO-GAMING,PH-GTX1660TI-O6G,487236.0,https://images.morele.net/i256/9289668_0_i256.jpg,https://www.morele.net/karta-graficzna-asus-tuf-geforce-gtx-1660-ti-gaming-evo-oc-6gb-gddr6-tuf-gtx1660ti-o6g-evo-gaming-9289668/
Inno3D GeForce RTX 3060 Twin X2 12GB GDDR6,Gigabyte,Gigabyte RTX 3060 Ti 8GB Gaming OC Pro,45.0,53.6,"1 556,75 zł",GeForce RTX 3060,240 mm,240 mm,1777 MHz,N30602-12D6-119032AH,GV-N306TGAMINGOC PRO-8GD REV3.0,669798.0,https://images.morele.net/i256/9289659_0_i256.jpg,https://www.morele.net/karta-graficzna-inno3d-geforce-rtx-3060-twin-x2-12gb-gddr6-n30602-12d6-119032ah-9289659/
Palit GeForce RTX 4070 SUPER Dual 12GB GDDR6X,Asus,Asus RTX 4070 Ti Super 16GB TUF Gaming,8.0,105.0,,GeForce RTX 4070 Super,269 mm,269 mm,2475 MHz,NED407S019K9-1043D,TUF-RTX4070TIS-O16G-GAMING,21854.0,https://images.morele.net/i256/13167350_0_i256.jpg,https://www.morele.net/karta-graficzna-palit-geforce-rtx-4070-super-dual-12gb-gddr6x-ned407s019k9-1043d-13167350/
Inno3D GeForce RTX 3060 Twin X2 OC 12GB GDDR6 LHR,MSI,MSI RTX 3060 Ti 8GB Gaming X Trio,45.0,53.6,"1 365,50 zł",GeForce RTX 3060,240 mm,240 mm,1792 MHz,N30602-12D6X-11902120H,RTX 3060 Ti Gaming X Trio,669798.0,https://images.morele.net/i256/5946320_0_i256.jpg,https://www.morele.net/karta-graficzna-inno3d-geforce-rtx-3060-twin-x2-oc-12gb-gddr6-lhr-n30602-12d6x-11902120h-5946320/
Asus Dual GeForce RTX 2060 OC Evo 6GB GDDR6,Gigabyte,Gigabyte RTX 2060 Super 8GB Gaming,75.0,41.4,2 019 zł,GeForce RTX 2060,242 mm,242 mm,1785 MHz,DUAL-RTX2060-O6G-EVO,GV-N206SGAMING OC-8GC,502304.0,https://images.morele.net/i256/6130161_9_i256.jpg,https://www.morele.net/karta-graficzna-asus-dual-geforce-rtx-2060-oc-evo-6gb-gddr6-dual-rtx2060-o6g-evo-6130161/
Asus TUF Gaming GeForce RTX 3060 Ti Gaming OC V2 8GB GDDR6,Zotac,Zotac RTX 3060 Ti 8GB Twin Edge OC,45.0,53.6,2 999 zł,GeForce RTX 3060 Ti,301 mm,301 mm,1785 MHz,TUF-RTX3060TI-O8G-V2-GAMING,ZT-A30610H-10MLHR,669798.0,https://images.morele.net/i256/5948249_0_i256.jpg,https://www.morele.net/karta-graficzna-asus-tuf-gaming-geforce-rtx-3060-ti-gaming-oc-v2-8gb-gddr6-tuf-rtx3060ti-o8g-v2-gaming-5948249/
Asus Dual GeForce RTX 4060 EVO OC 8GB GDDR6,Asus,Asus RTX 4060 8GB Dual OC,52.0,50.9,"1 493,99 zł",,,,,DUAL-RTX4060-O8G-EVO,DUAL-RTX4060-O8G,105388.0,https://images.morele.net/i256/13180050_1_i256.jpg,https://www.morele.net/karta-graficzna-asus-dual-geforce-rtx-4060-evo-oc-8gb-gddr6-dual-rtx4060-o8g-evo-13180050/
Gigabyte GeForce RTX 3070 Gaming OC 8GB GDDR6,Zotac,Zotac RTX 3070 Ti 8GB Trinity OC,32.0,66.2,,GeForce RTX 3070,286 mm,286 mm,1815 MHz,GV-N3070GAMING OC-8GD,ZT-A30710J-10P,332087.0,https://images.morele.net/i256/5944660_0_i256.jpg,https://www.morele.net/karta-graficzna-gigabyte-geforce-rtx-3070-gaming-oc-8gb-gddr6-gv-n3070gaming-oc-8gd-5944660/
Zotac Gaming GeForce RTX 4060 Solo 8GB GDDR6,Asus,Asus RTX 4060 8GB Dual White,52.0,50.9,"1 497,57 zł",GeForce RTX 4060,163 mm,163 mm,2460 MHz,ZT-D40600G-10L,DUAL-RTX4060-O8G-WHITE,105388.0,https://images.morele.net/i256/12960746_0_i256.jpg,https://www.morele.net/karta-graficzna-zotac-gaming-geforce-rtx-4060-solo-8gb-gddr6-zt-d40600g-10l-12960746/
Gigabyte GeForce RTX 4060 OC Low Profile 8GB GDDR6,Nvidia,RTX 4060 (Laptop),58.0,47.0,"1 435,57 zł",GeForce RTX 4060,182 mm,182 mm,2475 MHz,GV-N4060OC-8GL,,34082.0,https://images.morele.net/i256/13120232_0_i256.jpg,https://www.morele.net/karta-graficzna-gigabyte-geforce-rtx-4060-oc-low-profile-8gb-gddr6-gv-n4060oc-8gl-13120232/
Gainward GeForce RTX 4070 Ghost 12GB GDDR6,Asus,Asus RTX 4070 Ti Super 16GB Dual,8.0,105.0,"3 317,99 zł",GeForce RTX 4070,269 mm,269 mm,2475 MHz,471056224-4724,DUAL-RTX4070TIS-O16G,21854.0,https://images.morele.net/i256/14182449_0_i256.jpg,https://www.morele.net/karta-graficzna-gainward-geforce-rtx-4070-ghost-12gb-gddr6-471056224-4724-14182449/
AFOX Radeon RX 5500 XT 8GB GDDR6,AMD,RX 5500-XT,134.0,21.2,"788,92 zł",Radeon RX 5500 XT,Brak danych,Brak danych,1845 MHz,AFRX5500XT-8GD6H7,,111383.0,https://images.morele.net/i256/9624378_1_i256.jpg,https://www.morele.net/karta-graficzna-afox-radeon-rx-5500-xt-8gb-gddr6-afrx5500xt-8gd6h7-9624378/
Gigabyte GeForce RTX 3060 Gaming OC 8GB GDDR6,MSI,MSI RTX 3060 Ti 8GB Ventus 2X OC,45.0,53.6,1 199 zł,GeForce RTX 3060,198 mm,198 mm,1807 MHz,GV-N3060GAMING OC-8GD 2.0,RTX 3060 Ti Ventus 2X 8G OCV1 LHR,669798.0,https://images.morele.net/i256/13056910_0_i256.jpg,https://www.morele.net/karta-graficzna-gigabyte-geforce-rtx-3060-gaming-oc-8gb-gddr6-gv-n3060gaming-oc-8gd-2-0-13056910/
ASRock Radeon RX 6600 Challenger White 8GB GDDR6,ASRock,ASRock RX 6600 XT 8GB Challenger D OC,66.0,45.3,"953,99 zł",Radeon RX 6600,269 mm,269 mm,2491 MHz,RX6600 CLW 8G,‎90-GA2TZZ-00UANF,31780.0,https://images.morele.net/i256/13126220_0_i256.jpg,https://www.morele.net/karta-graficzna-asrock-radeon-rx-6600-challenger-white-8gb-gddr6-rx6600-clw-8g-13126220/
ASRock Radeon RX 6500 XT Phantom Gaming D OC 4GB GDDR6,Sapphire,Sapphire RX 6500 XT 4GB Pulse,137.0,21.1,"672,70 zł",Radeon RX 6500 XT,240 mm,240 mm,Brak danych,RX6500XT PGD 4GO,‎11314-01-20G,2415.0,https://images.morele.net/i256/9858876_0_i256.jpg,https://www.morele.net/karta-graficzna-asrock-radeon-rx-6500-xt-phantom-gaming-d-oc-4gb-gddr6-rx6500xt-pgd-4go-9858876/
PNY GeForce RTX 4070 SUPER XLR8 Gaming Verto Epic-X RGB OC 12GB GDDR6X,MSI,MSI RTX 4070 Ti Super 16GB Ventus 3X,8.0,105.0,"3 226,94 zł",GeForce RTX 4070 Super,305 mm,305 mm,2505 MHz,VCG4070S12TFXXPB1-O,RTX 4070 Ti SUPER 16G VENTUS 3X OC,21854.0,https://images.morele.net/i256/13168100_10_i256.jpg,https://www.morele.net/karta-graficzna-pny-geforce-rtx-4070-super-xlr8-gaming-verto-epic-x-rgb-oc-12gb-gddr6x-vcg4070s12tfxxpb1-o-13168100/
Gigabyte GeForce RTX 3060 Gaming OC 12G,MSI,MSI RTX 3060 Ti 8GB Gaming X,45.0,53.6,1 267 zł,GeForce RTX 3060,282 mm,282 mm,1837 MHz,GV-N3060GAMING OC-12GD 2.0,GeForce RTX 3060 Ti GAMING X 8G LHR,669798.0,https://images.morele.net/i256/5948081_0_i256.jpg,https://www.morele.net/karta-graficzna-gigabyte-geforce-rtx-3060-gaming-oc-12g-gv-n3060gaming-oc-12gd-2-0-5948081/
MSI GeForce RTX 4080 SUPER Ventus 3X OC 16GB GDDR6X,Zotac,Zotac RTX 4080 Super 16GB Amp Airo,4.0,126.0,,GeForce RTX 4080 Super,322 mm,322 mm,2595 MHz,,ZT-D40820B-10P,17475.0,https://images.morele.net/i256/13166818_0_i256.jpg,https://www.morele.net/karta-graficzna-msi-geforce-rtx-4080-super-ventus-3x-oc-16gb-gddr6x-13166818/
MSI GeForce RTX 3060 Ventus 2X OC 12GB GDDR6,Nvidia,RTX 3060,71.0,42.0,"1 261,17 zł",GeForce RTX 3060,235 mm,235 mm,1807 MHz,,,779364.0,https://images.morele.net/i256/5946240_0_i256.jpg,https://www.morele.net/karta-graficzna-msi-geforce-rtx-3060-ventus-2x-oc-12gb-gddr6-5946240/
ASRock Radeon RX 6600 Challenger D 8GB GDDR6,XFX,XFX RX 6600 XT 8GB Speedster SWFT 210,66.0,45.3,919 zł,Radeon RX 6600,269 mm,269 mm,2491 MHz,RX6600 CLD 8G,RX-66XT8DFDQ,31780.0,https://images.morele.net/i256/9295825_0_i256.jpg,https://www.morele.net/karta-graficzna-asrock-radeon-rx-6600-challenger-d-8gb-gddr6-rx6600-cld-8g-9295825/
PNY GeForce RTX 4070 SUPER Verto OC Dual Fan 12GB GDDR6X,Nvidia,RTX 4070-Ti,9.0,101.0,2 899 zł,GeForce RTX 4070 Super,247 mm,247 mm,2490 MHz,VCG4070S12DFXPB1-O,,120180.0,https://images.morele.net/i256/13168101_10_i256.jpg,https://www.morele.net/karta-graficzna-pny-geforce-rtx-4070-super-verto-oc-dual-fan-12gb-gddr6x-vcg4070s12dfxpb1-o-13168101/
Gigabyte GeForce RTX 3060 Windforce OC LHR 12GB GDDR6,Gigabyte,Gigabyte RTX 3060 12GB Eagle OC,71.0,42.0,1 239 zł,GeForce RTX 3060,198 mm,198 mm,1792 MHz,GV-N3060WF2OC-12GD 2.0,GV-N3060EAGLE OC-12GD REV2.0,779364.0,https://images.morele.net/i256/12819699_1_i256.jpg,https://www.morele.net/karta-graficzna-gigabyte-geforce-rtx-3060-windforce-oc-lhr-12gb-gddr6-gv-n3060wf2oc-12gd-2-0-12819699/
ASRock Radeon RX 6800 XT Phantom Gaming OC 16GB GDDR6,AMD,RX 6800,37.0,60.5,2 199 zł,Radeon RX 6800 XT,330 mm,330 mm,2310 MHz,RX6800XT PG 16GO,,9444.0,https://images.morele.net/i256/12888106_0_i256.jpg,https://www.morele.net/karta-graficzna-asrock-radeon-rx-6800-xt-phantom-gaming-oc-16gb-gddr6-rx6800xt-pg-16go-12888106/
PNY RTX A6000 48GB GDDR6 BOX,Nvidia,Quadro RTX A6000,26.0,74.2,"26 170,07 zł",RTX A6000,268 mm,268 mm,1860 MHz,VCNRTXA6000-SB,,1.0,https://images.morele.net/i256/8392683_0_i256.jpg,https://www.morele.net/karta-graficzna-pny-rtx-a6000-48gb-gddr6-box-vcnrtxa6000-sb-8392683/
Lenovo Quadro K5200 8GB GDDR5,Nvidia,Quadro K5200,179.0,13.0,3 025 zł,Quadro K5200,267 mm,267 mm,Brak danych,4X60G69025,,2084.0,https://images.morele.net/i256/827701_1_i256.jpg,https://www.morele.net/karta-graficzna-lenovo-quadro-k5200-8gb-gddr5-4x60g69025-827701/
Dell Quadro P1000 4GB GDDR5,Nvidia,Quadro P1000,200.0,10.1,"1 667,57 zł",Quadro P1000,145 mm,145 mm,1455 MHz,490-BDXN,,11807.0,https://images.morele.net/i256/6450528_0_i256.jpg,https://www.morele.net/karta-graficzna-dell-quadro-p1000-4gb-gddr5-490-bdxn-6450528/
Acer Nitro Arc B580 OC 12GB GDDR6,Intel,Arc B580,63.0,46.1,"1 505,95 zł",Arc B580,268 mm,268 mm,2740 MHz,DP.Z4BWW.P01,,529.0,https://images.morele.net/i256/14499178_9_i256.jpg,https://www.morele.net/karta-graficzna-acer-nitro-arc-b580-oc-12gb-gddr6-dp-z4bww-p01-14499178/
Sparkle Arc A770 ROC Black 16GB GDDR6,Intel,Arc A770,64.0,46.1,"1 410,64 zł",,,,,SA770R-16GOC,,11272.0,https://images.morele.net/i256/13273511_1_i256.jpg,https://www.morele.net/karta-graficzna-sparkle-arc-a770-roc-black-16gb-gddr6-sa770r-16goc-13273511/
AFOX Radeon RX 570 8GB GDDR5,AMD,RX 570,146.0,18.6,"1 250,25 zł",Radeon RX 570,Brak danych,Brak danych,1255 MHz,AFRX570-8192D5H5,,657949.0,https://images.morele.net/i256/6535582_0_i256.jpg,https://www.morele.net/karta-graficzna-afox-radeon-rx-570-8gb-gddr5-afrx570-8192d5h5-6535582/
Acer Nitro Intel Arc B570 OC Arc B570 10 GB GDDR6,Intel,Arc B570,72.0,41.7,"1 226,49 zł",,10 GB,10 GB,,,,1.0,https://images.morele.net/i256/14499174_0_i256.jpg,https://www.morele.net/acer-nitro-intel-arc-b570-oc-arc-b570-10-gb-gddr6-14499174/
Asrock A750 CL SE 8GO Intel Arc A750 8 GB GDDR6,Intel,Arc A750,74.0,41.6,"1 043,99 zł",,8 GB,8 GB,,,,8729.0,https://images.morele.net/i256/14644909_0_i256.jpg,https://www.morele.net/asrock-a750-cl-se-8go-intel-arc-a750-8-gb-gddr6-14644909/
Dell Quadro P400 2GB GDDR5,Nvidia,Quadro P4000,115.0,28.2,"1 020,74 zł",Quadro P400,145 mm,145 mm,1170 MHz,490-BDZY,,19350.0,https://images.morele.net/i256/7173774_3_i256.jpg,https://www.morele.net/karta-graficzna-dell-quadro-p400-2gb-gddr5-490-bdzy-7173774/
Sparkle Arc A580 Orc OC Edition 8GB GDDR6,Intel,Arc A580,89.0,36.5,"1 124,84 zł",Arc A580,222 mm,222 mm,2000 MHz,SA580C-8GOC,,266.0,https://images.morele.net/i256/13174202_0_i256.jpg,https://www.morele.net/karta-graficzna-sparkle-arc-a580-orc-oc-edition-8gb-gddr6-sa580c-8goc-13174202/
AFOX Radeon RX 550 4GB GDDR5,AMD,RX 550,245.0,5.95,"769,92 zł",Radeon RX 550,Brak danych,Brak danych,Brak danych,AFRX550-4096D5H4,,113570.0,https://images.morele.net/i256/6535579_1_i256.jpg,https://www.morele.net/karta-graficzna-afox-radeon-rx-550-4gb-gddr5-afrx550-4096d5h4-6535579/
Biostar Radeon RX 580 White 2048SP,AMD,RX 580,132.0,21.5,"575,49 zł",Radeon RX 580,224 mm,224 mm,1244 MHz,VA5825RQ82,,1236994.0,https://images.morele.net/i256/14438031_0_i256.jpg,https://www.morele.net/karta-graficzna-biostar-radeon-rx-580-white-2048sp-va5825rq82-14438031/
Inno3D GeForce GT 1030 2GB GDDR5,Nvidia,GT 1030,252.0,5.71,"354,44 zł",GeForce GT 1030,167 mm,167 mm,1468 MHz,N1030-1SDV-E5BL,,250236.0,https://images.morele.net/i256/1329092_0_i256.jpg,https://www.morele.net/karta-graficzna-inno3d-geforce-gt-1030-2gb-gddr5-n1030-1sdv-e5bl-1329092/
Asus GeForce GT 730 2GB GDDR5,Nvidia,GeForce GT 730,357.0,1.99,"320,32 zł",GeForce GT 730,145 mm,145 mm,Nie dotyczy,GT730-SL-2GD5-BRK,,237240.0,https://images.morele.net/i256/845530_5_i256.jpeg,https://www.morele.net/karta-graficzna-asus-geforce-gt-730-2gb-gddr5-gt730-sl-2gd5-brk-845530/
AFOX GeForce GT 420 4GB DDR3,Nvidia,GeForce GT 420,421.0,0.72,"308,99 zł",GeForce GT 420,Brak danych,Brak danych,Brak danych,AF420-4096D3L2,,10536.0,https://images.morele.net/i256/8549173_0_i256.jpg,https://www.morele.net/karta-graficzna-afox-geforce-gt-420-4gb-ddr3-af420-4096d3l2-8549173/
AFOX GeForce GT 710 2GB DDR3,Nvidia,GeForce GT 710,379.0,1.45,"251,95 zł",GeForce GT 710,Brak danych,Brak danych,Nie dotyczy,AF710-2048D3L5-V3,,252618.0,https://images.morele.net/i256/10155834_0_i256.jpg,https://www.morele.net/karta-graficzna-afox-geforce-gt-710-2gb-ddr3-af710-2048d3l5-v3-10155834/
AFOX Radeon HD 6450 2GB DDR3,AMD,Radeon HD 6450,424.0,0.71,"176,64 zł",Radeon HD6450,168 mm,168 mm,Nie dotyczy,AF6450-2048D3L5,,10286.0,https://images.morele.net/i256/7597400_1_i256.jpg,https://www.morele.net/karta-graficzna-afox-radeon-hd-6450-2gb-ddr3-af6450-2048d3l5-7597400/
AFOX Radeon R5 230 1GB DDR3,AMD,Radeon R5,407.0,0.89,"174,71 zł",Radeon R5 230,Brak danych,Brak danych,Nie dotyczy,AFR5230-1024D3L4,,13191.0,https://images.morele.net/i256/12304532_0_i256.jpg,https://www.morele.net/karta-graficzna-afox-radeon-r5-230-1gb-ddr3-afr5230-1024d3l4-12304532/
AFOX GeForce GT 610 2GB GDDR3,Nvidia,GeForce GT 610,423.0,0.71,"172,22 zł",GeForce GT 610,Brak danych,Brak danych,1333 MHz,AF610-2048D3L7-V8,,85540.0,https://images.morele.net/i256/12194743_0_i256.jpg,https://www.morele.net/karta-graficzna-afox-geforce-gt-610-2gb-gddr3-af610-2048d3l7-v8-12194743/
AFOX GeForce 210 512MB DDR3,Nvidia,GeForce 210,439.0,0.37,"124,75 zł",GeForce GT 210,Brak danych,Brak danych,Nie dotyczy,AF210-512D3L3-V2,,100222.0,https://images.morele.net/i256/12242927_0_i256.jpg,https://www.morele.net/karta-graficzna-afox-geforce-210-512mb-ddr3-af210-512d3l3-v2-12242927/
AFOX Radeon RX 560 4GB GDDR5,AMD,RX 560,207.0,9.19,523 zł,Radeon RX 560,Brak danych,Brak danych,1275 MHz,AFRX560-4096D5H4-V2,,84432.0,https://images.morele.net/i256/12242925_0_i256.jpg,https://www.morele.net/karta-graficzna-afox-radeon-rx-560-4gb-gddr5-afrx560-4096d5h4-v2-12242925/
AFOX GeForce GT 240 1GB DDR3,Nvidia,GeForce GT 240,369.0,1.56,"145,90 zł",GeForce GT 240,Brak danych,Brak danych,Nie dotyczy,AF240-1024D3L2-V2,,12035.0,https://images.morele.net/i256/13173317_0_i256.jpg,https://www.morele.net/karta-graficzna-afox-geforce-gt-240-1gb-ddr3-af240-1024d3l2-v2-13173317/
AFOX Radeon HD 5450 1GB DDR3,AMD,Radeon HD 5450,436.0,0.43,"141,86 zł",Radeon HD5450,168 mm,168 mm,Nie dotyczy,AF5450-1024D3L5,,21958.0,https://images.morele.net/i256/6895019_1_i256.jpg,https://www.morele.net/karta-graficzna-afox-radeon-hd-5450-1gb-ddr3-af5450-1024d3l5-6895019/
AFOX GeForce GT 220 1GB GDDR3,Nvidia,GeForce GT 220,406.0,0.94,"144,93 zł",GeForce GT 220,Brak danych,Brak danych,Brak danych,AF220-1024D3L2,,19945.0,https://images.morele.net/i256/8224557_0_i256.jpg,https://www.morele.net/karta-graficzna-afox-geforce-gt-220-1gb-gddr3-af220-1024d3l2-8224557/
Biostar Radeon RX 560 Gaming OC 4GB GDDR5,AMD,Radeon RX 560-B,223.0,8.16,"497,28 zł",Radeon RX 560,Brak danych,Brak danych,Brak danych,VA5615RF41-TBE1A-BS2,,72974.0,https://images.morele.net/i256/5946478_0_i256.jpg,https://www.morele.net/karta-graficzna-biostar-radeon-rx-560-gaming-oc-4gb-gddr5-va5615rf41-tbe1a-bs2-5946478/
Sparkle Arc A380 Elf 6GB GDDR6,Intel,Arc A380,151.0,17.6,"559,32 zł",Arc A380,153 mm,153 mm,Nie dotyczy,SA380E-6G,,644.0,https://images.morele.net/i256/13118012_0_i256.jpg,https://www.morele.net/karta-graficzna-sparkle-arc-a380-elf-6gb-gddr6-sa380e-6g-13118012/
AFOX GeForce GTX 750 Ti 2GB GDDR5,Nvidia,GTX 750,243.0,6.17,"253,05 zł",GeForce GTX 750 Ti,Brak danych,Brak danych,1085 MHz,AF750TI-2048D5H5-V8,,105670.0,https://images.morele.net/i256/6535581_0_i256.jpg,https://www.morele.net/karta-graficzna-afox-geforce-gtx-750-ti-2gb-gddr5-af750ti-2048d5h5-v8-6535581/
AMD Radeon Instinct MI210 64GB HBM2e,,AMD Radeon Instinct MI210 64GB HBM2e,439.0,0.37,"45 100,74 zł",Radeon Instinct MI210,267 mm,267 mm,1700 MHz,100-300000008H,,,https://images.morele.net/i256/13115801_0_i256.jpg,https://www.morele.net/karta-graficzna-amd-radeon-instinct-mi210-64gb-hbm2e-100-300000008h-13115801/
NVIDIA RTX 6000 Ada Generation 48GB GDDR6,,NVIDIA RTX 6000 Ada Generation 48GB GDDR6,31.0,67.3,"32 801,11 zł",RTX 6000 Ada Generation,268 mm,268 mm,2500 MHz,900-5G133-2550-000,,,https://images.morele.net/i256/13173113_1_i256.jpg,https://www.morele.net/karta-graficzna-nvidia-rtx-6000-ada-generation-48gb-gddr6-900-5g133-2550-000-13173113/
PNY RTX 5000 Ada Generation 32GB GDDR6,,PNY RTX 5000 Ada Generation 32GB GDDR6,41.0,54.6,"19 973,59 zł",,,,,VCNRTX5000ADA-PB,,,https://images.morele.net/i256/13114161_1_i256.jpg,https://www.morele.net/karta-graficzna-pny-rtx-5000-ada-generation-32gb-gddr6-vcnrtx5000ada-pb-13114161/
Asus ROG Astral LC GeForce RTX 5090 OC 32GB GDDR7 DLSS4,,Asus ROG Astral LC GeForce RTX 5090 OC 32GB GDDR7 DLSS4,1.0,183.0,15 999 zł,GeForce RTX 5090,289 mm,289 mm,Brak danych,ROG-ASTRAL-LC-RTX5090-O32G-GAMING,,,https://images.morele.net/i256/14499245_0_i256.jpg,https://www.morele.net/karta-graficzna-asus-rog-astral-lc-geforce-rtx-5090-oc-32gb-gddr7-dlss4-rog-astral-lc-rtx5090-o32g-gaming-14499245/
Gigabyte AORUS GeForce RTX 5090 Xtreme Waterforce 32GB GDDR7,,Gigabyte AORUS GeForce RTX 5090 Xtreme Waterforce 32GB GDDR7,1.0,183.0,14 999 zł,GeForce RTX 5090,245 mm,245 mm,2655 MHz,GV-N5090AORUSX W-32GD,,,https://images.morele.net/i256/14485483_7_i256.jpg,https://www.morele.net/karta-graficzna-gigabyte-aorus-geforce-rtx-5090-xtreme-waterforce-32gb-gddr7-gv-n5090aorusx-w-32gd-14485483/
Gigabyte AORUS GeForce RTX 5090 Master ICE 32GB GDDR7,,Gigabyte AORUS GeForce RTX 5090 Master ICE 32GB GDDR7,1.0,183.0,14 599 zł,GeForce RTX 5090,360 mm,360 mm,2655 MHz,GV-N5090AORUSM ICE-32GD,,,https://images.morele.net/i256/14485557_9_i256.jpg,https://www.morele.net/karta-graficzna-gigabyte-aorus-geforce-rtx-5090-master-ice-32gb-gddr7-gv-n5090aorusm-ice-32gd-14485557/
Gigabyte AORUS GeForce RTX 5090 Master 32GB GDDR7,,Gigabyte AORUS GeForce RTX 5090 Master 32GB GDDR7,1.0,183.0,"14 553,99 zł",GeForce RTX 5090,360 mm,360 mm,2655 MHz,GV-N5090AORUS M-32GD,,,https://images.morele.net/i256/14485559_9_i256.jpg,https://www.morele.net/karta-graficzna-gigabyte-aorus-geforce-rtx-5090-master-32gb-gddr7-gv-n5090aorus-m-32gd-14485559/
Inno3D GeForce RTX 5090 X3 32GB GDDR7 DLSS4,,Inno3D GeForce RTX 5090 X3 32GB GDDR7 DLSS4,1.0,183.0,"14 455,10 zł",GeForce RTX 5090,333 mm,333 mm,2407 MHz,N50903-32D7-17593928,,,https://images.morele.net/i256/14520192_2_i256.jpg,https://www.morele.net/karta-graficzna-inno3d-geforce-rtx-5090-x3-32gb-gddr7-dlss4-n50903-32d7-17593928-14520192/
Gainward GeForce RTX 5090 Phantom GS NVIDIA 32 GB GDDR7,,Gainward GeForce RTX 5090 Phantom GS NVIDIA 32 GB GDDR7,1.0,183.0,"14 042,99 zł",,,,,,,,https://images.morele.net/i256/14878559_0_i256.jpg,https://www.morele.net/gainward-geforce-rtx-5090-phantom-gs-nvidia-32-gb-gddr7-14878559/
Palit GeForce RTX 5090 GameRock 32GB GDDR7 DLSS4,,Palit GeForce RTX 5090 GameRock 32GB GDDR7 DLSS4,1.0,183.0,13 499 zł,GeForce RTX 5090,332 mm,332 mm,2407 MHz,NE75090019R5-GB2020G,,,https://images.morele.net/i256/14744924_9_i256.jpg,https://www.morele.net/karta-graficzna-palit-geforce-rtx-5090-gamerock-32gb-gddr7-dlss4-ne75090019r5-gb2020g-14744924/
Asus TUF Gaming GeForce RTX 5090 OC 32GB GDDR7,,Asus TUF Gaming GeForce RTX 5090 OC 32GB GDDR7,1.0,183.0,13 299 zł,GeForce RTX 5090,348 mm,348 mm,2580 MHz,TUF-RTX5090-O32G-GAMING,,,https://images.morele.net/i256/14730224_9_i256.jpg,https://www.morele.net/karta-graficzna-asus-tuf-gaming-geforce-rtx-5090-oc-32gb-gddr7-tuf-rtx5090-o32g-gaming-14730224/
PNY GeForce RTX 5090 Overclocked,,PNY GeForce RTX 5090 Overclocked,1.0,183.0,"13 263,90 zł",GeForce RTX 5090,329 mm,329 mm,2410 MHz,VCG509032TFXPB1-O,,,https://images.morele.net/i256/14481801_0_i256.jpg,https://www.morele.net/karta-graficzna-pny-geforce-rtx-5090-overclocked-vcg509032tfxpb1-o-14481801/
MSI GeForce RTX 5090 Gaming Trio OC 32GB GDDR7,,MSI GeForce RTX 5090 Gaming Trio OC 32GB GDDR7,1.0,183.0,"12 979,99 zł",GeForce RTX 5090,359 mm,359 mm,2497 MHz,,,,https://images.morele.net/i256/14471823_1_i256.jpg,https://www.morele.net/karta-graficzna-msi-geforce-rtx-5090-gaming-trio-oc-32gb-gddr7-14471823/
Lenovo RTX 4000 Ada Generation 20GB GDDR6,,Lenovo RTX 4000 Ada Generation 20GB GDDR6,77.0,40.5,"6 860,77 zł",RTX 4000 Ada Generation,245 mm,245 mm,2175 MHz,4X61P39479,,,https://images.morele.net/i256/13341085_1_i256.jpg,https://www.morele.net/karta-graficzna-lenovo-rtx-4000-ada-generation-20gb-gddr6-4x61p39479-13341085/
Gigabyte AORUS GeForce RTX 5080 Master ICE 16GB GDDR7,,Gigabyte AORUS GeForce RTX 5080 Master ICE 16GB GDDR7,3.0,139.0,"6 779,02 zł",GeForce RTX 5080,360 mm,360 mm,2805 MHz,GV-N5080AORUSM ICE-16GD,,,https://images.morele.net/i256/14485971_9_i256.jpg,https://www.morele.net/karta-graficzna-gigabyte-aorus-geforce-rtx-5080-master-ice-16gb-gddr7-gv-n5080aorusm-ice-16gd-14485971/
PNY RTX 4000 SSF Ada Generation 20GB GDDR6,,PNY RTX 4000 SSF Ada Generation 20GB GDDR6,77.0,40.5,"6 654,94 zł",,,,,VCNRTX4000ADALP-PB,,,https://images.morele.net/i256/13114165_1_i256.jpg,https://www.morele.net/karta-graficzna-pny-rtx-4000-ssf-ada-generation-20gb-gddr6-vcnrtx4000adalp-pb-13114165/
PNY RTX 4000 Ada Generation 20GB GDDR6,,PNY RTX 4000 Ada Generation 20GB GDDR6,77.0,40.5,"6 490,83 zł",,,,,VCNRTX4000ADA-PB,,,https://images.morele.net/i256/13119829_1_i256.jpg,https://www.morele.net/karta-graficzna-pny-rtx-4000-ada-generation-20gb-gddr6-vcnrtx4000ada-pb-13119829/
PNY GeForce RTX 5080 ARGB EPIC-X RGB Overclocked 16GB GDDR7,,PNY GeForce RTX 5080 ARGB EPIC-X RGB Overclocked 16GB GDDR7,3.0,139.0,"6 460,67 zł",GeForce RTX 5080,329 mm,329 mm,2620 MHz,VCG508016TFXXPB1-O,,,https://images.morele.net/i256/14481802_0_i256.jpg,https://www.morele.net/karta-graficzna-pny-geforce-rtx-5080-argb-epic-x-rgb-overclocked-16gb-gddr7-vcg508016tfxxpb1-o-14481802/
VGA Man GeForce RTX 5080 16GB Gallardo OC,,VGA Man GeForce RTX 5080 16GB Gallardo OC,3.0,139.0,"6 380,97 zł",,,,,,,,https://images.morele.net/i256/14917301_0_i256.jpg,https://www.morele.net/vga-man-geforce-rtx-5080-16gb-gallardo-oc-14917301/
"INNO3D GeForce RTX 5080 X3 OC White, 16384 MB GDDR7",,"INNO3D GeForce RTX 5080 X3 OC White, 16384 MB GDDR7",3.0,139.0,"6 262,47 zł",,,,,,,,https://images.morele.net/i256/14483826_0_i256.jpg,https://www.morele.net/inno3d-geforce-rtx-5080-x3-oc-white-16384-mb-gddr7-14483826/
Zotac Gaming GeForce RTX 5080 SOLID 16GB GDDR7,,Zotac Gaming GeForce RTX 5080 SOLID 16GB GDDR7,3.0,139.0,"6 205,48 zł",,,,,ZT-B50800D-10P,,,https://images.morele.net/i256/14486091_0_i256.jpg,https://www.morele.net/karta-graficzna-zotac-gaming-geforce-rtx-5080-solid-16gb-gddr7-zt-b50800d-10p-14486091/
Inno3D GeForce RTX 5080 X3 16GB GDDR7 DLSS4,,Inno3D GeForce RTX 5080 X3 16GB GDDR7 DLSS4,3.0,139.0,6 158 zł,,,,,N50803-16D7-176068N,,,https://images.morele.net/i256/14483821_2_i256.jpg,https://www.morele.net/karta-graficzna-inno3d-geforce-rtx-5080-x3-16gb-gddr7-dlss4-n50803-16d7-176068n-14483821/
NVIDIA RTX 4000 Ada Generation 20GB GDDR6,,NVIDIA RTX 4000 Ada Generation 20GB GDDR6,77.0,40.5,"7 016,38 zł",RTX 4000 Ada Generation,245 mm,245 mm,2175 MHz,900-5G190-2570-000,,,https://images.morele.net/i256/14069020_0_i256.jpg,https://www.morele.net/karta-graficzna-nvidia-rtx-4000-ada-generation-20gb-gddr6-900-5g190-2570-000-14069020/
PNY GeForce RTX 5080 Overclocked 16GB GDDR7,,PNY GeForce RTX 5080 Overclocked 16GB GDDR7,3.0,139.0,"6 002,53 zł",GeForce RTX 5080,329 mm,329 mm,2620 MHz,VCG508016TFXPB1-O,,,https://images.morele.net/i256/14481803_0_i256.jpg,https://www.morele.net/karta-graficzna-pny-geforce-rtx-5080-overclocked-16gb-gddr7-vcg508016tfxpb1-o-14481803/
Gigabyte GeForce RTX 5080 Windforce OC SFF 16GB GDDR7,,Gigabyte GeForce RTX 5080 Windforce OC SFF 16GB GDDR7,3.0,139.0,"5 974,29 zł",GeForce RTX 5080,304 mm,304 mm,2670 MHz,GV-N5080WF3OC-16GD,,,https://images.morele.net/i256/14485977_8_i256.jpg,https://www.morele.net/karta-graficzna-gigabyte-geforce-rtx-5080-windforce-oc-sff-16gb-gddr7-gv-n5080wf3oc-16gd-14485977/
Zotac RTX 5080 Solid Core               16GB GDDR7 HDMI 3xDP,,Zotac RTX 5080 Solid Core               16GB GDDR7 HDMI 3xDP,3.0,139.0,"5 878,99 zł",,16 GB,16 GB,,,,,https://images.morele.net/i256/14828026_0_i256.jpg,https://www.morele.net/zotac-rtx-5080-solid-core-16gb-gddr7-hdmi-3xdp-14828026/
Inno3D GeForce RTX 5080 X3 OC 16GB GDDR7 DLSS4,,Inno3D GeForce RTX 5080 X3 OC 16GB GDDR7 DLSS4,3.0,139.0,"5 779,50 zł",,,,,N50803-16D7X-17603930,,,https://images.morele.net/i256/14483827_2_i256.jpg,https://www.morele.net/karta-graficzna-inno3d-geforce-rtx-5080-x3-oc-16gb-gddr7-dlss4-n50803-16d7x-17603930-14483827/
Gigabyte GeForce RTX 5080 Aero OC SFF 16GB GDDR7,,Gigabyte GeForce RTX 5080 Aero OC SFF 16GB GDDR7,3.0,139.0,5 749 zł,GeForce RTX 5080,304 mm,304 mm,2730 MHz,GV-N5080AERO OC-16GD,,,https://images.morele.net/i256/14485975_8_i256.jpg,https://www.morele.net/karta-graficzna-gigabyte-geforce-rtx-5080-aero-oc-sff-16gb-gddr7-gv-n5080aero-oc-16gd-14485975/
RTX 5080 16GB Zotac Gaming Solid Core OC GDDR7 3Fan,,RTX 5080 16GB Zotac Gaming Solid Core OC GDDR7 3Fan,3.0,139.0,"5 615,59 zł",,16 GB,16 GB,,,,,https://images.morele.net/i256/14791480_0_i256.jpg,https://www.morele.net/rtx-5080-16gb-zotac-gaming-solid-core-oc-gddr7-3fan-14791480/
INNO3D GeForce RTX 5080 X3 GAMING OC 16GB GDDR7 3xDP+HDMI,,INNO3D GeForce RTX 5080 X3 GAMING OC 16GB GDDR7 3xDP+HDMI,3.0,139.0,"5 593,97 zł",,,,,,,,https://images.morele.net/i256/14796764_0_i256.jpg,https://www.morele.net/inno3d-geforce-rtx-5080-x3-gaming-oc-16gb-gddr7-3xdp-hdmi-14796764/
Asus ROG Strix GeForce RTX 5070 Ti OC 16GB GDDR7 DLSS4,,Asus ROG Strix GeForce RTX 5070 Ti OC 16GB GDDR7 DLSS4,6.0,120.0,"5 460,98 zł",GeForce RTX 5070 Ti,332 mm,332 mm,2625 MHz,ROG-STRIX-RTX5070TI-O16G-GAMING,,,https://images.morele.net/i256/14895845_7_i256.jpg,https://www.morele.net/karta-graficzna-asus-rog-strix-geforce-rtx-5070-ti-oc-16gb-gddr7-dlss4-rog-strix-rtx5070ti-o16g-gaming-14895845/
Inno3D GeForce RTX 5070 Ti X3 16GB GDDR7,,Inno3D GeForce RTX 5070 Ti X3 16GB GDDR7,6.0,120.0,"5 118,99 zł",,,,,N507T3-16D7-176068N,,,https://images.morele.net/i256/14702206_2_i256.jpg,https://www.morele.net/karta-graficzna-inno3d-geforce-rtx-5070-ti-x3-16gb-gddr7-n507t3-16d7-176068n-14702206/
Palit GeForce RTX 5070 Ti GamingPro V1 OC 16GB GDDR7 DLSS4,,Palit GeForce RTX 5070 Ti GamingPro V1 OC 16GB GDDR7 DLSS4,6.0,120.0,"4 769,01 zł",,,,,NE7507TS19T2-GB2031Y,,,https://images.morele.net/i256/14852283_9_i256.jpg,https://www.morele.net/karta-graficzna-palit-geforce-rtx-5070-ti-gamingpro-v1-oc-16gb-gddr7-dlss4-ne7507ts19t2-gb2031y-14852283/
VGA Man GeForce RTX 5070 TI 16GB Stellar OC,,VGA Man GeForce RTX 5070 TI 16GB Stellar OC,6.0,120.0,"4 744,27 zł",,,,,,,,https://images.morele.net/i256/14917306_0_i256.jpg,https://www.morele.net/vga-man-geforce-rtx-5070-ti-16gb-stellar-oc-14917306/
RTX 5070 Ti 16GB Manli Polar Fox OC 3 Fan,,RTX 5070 Ti 16GB Manli Polar Fox OC 3 Fan,6.0,120.0,"4 505,70 zł",,,,,,,,https://images.morele.net/i256/14939654_0_i256.jpg,https://www.morele.net/rtx-5070-ti-16gb-manli-polar-fox-oc-3-fan-14939654/
Inno3D GeForce RTX 5070 Ti X3 OC White 16GB GDDR7 DLSS4,,Inno3D GeForce RTX 5070 Ti X3 OC White 16GB GDDR7 DLSS4,6.0,120.0,"4 469,99 zł",,,,,N507T3-16D7X-176068W,,,https://images.morele.net/i256/14702207_2_i256.jpg,https://www.morele.net/karta-graficzna-inno3d-geforce-rtx-5070-ti-x3-oc-white-16gb-gddr7-dlss4-n507t3-16d7x-176068w-14702207/
Palit GeForce RTX 5070 Ti GameRock 16GB GDDR7 DLSS4,,Palit GeForce RTX 5070 Ti GameRock 16GB GDDR7 DLSS4,6.0,120.0,4 469 zł,,,,,NE7507T019T2-GB2030G,,,https://images.morele.net/i256/14764710_9_i256.jpg,https://www.morele.net/karta-graficzna-palit-geforce-rtx-5070-ti-gamerock-16gb-gddr7-dlss4-ne7507t019t2-gb2030g-14764710/
Palit GeForce RTX 5070 Ti GameRock OC 16GB GDDR7 DLSS4,,Palit GeForce RTX 5070 Ti GameRock OC 16GB GDDR7 DLSS4,6.0,120.0,4 349 zł,,,,,NE7507TH19T2-GB2030G,,,https://images.morele.net/i256/14731806_0_i256.jpg,https://www.morele.net/karta-graficzna-palit-geforce-rtx-5070-ti-gamerock-oc-16gb-gddr7-dlss4-ne7507th19t2-gb2030g-14731806/
Gainward RTX5070Ti Phoenix GS V1 16GB GDDR7 HDMI 3xDP,,Gainward RTX5070Ti Phoenix GS V1 16GB GDDR7 HDMI 3xDP,6.0,120.0,4 305 zł,,16 GB,16 GB,,,,,https://images.morele.net/i256/14881446_0_i256.jpg,https://www.morele.net/gainward-rtx5070ti-phoenix-gs-v1-16gb-gddr7-hdmi-3xdp-14881446/
Zotac GAMING GeForce RTX 5070 Ti SOLID SFF OC NVIDIA 16 GB GDDR7,,Zotac GAMING GeForce RTX 5070 Ti SOLID SFF OC NVIDIA 16 GB GDDR7,6.0,120.0,"4 151,18 zł",,16 GB,16 GB,,,,,https://images.morele.net/i256/14844559_0_i256.jpg,https://www.morele.net/zotac-gaming-geforce-rtx-5070-ti-solid-sff-oc-nvidia-16-gb-gddr7-14844559/
Gigabyte GeForce RTX 5070 Ti Windforce SFF 16GB GDDR7 DLSS4,,Gigabyte GeForce RTX 5070 Ti Windforce SFF 16GB GDDR7 DLSS4,6.0,120.0,3 949 zł,,,,,GV-N507TWF3-16GD,,,https://images.morele.net/i256/14731792_0_i256.jpg,https://www.morele.net/karta-graficzna-gigabyte-geforce-rtx-5070-ti-windforce-sff-16gb-gddr7-dlss4-gv-n507twf3-16gd-14731792/
Palit GeForce RTX 5070 Ti GamingPro V1 16GB GDDR7 DLSS4,,Palit GeForce RTX 5070 Ti GamingPro V1 16GB GDDR7 DLSS4,6.0,120.0,"4 098,82 zł",,,,,NE7507T019T2-GB2031Y,,,https://images.morele.net/i256/14852284_9_i256.jpg,https://www.morele.net/karta-graficzna-palit-geforce-rtx-5070-ti-gamingpro-v1-16gb-gddr7-dlss4-ne7507t019t2-gb2031y-14852284/
Acer Nitro Radeon RX 9070 XT OC 16GB AMD GDDR6,,Acer Nitro Radeon RX 9070 XT OC 16GB AMD GDDR6,11.0,97.7,"3 801,07 zł",,16 GB,16 GB,,,,,https://images.morele.net/i256/14873021_0_i256.jpg,https://www.morele.net/acer-nitro-radeon-rx-9070-xt-oc-16gb-amd-gddr6-14873021/
XFX RX 9070XT MERCURY Gaming LED 16GB Black RX-97TMERCB9 retail,,XFX RX 9070XT MERCURY Gaming LED 16GB Black RX-97TMERCB9 retail,11.0,97.7,"3 779,99 zł",,,,,,,,https://images.morele.net/i256/14778007_0_i256.jpg,https://www.morele.net/xfx-rx-9070xt-mercury-gaming-led-16gb-black-rx-97tmercb9-retail-14778007/
Sapphire Pure Radeon RX 9070 16GB GDDR6,,Sapphire Pure Radeon RX 9070 16GB GDDR6,11.0,97.7,"3 749,99 zł",Radeon RX 9070,320 mm,320 mm,2700 MHz,11349-02-20G,,,https://images.morele.net/i256/14732577_0_i256.jpg,https://www.morele.net/karta-graficzna-sapphire-pure-radeon-rx-9070-16gb-gddr6-11349-02-20g-14732577/
Karta graf. XFX Mercury RX 9070XT OC White G RGB 16,,Karta graf. XFX Mercury RX 9070XT OC White G RGB 16,11.0,97.7,"3 690,18 zł",,16 GB,16 GB,,,,,https://images.morele.net/i256/14771902_0_i256.jpg,https://www.morele.net/karta-graf-xfx-mercury-rx-9070xt-oc-white-g-rgb-16-14771902/
POWERCOLOR Red Devil Radeon RX 9070 XT 16GB GDDR6,,POWERCOLOR Red Devil Radeon RX 9070 XT 16GB GDDR6,11.0,97.7,"3 664,59 zł",Radeon RX 9070 XT,340 mm,340 mm,3060 MHz,RX9070XT 16G-E/OC,,,https://images.morele.net/i256/14747905_1_i256.jpg,https://www.morele.net/karta-graficzna-powercolor-red-devil-radeon-rx-9070-xt-16gb-gddr6-rx9070xt-16g-e-oc-14747905/
Gigabyte AORUS GeForce RTX 5070 Master 12GB GDDR7,,Gigabyte AORUS GeForce RTX 5070 Master 12GB GDDR7,6.0,120.0,3 649 zł,GeForce RTX 5070,317 mm,317 mm,Brak danych,GV-N5070AORUS M-12GD,,,https://images.morele.net/i256/14485486_9_i256.jpg,https://www.morele.net/karta-graficzna-gigabyte-aorus-geforce-rtx-5070-master-12gb-gddr7-gv-n5070aorus-m-12gd-14485486/
Acer Predator BiFrost Radeon RX 9070 OC 16GB AMD GDDR6,,Acer Predator BiFrost Radeon RX 9070 OC 16GB AMD GDDR6,11.0,97.7,"3 565,98 zł",,16 GB,16 GB,,,,,https://images.morele.net/i256/14978215_0_i256.jpg,https://www.morele.net/acer-predator-bifrost-radeon-rx-9070-oc-16gb-amd-gddr6-14978215/
RX 9070XT 16GB ASRock Radeon Steel Legend Dark 3Fan,,RX 9070XT 16GB ASRock Radeon Steel Legend Dark 3Fan,11.0,97.7,"3 546,95 zł",,,,,,,,https://images.morele.net/i256/14860316_0_i256.jpg,https://www.morele.net/rx-9070xt-16gb-asrock-radeon-steel-legend-dark-3fan-14860316/
RX 9070 XT 16GB XFX Swift Gaming GDDR6 3 Fan white,,RX 9070 XT 16GB XFX Swift Gaming GDDR6 3 Fan white,11.0,97.7,"3 499,01 zł",,,,,,,,https://images.morele.net/i256/14748309_0_i256.jpg,https://www.morele.net/rx-9070-xt-16gb-xfx-swift-gaming-gddr6-3-fan-white-14748309/
Asus TUF GeForce RTX 5070 OC 12GB GDDR7 DLSS4,,Asus TUF GeForce RTX 5070 OC 12GB GDDR7 DLSS4,6.0,120.0,3 449 zł,GeForce RTX 5070,329 mm,329 mm,Brak danych,TUF-RTX5070-O12G-GAMING,,,https://images.morele.net/i256/14735375_0_i256.jpg,https://www.morele.net/karta-graficzna-asus-tuf-geforce-rtx-5070-oc-12gb-gddr7-dlss4-tuf-rtx5070-o12g-gaming-14735375/
Sapphire Nitro+ Radeon RX 9070 16GB GDDR6,,Sapphire Nitro+ Radeon RX 9070 16GB GDDR6,11.0,97.7,3 449 zł,Radeon RX 9070,331 mm,331 mm,2700 MHz,11349-01-20G,,,https://images.morele.net/i256/14732574_0_i256.jpg,https://www.morele.net/karta-graficzna-sapphire-nitro-radeon-rx-9070-16gb-gddr6-11349-01-20g-14732574/
XFX Quicksilver Radeon RX 9070 XT Magnetic Air 16GB GDDR6,,XFX Quicksilver Radeon RX 9070 XT Magnetic Air 16GB GDDR6,11.0,97.7,3 399 zł,,,,,RX-97TMAQKB9,,,https://images.morele.net/i256/14739190_6_i256.jpg,https://www.morele.net/karta-graficzna-xfx-quicksilver-radeon-rx-9070-xt-magnetic-air-16gb-gddr6-rx-97tmaqkb9-14739190/
XFX Quicksilver Radeon RX 9070 XT White Gaming 16GB GDDR6,,XFX Quicksilver Radeon RX 9070 XT White Gaming 16GB GDDR6,11.0,97.7,3 390 zł,,,,,RX-97TQICKW9,,,https://images.morele.net/i256/14882949_5_i256.jpg,https://www.morele.net/karta-graficzna-xfx-quicksilver-radeon-rx-9070-xt-white-gaming-16gb-gddr6-rx-97tqickw9-14882949/
Asus TUF Gaming Radeon RX 9070 OC 16GB GDDR6,,Asus TUF Gaming Radeon RX 9070 OC 16GB GDDR6,11.0,97.7,3 359 zł,Radeon RX 9070,330 mm,330 mm,Brak danych,TUF-RX9070-O16G-GAMING,,,https://images.morele.net/i256/14731772_0_i256.jpg,https://www.morele.net/karta-graficzna-asus-tuf-gaming-radeon-rx-9070-oc-16gb-gddr6-tuf-rx9070-o16g-gaming-14731772/
XFX Quicksilver Radeon RX 9070 XT Gaming 16GB GDDR6,,XFX Quicksilver Radeon RX 9070 XT Gaming 16GB GDDR6,11.0,97.7,3 349 zł,,,,,RX-97TQICKB9,,,https://images.morele.net/i256/14739187_0_i256.jpg,https://www.morele.net/karta-graficzna-xfx-quicksilver-radeon-rx-9070-xt-gaming-16gb-gddr6-rx-97tqickb9-14739187/
VGA Man GeForce RTX 5070 12GB Stellar OC,,VGA Man GeForce RTX 5070 12GB Stellar OC,6.0,120.0,"3 344,55 zł",,,,,,,,https://images.morele.net/i256/14917305_0_i256.jpg,https://www.morele.net/vga-man-geforce-rtx-5070-12gb-stellar-oc-14917305/
RX 9070 16GB Acer Nitro Radeon OC GDDR6 3 Fan,,RX 9070 16GB Acer Nitro Radeon OC GDDR6 3 Fan,11.0,97.7,"3 325,42 zł",,16 GB,16 GB,,,,,https://images.morele.net/i256/14878257_0_i256.jpg,https://www.morele.net/rx-9070-16gb-acer-nitro-radeon-oc-gddr6-3-fan-14878257/
PNY GeForce RTX 5070 ARGB EPIC-X RGB Overclocked,,PNY GeForce RTX 5070 ARGB EPIC-X RGB Overclocked,6.0,120.0,"3 296,91 zł",GeForce RTX 5070,300 mm,300 mm,2510 MHz,VCG507012TFXXPB1-O,,,https://images.morele.net/i256/14481849_0_i256.jpg,https://www.morele.net/karta-graficzna-pny-geforce-rtx-5070-argb-epic-x-rgb-overclocked-vcg507012tfxxpb1-o-14481849/
Asus Prime GeForce RTX 5070 12GB GDDR7 DLSS4,,Asus Prime GeForce RTX 5070 12GB GDDR7 DLSS4,6.0,120.0,3 249 zł,,,,,PRIME-RTX5070-12G,,,https://images.morele.net/i256/14740194_9_i256.jpg,https://www.morele.net/karta-graficzna-asus-prime-geforce-rtx-5070-12gb-gddr7-dlss4-prime-rtx5070-12g-14740194/
Palit GeForce RTX 5070 GamingPro OC 12GB GDDR7 DLSS4,,Palit GeForce RTX 5070 GamingPro OC 12GB GDDR7 DLSS4,6.0,120.0,"3 224,01 zł",,,,,NE75070T19K9-GB2050A,,,https://images.morele.net/i256/14731811_0_i256.jpg,https://www.morele.net/karta-graficzna-palit-geforce-rtx-5070-gamingpro-oc-12gb-gddr7-dlss4-ne75070t19k9-gb2050a-14731811/
Zotac GAMING GeForce RTX 5070 AMP NVIDIA 12 GB GDDR7,,Zotac GAMING GeForce RTX 5070 AMP NVIDIA 12 GB GDDR7,6.0,120.0,"3 167,99 zł",,12 GB,12 GB,,,,,https://images.morele.net/i256/14850698_0_i256.jpg,https://www.morele.net/zotac-gaming-geforce-rtx-5070-amp-nvidia-12-gb-gddr7-14850698/
Gainward GeForce RTX 5070 Phoenix NVIDIA 12 GB GDDR7,,Gainward GeForce RTX 5070 Phoenix NVIDIA 12 GB GDDR7,6.0,120.0,"3 145,64 zł",,12 GB,12 GB,,,,,https://images.morele.net/i256/14844555_0_i256.jpg,https://www.morele.net/gainward-geforce-rtx-5070-phoenix-nvidia-12-gb-gddr7-14844555/
ASRock Radeon RX 9070 Steel Legend 16GB GDDR6,,ASRock Radeon RX 9070 Steel Legend 16GB GDDR6,11.0,97.7,"3 161,80 zł",Radeon RX 9070,298 mm,298 mm,2700 MHz,RX9070 SL 16GO,,,https://images.morele.net/i256/14732568_0_i256.jpg,https://www.morele.net/karta-graficzna-asrock-radeon-rx-9070-steel-legend-16gb-gddr6-rx9070-sl-16go-14732568/
RTX 5070 12GB Gainward Python III GDDR7 3 Fan,,RTX 5070 12GB Gainward Python III GDDR7 3 Fan,6.0,120.0,"3 125,99 zł",,12 GB,12 GB,,,,,https://images.morele.net/i256/14779521_0_i256.jpg,https://www.morele.net/rtx-5070-12gb-gainward-python-iii-gddr7-3-fan-14779521/
Asus Prime Radeon RX 9070 OC 16GB GDDR6,,Asus Prime Radeon RX 9070 OC 16GB GDDR6,11.0,97.7,3 099 zł,Radeon RX 9070,312 mm,312 mm,Brak danych,PRIME-RX9070-O16G,,,https://images.morele.net/i256/14731767_0_i256.jpg,https://www.morele.net/karta-graficzna-asus-prime-radeon-rx-9070-oc-16gb-gddr6-prime-rx9070-o16g-14731767/
ASRock Radeon RX 9070 Challenger 16GB GDDR6,,ASRock Radeon RX 9070 Challenger 16GB GDDR6,11.0,97.7,3 079 zł,Radeon RX 9070,290 mm,290 mm,2520 MHz,RX9070 CL 16G,,,https://images.morele.net/i256/14732569_0_i256.jpg,https://www.morele.net/karta-graficzna-asrock-radeon-rx-9070-challenger-16gb-gddr6-rx9070-cl-16g-14732569/
VGA Man GeForce RTX 5070 12GB Nebula,,VGA Man GeForce RTX 5070 12GB Nebula,6.0,120.0,"3 077,48 zł",,,,,,,,https://images.morele.net/i256/14917303_0_i256.jpg,https://www.morele.net/vga-man-geforce-rtx-5070-12gb-nebula-14917303/
Karta graf. INNO3D GeForce RTX 5070 Twin X2 OC WH.,,Karta graf. INNO3D GeForce RTX 5070 Twin X2 OC WH.,6.0,120.0,"3 058,59 zł",,12 GB,12 GB,,,,,https://images.morele.net/i256/14763376_0_i256.jpg,https://www.morele.net/karta-graf-inno3d-geforce-rtx-5070-twin-x2-oc-wh-14763376/
Gainward GeForce RTX 5070 Phoenix GS NVIDIA 12 GB GDDR7,,Gainward GeForce RTX 5070 Phoenix GS NVIDIA 12 GB GDDR7,6.0,120.0,"3 054,99 zł",,12 GB,12 GB,,,,,https://images.morele.net/i256/14844556_0_i256.jpg,https://www.morele.net/gainward-geforce-rtx-5070-phoenix-gs-nvidia-12-gb-gddr7-14844556/
XFX Swift Radeon RX 9070 OC White Triple Fan Gaming 16GB GDDR6,,XFX Swift Radeon RX 9070 OC White Triple Fan Gaming 16GB GDDR6,11.0,97.7,3 049 zł,,,,,RX-97SWFB3W9,,,https://images.morele.net/i256/14739183_0_i256.jpg,https://www.morele.net/karta-graficzna-xfx-swift-radeon-rx-9070-oc-white-triple-fan-gaming-16gb-gddr6-rx-97swfb3w9-14739183/
Gigabyte GeForce RTX 5060 Ti Windforce OC 16GB GDDR7,,Gigabyte GeForce RTX 5060 Ti Windforce OC 16GB GDDR7,28.0,71.5,"3 033,89 zł",,,,,GV-N506TWF2OC-16GD,,,https://images.morele.net/i256/14848070_0_i256.jpg,https://www.morele.net/karta-graficzna-gigabyte-geforce-rtx-5060-ti-windforce-oc-16gb-gddr7-gv-n506twf2oc-16gd-14848070/
Palit GeForce RTX 5070 Infinity 3 OC 12GB GDDR7 DLSS4,,Palit GeForce RTX 5070 Infinity 3 OC 12GB GDDR7 DLSS4,6.0,120.0,2 999 zł,,,,,NE75070S19K9-GB2050S,,,https://images.morele.net/i256/14846951_8_i256.jpg,https://www.morele.net/karta-graficzna-palit-geforce-rtx-5070-infinity-3-oc-12gb-gddr7-dlss4-ne75070s19k9-gb2050s-14846951/
Gigabyte GeForce RTX 5070 Gaming OC 12GB GDDR7,,Gigabyte GeForce RTX 5070 Gaming OC 12GB GDDR7,6.0,120.0,2 999 zł,GeForce RTX 5070,327 mm,327 mm,Brak danych,GV-N5070GAMING OC-12GD,,,https://images.morele.net/i256/14485482_9_i256.jpg,https://www.morele.net/karta-graficzna-gigabyte-geforce-rtx-5070-gaming-oc-12gb-gddr7-gv-n5070gaming-oc-12gd-14485482/
Gigabyte GeForce RTX 5070 Eagle OC ICE SFF 12GB GDDR7,,Gigabyte GeForce RTX 5070 Eagle OC ICE SFF 12GB GDDR7,6.0,120.0,2 999 zł,,,,,GV-N5070EAGLEOC ICE-12GD,,,https://images.morele.net/i256/14485388_9_i256.jpg,https://www.morele.net/karta-graficzna-gigabyte-geforce-rtx-5070-eagle-oc-ice-sff-12gb-gddr7-gv-n5070eagleoc-ice-12gd-14485388/
"ZOTAC GAMING GeForce RTX 5070 Solid, 12288 MB GDDR7",,"ZOTAC GAMING GeForce RTX 5070 Solid, 12288 MB GDDR7",6.0,120.0,"2 981,41 zł",,12 GB,12 GB,,,,,https://images.morele.net/i256/14770139_0_i256.jpg,https://www.morele.net/zotac-gaming-geforce-rtx-5070-solid-12288-mb-gddr7-14770139/
INNO3D GeForce RTX 5070 X3 OC 12GB GDDR7 3xDP 1xHDMI,,INNO3D GeForce RTX 5070 X3 OC 12GB GDDR7 3xDP 1xHDMI,6.0,120.0,2 930 zł,,12 GB,12 GB,,,,,https://images.morele.net/i256/14850607_0_i256.jpg,https://www.morele.net/inno3d-geforce-rtx-5070-x3-oc-12gb-gddr7-3xdp-1xhdmi-14850607/
Gigabyte GeForce RTX 5070 Eagle OC SFF 12GB GDDR7,,Gigabyte GeForce RTX 5070 Eagle OC SFF 12GB GDDR7,6.0,120.0,2 899 zł,,,,,GV-N5070EAGLE OC-12GD,,,https://images.morele.net/i256/14485376_9_i256.jpg,https://www.morele.net/karta-graficzna-gigabyte-geforce-rtx-5070-eagle-oc-sff-12gb-gddr7-gv-n5070eagle-oc-12gd-14485376/
Palit GeForce RTX 5070 GamingPro 12GB GDDR7 DLSS4,,Palit GeForce RTX 5070 GamingPro 12GB GDDR7 DLSS4,6.0,120.0,"2 879,52 zł",,,,,NE75070019K9-GB2050A,,,https://images.morele.net/i256/14828084_1_i256.jpg,https://www.morele.net/karta-graficzna-palit-geforce-rtx-5070-gamingpro-12gb-gddr7-dlss4-ne75070019k9-gb2050a-14828084/
Asus TUF GeForce RTX 5060 Ti OC 16GB GDDR7 DLSS4,,Asus TUF GeForce RTX 5060 Ti OC 16GB GDDR7 DLSS4,28.0,71.5,"2 796,90 zł",GeForce RTX 5060 Ti,302 mm,302 mm,2692 MHz,TUF-RTX5060TI-O16G-GAMING,,,https://images.morele.net/i256/14853319_0_i256.jpg,https://www.morele.net/karta-graficzna-asus-tuf-geforce-rtx-5060-ti-oc-16gb-gddr7-dlss4-tuf-rtx5060ti-o16g-gaming-14853319/
"INNO3D GeForce RTX 5070 Twin X2, 12288 MB GDDR7",,"INNO3D GeForce RTX 5070 Twin X2, 12288 MB GDDR7",6.0,120.0,"2 777,82 zł",,12 GB,12 GB,,,,,https://images.morele.net/i256/14774505_0_i256.jpg,https://www.morele.net/inno3d-geforce-rtx-5070-twin-x2-12288-mb-gddr7-14774505/
Inno3D GeForce RTX 5070 Twin X2 OC 12GB GDDR7,,Inno3D GeForce RTX 5070 Twin X2 OC 12GB GDDR7,6.0,120.0,"2 748,74 zł",GeForce RTX 5070,250 mm,250 mm,2542 MHz,N50702-12D7X-195064N,,,https://images.morele.net/i256/14763395_2_i256.jpg,https://www.morele.net/karta-graficzna-inno3d-geforce-rtx-5070-twin-x2-oc-12gb-gddr7-n50702-12d7x-195064n-14763395/
Palit GeForce RTX 5070 Infinity 3 12GB GDDR7 DLSS4,,Palit GeForce RTX 5070 Infinity 3 12GB GDDR7 DLSS4,6.0,120.0,2 699 zł,,,,,NE75070019K9-GB2050S,,,https://images.morele.net/i256/14770639_0_i256.jpg,https://www.morele.net/karta-graficzna-palit-geforce-rtx-5070-infinity-3-12gb-gddr7-dlss4-ne75070019k9-gb2050s-14770639/
Asus Prime GeForce RTX 5060 Ti OC 16GB GDDR7 DLSS4,,Asus Prime GeForce RTX 5060 Ti OC 16GB GDDR7 DLSS4,28.0,71.5,"2 589,90 zł",,,,,PRIME-RTX5060TI-O16G,,,https://images.morele.net/i256/14853320_0_i256.jpg,https://www.morele.net/karta-graficzna-asus-prime-geforce-rtx-5060-ti-oc-16gb-gddr7-dlss4-prime-rtx5060ti-o16g-14853320/
Gigabyte GeForce RTX 5060 Ti Aero OC 16GB GDDR7 DLSS4,,Gigabyte GeForce RTX 5060 Ti Aero OC 16GB GDDR7 DLSS4,28.0,71.5,"2 589,29 zł",GeForce RTX 5060 Ti,281 mm,281 mm,2647 MHz,GV-N506TAERO OC-16GD,,,https://images.morele.net/i256/14848066_0_i256.jpg,https://www.morele.net/karta-graficzna-gigabyte-geforce-rtx-5060-ti-aero-oc-16gb-gddr7-dlss4-gv-n506taero-oc-16gd-14848066/
Asus Dual GeForce RTX 5060 Ti OC 16GB GDDR7 DLSS4,,Asus Dual GeForce RTX 5060 Ti OC 16GB GDDR7 DLSS4,28.0,71.5,"2 537,90 zł",GeForce RTX 5060 Ti,229 mm,229 mm,2632 MHz,DUAL-RTX5060TI-O16G,,,https://images.morele.net/i256/14853321_0_i256.jpg,https://www.morele.net/karta-graficzna-asus-dual-geforce-rtx-5060-ti-oc-16gb-gddr7-dlss4-dual-rtx5060ti-o16g-14853321/
Asus Prime GeForce RTX 5060 Ti 16GB GDDR7 DLSS4,,Asus Prime GeForce RTX 5060 Ti 16GB GDDR7 DLSS4,28.0,71.5,2 449 zł,,,,,PRIME-RTX5060TI-16G,,,https://images.morele.net/i256/14853314_0_i256.jpg,https://www.morele.net/karta-graficzna-asus-prime-geforce-rtx-5060-ti-16gb-gddr7-dlss4-prime-rtx5060ti-16g-14853314/
Asus Prime GeForce RTX 5060 Ti OC 8GB GDDR7 DLSS4,,Asus Prime GeForce RTX 5060 Ti OC 8GB GDDR7 DLSS4,28.0,71.5,"2 334,28 zł",GeForce RTX 5060 Ti,304 mm,304 mm,2647 MHz,PRIME-RTX5060TI-O8G,,,https://images.morele.net/i256/14853290_0_i256.jpg,https://www.morele.net/karta-graficzna-asus-prime-geforce-rtx-5060-ti-oc-8gb-gddr7-dlss4-prime-rtx5060ti-o8g-14853290/
Gigabyte GeForce RTX 5060 Ti Eagle OC 16GB GDDR7,,Gigabyte GeForce RTX 5060 Ti Eagle OC 16GB GDDR7,28.0,71.5,2 249 zł,,,,,GV-N506TEAGLE OC-16GD,,,https://images.morele.net/i256/14848069_1_i256.jpg,https://www.morele.net/karta-graficzna-gigabyte-geforce-rtx-5060-ti-eagle-oc-16gb-gddr7-gv-n506teagle-oc-16gd-14848069/
Gigabyte GeForce RTX 5060 Ti Eagle OC ICE 16GB GDDR7,,Gigabyte GeForce RTX 5060 Ti Eagle OC ICE 16GB GDDR7,28.0,71.5,2 239 zł,,,,,GV-N506TEAGLEOC ICE-16GD,,,https://images.morele.net/i256/14848068_0_i256.jpg,https://www.morele.net/karta-graficzna-gigabyte-geforce-rtx-5060-ti-eagle-oc-ice-16gb-gddr7-gv-n506teagleoc-ice-16gd-14848068/
"ZOTAC GAMING GeForce RTX 5060 Ti Twin Edge OC, 16384 MB GDDR7",,"ZOTAC GAMING GeForce RTX 5060 Ti Twin Edge OC, 16384 MB GDDR7",28.0,71.5,"2 232,51 zł",,16 GB,16 GB,,,,,https://images.morele.net/i256/14863867_0_i256.jpg,https://www.morele.net/zotac-gaming-geforce-rtx-5060-ti-twin-edge-oc-16384-mb-gddr7-14863867/
Palit GeForce RTX 5060 Ti Infinity 3 16GB GDDR7 DLSS4,,Palit GeForce RTX 5060 Ti Infinity 3 16GB GDDR7 DLSS4,28.0,71.5,2 193 zł,,,,,NE7506T019T1-GB2061S,,,https://images.morele.net/i256/14848079_0_i256.jpg,https://www.morele.net/karta-graficzna-palit-geforce-rtx-5060-ti-infinity-3-16gb-gddr7-dlss4-ne7506t019t1-gb2061s-14848079/
Asus Dual GeForce RTX 5060 Ti OC 8GB GDDR7 DLSS4,,Asus Dual GeForce RTX 5060 Ti OC 8GB GDDR7 DLSS4,28.0,71.5,"2 175,90 zł",GeForce RTX 5060 Ti,229 mm,229 mm,2632 MHz,DUAL-RTX5060TI-O8G,,,https://images.morele.net/i256/14853313_0_i256.jpg,https://www.morele.net/karta-graficzna-asus-dual-geforce-rtx-5060-ti-oc-8gb-gddr7-dlss4-dual-rtx5060ti-o8g-14853313/
INNO3 RTX 5060 Ti Twin X2 16GB,,INNO3 RTX 5060 Ti Twin X2 16GB,28.0,71.5,"2 164,90 zł",,,,,,,,https://images.morele.net/i256/14854444_0_i256.jpg,https://www.morele.net/karta-graficzna-inno3-rtx-5060-ti-twin-x2-16gb-14854444/
Gigabyte GeForce RTX 5060 Ti Windforce 16GB GDDR7,,Gigabyte GeForce RTX 5060 Ti Windforce 16GB GDDR7,28.0,71.5,2 149 zł,,,,,GV-N506TWF2-16GD,,,https://images.morele.net/i256/14848071_0_i256.jpg,https://www.morele.net/karta-graficzna-gigabyte-geforce-rtx-5060-ti-windforce-16gb-gddr7-gv-n506twf2-16gd-14848071/
TUL POWERCOLOR AMD Radeon™ RX 7800 XT 16GB GDDR6 256-bit HDMI 3x DP,,TUL POWERCOLOR AMD Radeon™ RX 7800 XT 16GB GDDR6 256-bit HDMI 3x DP,25.0,75.6,"2 128,05 zł",,,,,,,,https://images.morele.net/i256/14102760_0_i256.jpg,https://www.morele.net/karta-graficzna-tul-powercolor-amd-radeon-rx-7800-xt-16gb-gddr6-256-bit-hdmi-3x-dp-14102760/
Gigabyte GeForce RTX 5060 Ti Windforce OC 8GB GDDR7,,Gigabyte GeForce RTX 5060 Ti Windforce OC 8GB GDDR7,28.0,71.5,"2 067,97 zł",GeForce RTX 5060 Ti,208 mm,208 mm,2587 MHz,GV-N506TWF2OC-8GD,,,https://images.morele.net/i256/14848076_0_i256.jpg,https://www.morele.net/karta-graficzna-gigabyte-geforce-rtx-5060-ti-windforce-oc-8gb-gddr7-gv-n506twf2oc-8gd-14848076/
Palit GeForce RTX 5060 Ti Infinity 3 8GB GDDR7 DLSS4,,Palit GeForce RTX 5060 Ti Infinity 3 8GB GDDR7 DLSS4,28.0,71.5,"2 035,48 zł",GeForce RTX 5060 Ti,292 mm,292 mm,2572 MHz,NE7506T019P1-GB2062S,,,https://images.morele.net/i256/14848081_0_i256.jpg,https://www.morele.net/karta-graficzna-palit-geforce-rtx-5060-ti-infinity-3-8gb-gddr7-dlss4-ne7506t019p1-gb2062s-14848081/
"ZOTAC GAMING GeForce RTX 5060 Ti Twin Edge OC, 8192 MB GDDR7",,"ZOTAC GAMING GeForce RTX 5060 Ti Twin Edge OC, 8192 MB GDDR7",28.0,71.5,"1 990,12 zł",,8 GB,8 GB,,,,,https://images.morele.net/i256/14863853_0_i256.jpg,https://www.morele.net/zotac-gaming-geforce-rtx-5060-ti-twin-edge-oc-8192-mb-gddr7-14863853/
Palit GeForce RTX 5060 Ti Dual 8GB GDDR7 DLSS4,,Palit GeForce RTX 5060 Ti Dual 8GB GDDR7 DLSS4,28.0,71.5,"1 973,93 zł",GeForce RTX 5060 Ti,262 mm,262 mm,2573 MHz,NE7506T019P1-GB2062D,,,https://images.morele.net/i256/14848083_0_i256.jpg,https://www.morele.net/karta-graficzna-palit-geforce-rtx-5060-ti-dual-8gb-gddr7-dlss4-ne7506t019p1-gb2062d-14848083/
"INNO3D GeForce RTX 5060 Ti Twin X2 OC, 8192 MB GDDR7",,"INNO3D GeForce RTX 5060 Ti Twin X2 OC, 8192 MB GDDR7",28.0,71.5,"1 909,92 zł",,8 GB,8 GB,,,,,https://images.morele.net/i256/14863857_0_i256.jpg,https://www.morele.net/inno3d-geforce-rtx-5060-ti-twin-x2-oc-8192-mb-gddr7-14863857/
"INNO3D GeForce RTX 5060 Ti Twin X2, 8192 MB GDDR7",,"INNO3D GeForce RTX 5060 Ti Twin X2, 8192 MB GDDR7",28.0,71.5,"1 874,34 zł",,8 GB,8 GB,,,,,https://images.morele.net/i256/14863876_0_i256.jpg,https://www.morele.net/inno3d-geforce-rtx-5060-ti-twin-x2-8192-mb-gddr7-14863876/
Sparkle Arc A770 ROC Luna White 16GB GDDR6,,Sparkle Arc A770 ROC Luna White 16GB GDDR6,64.0,46.1,"1 397,90 zł",,,,,SA770R-16GOC,,,https://images.morele.net/i256/13273510_1_i256.jpg,https://www.morele.net/karta-graficzna-sparkle-arc-a770-roc-luna-white-16gb-gddr6-sa770r-16goc-13273510/
ASRock Arc B580 Steel Legend OC 12GB GDDR6,,ASRock Arc B580 Steel Legend OC 12GB GDDR6,63.0,46.1,"1 394,68 zł",Arc B580,298 mm,298 mm,2800 MHz,B580 SL 12GO,,,https://images.morele.net/i256/14450504_3_i256.jpg,https://www.morele.net/karta-graficzna-asrock-arc-b580-steel-legend-oc-12gb-gddr6-b580-sl-12go-14450504/
Karta graf. Asrock Intel ARC A770 CL SE 16GO,,Karta graf. Asrock Intel ARC A770 CL SE 16GO,64.0,46.1,1 349 zł,,16 GB,16 GB,,,,,https://images.morele.net/i256/14827992_0_i256.jpg,https://www.morele.net/karta-graf-asrock-intel-arc-a770-cl-se-16go-14827992/
Karta graf. SPARKLE Intel Arc B580 GUARDIAN 12G,,Karta graf. SPARKLE Intel Arc B580 GUARDIAN 12G,63.0,46.1,"1 731,41 zł",,,,,,,,https://images.morele.net/i256/14748292_0_i256.jpg,https://www.morele.net/karta-graf-sparkle-intel-arc-b580-guardian-12g-14748292/
Sparkle Arc B580 Titan Luna OC 12GB GDDR6,,Sparkle Arc B580 Titan Luna OC 12GB GDDR6,63.0,46.1,"1 328,99 zł",Arc B580,315 mm,315 mm,2740 MHz,SB580TW-12GOC,,,https://images.morele.net/i256/14748293_0_i256.jpg,https://www.morele.net/karta-graficzna-sparkle-arc-b580-titan-luna-oc-12gb-gddr6-sb580tw-12goc-14748293/
Intel Arc B580 Limited Edition 12GB GDDR6,,Intel Arc B580 Limited Edition 12GB GDDR6,63.0,46.1,1 289 zł,Arc B580,272 mm,272 mm,2670 MHz,31P06HB0BA,,,https://images.morele.net/i256/14487348_3_i256.jpg,https://www.morele.net/karta-graficzna-intel-arc-b580-limited-edition-12gb-gddr6-31p06hb0ba-14487348/
Karta graf. SPARKLE Intel Arc B570 GUARDIAN Luna OC,,Karta graf. SPARKLE Intel Arc B570 GUARDIAN Luna OC,72.0,41.7,"1 115,83 zł",,,,,,,,https://images.morele.net/i256/14774438_0_i256.jpg,https://www.morele.net/karta-graf-sparkle-intel-arc-b570-guardian-luna-oc-14774438/
Sparkle Arc B570 Guardian OC 10GB GDDR6,,Sparkle Arc B570 Guardian OC 10GB GDDR6,72.0,41.7,"1 050,88 zł",Arc B570,242 mm,242 mm,2660 MHz,SB570G-10GOC,,,https://images.morele.net/i256/14492974_3_i256.jpg,https://www.morele.net/karta-graficzna-sparkle-arc-b570-guardian-oc-10gb-gddr6-sb570g-10goc-14492974/
Sparkle Arc A750 ROC OC 8GB GDDR6,,Sparkle Arc A750 ROC OC 8GB GDDR6,74.0,41.6,"1 033,67 zł",,,,,SA750R-8GOC,,,https://images.morele.net/i256/13843160_0_i256.jpg,https://www.morele.net/karta-graficzna-sparkle-arc-a750-roc-oc-8gb-gddr6-sa750r-8goc-13843160/
Sparkle Arc A750 ROC Luna OC 8GB GDDR6,,Sparkle Arc A750 ROC Luna OC 8GB GDDR6,74.0,41.6,"1 018,99 zł",,,,,SA750RW-8GO,,,https://images.morele.net/i256/13797779_0_i256.jpg,https://www.morele.net/karta-graficzna-sparkle-arc-a750-roc-luna-oc-8gb-gddr6-sa750rw-8go-13797779/
Sparkle Arc A750 Orc OC Edition 8GB GDDR6,,Sparkle Arc A750 Orc OC Edition 8GB GDDR6,74.0,41.6,"891,71 zł",Arc A750,222 mm,222 mm,2200 MHz,SA750C-8GOC,,,https://images.morele.net/i256/13120081_0_i256.jpg,https://www.morele.net/karta-graficzna-sparkle-arc-a750-orc-oc-edition-8gb-gddr6-sa750c-8goc-13120081/
Gigabyte GeForce RTX 3050 OC Low Profile 6GB GDDR6,,Gigabyte GeForce RTX 3050 OC Low Profile 6GB GDDR6,108.0,31.0,799 zł,GeForce RTX 3050,181 mm,181 mm,1477 MHz,GV-N3050OC-6GL,,,https://images.morele.net/i256/13174073_0_i256.jpg,https://www.morele.net/karta-graficzna-gigabyte-geforce-rtx-3050-oc-low-profile-6gb-gddr6-gv-n3050oc-6gl-13174073/
Dell Radeon 550 2GB GDDR5,,Dell Radeon 550 2GB GDDR5,407.0,0.89,"749,32 zł",Radeon RX 550,170 mm,170 mm,1230 MHz,DELL-3GY2K,,,https://images.morele.net/i256/14406253_2_i256.jpg,https://www.morele.net/karta-graficzna-dell-radeon-550-2gb-gddr5-dell-3gy2k-14406253/
Power Color Red Dragon Radeon RX 550 LP 4GB GDDR5,,Power Color Red Dragon Radeon RX 550 LP 4GB GDDR5,245.0,5.95,646 zł,Radeon RX 550,181 mm,181 mm,1071 MHz,AXRX 550 4GBD5-HLE,,,https://images.morele.net/i256/13094598_1_i256.jpg,https://www.morele.net/karta-graficzna-power-color-red-dragon-radeon-rx-550-lp-4gb-gddr5-axrx-550-4gbd5-hle-13094598/
ASRock Radeon RX 6400 Low Profile 4GB GDDR6,,ASRock Radeon RX 6400 Low Profile 4GB GDDR6,165.0,15.1,"608,94 zł",Radeon RX 6400,150 mm,150 mm,2321 MHz,RX6400 LP 4G,,,https://images.morele.net/i256/14116339_0_i256.jpg,https://www.morele.net/karta-graficzna-asrock-radeon-rx-6400-low-profile-4gb-gddr6-rx6400-lp-4g-14116339/
A310 4GB Sparkle Intel Arc Omni View GDDR6 1 Fan,,A310 4GB Sparkle Intel Arc Omni View GDDR6 1 Fan,437.0,0.42,"505,71 zł",,,,,,,,https://images.morele.net/i256/14730543_0_i256.jpg,https://www.morele.net/a310-4gb-sparkle-intel-arc-omni-view-gddr6-1-fan-14730543/
Karta graf. SPARKLE Intel Arc A310 Omni View 4GB,,Karta graf. SPARKLE Intel Arc A310 Omni View 4GB,437.0,0.42,"461,41 zł",,,,,,,,https://images.morele.net/i256/14483430_0_i256.jpg,https://www.morele.net/karta-graf-sparkle-intel-arc-a310-omni-view-4gb-14483430/
Biostar Radeon RX 550 2GB GDDR5,,Biostar Radeon RX 550 2GB GDDR5,245.0,5.95,"377,88 zł",Radeon RX 550,192 mm,192 mm,1183 MHz,VA5505RF21,,,https://images.morele.net/i256/12923119_1_i256.jpg,https://www.morele.net/karta-graficzna-biostar-radeon-rx-550-2gb-gddr5-va5505rf21-12923119/
AFOX Geforce GT1030 2GB GDDR5,,AFOX Geforce GT1030 2GB GDDR5,407.0,0.89,"347,82 zł",GeForce GT 1030,Brak danych,Brak danych,1468 MHz,AF1030-2048D5L5-V2,,,https://images.morele.net/i256/8960029_0_i256.jpg,https://www.morele.net/karta-graficzna-afox-geforce-gt1030-2gb-gddr5-af1030-2048d5l5-v2-8960029/
Inno3D GeForce GT 730 2GB DDR3,,Inno3D GeForce GT 730 2GB DDR3,357.0,1.99,"224,56 zł",GeForce GT 730,140 mm,140 mm,Nie dotyczy,N730-1SDV-E3BX,,,https://images.morele.net/i256/824679_0_i256.jpeg,https://www.morele.net/karta-graficzna-inno3d-geforce-gt-730-2gb-ddr3-n730-1sdv-e3bx-824679/
AFOX Radeon HD 6450 1GB DDR3,,AFOX Radeon HD 6450 1GB DDR3,424.0,0.71,"158,85 zł",Radeon HD6450,Brak danych,Brak danych,Nie dotyczy,AF6450-1024D3L9,,,https://images.morele.net/i256/12242932_1_i256.jpg,https://www.morele.net/karta-graficzna-afox-radeon-hd-6450-1gb-ddr3-af6450-1024d3l9-12242932/
AMD Karta Graficzna AMD FirePro W5000 2GB GDDR5 DVI DisplayPort uniwersalny,,AMD Karta Graficzna AMD FirePro W5000 2GB GDDR5 DVI DisplayPort uniwersalny,407.0,0.89,154 zł,,,,,,,,https://images.morele.net/i256/7296404_0_i256.jpg,https://www.morele.net/karta-graficzna-amd-karta-graficzna-amd-firepro-w5000-2gb-gddr5-dvi-displayport-uniwersalny-7296404/
AFOX GeForce GT 610 1GB DDR3,,AFOX GeForce GT 610 1GB DDR3,423.0,0.71,145 zł,GeForce GT 610,Brak danych,Brak danych,Nie dotyczy,AF610-1024D3L7-V6,,,https://images.morele.net/i256/12995889_0_i256.jpg,https://www.morele.net/karta-graficzna-afox-geforce-gt-610-1gb-ddr3-af610-1024d3l7-v6-12995889/
AFOX Radeon R5 220 1GB DDR3,,AFOX Radeon R5 220 1GB DDR3,407.0,0.89,"157,01 zł",Radeon R5 220,Brak danych,Brak danych,Nie dotyczy,AFR5220-1024D3L5,,,https://images.morele.net/i256/12242929_3_i256.jpg,https://www.morele.net/karta-graficzna-afox-radeon-r5-220-1gb-ddr3-afr5220-1024d3l5-12242929/
Asus Prime GeForce RTX 5080 OC 16GB GDDR7,,Asus Prime GeForce RTX 5080 OC 16GB GDDR7,3.0,139.0,"6 471,99 zł",GeForce RTX 5080,306 mm,306 mm,Brak danych,PRIME-RTX5080-O16G,,,https://images.morele.net/i256/14485259_0_i256.jpg,https://www.morele.net/karta-graficzna-asus-prime-geforce-rtx-5080-oc-16gb-gddr7-prime-rtx5080-o16g-14485259/
Palit GeForce RTX 5070 Ti GamingPro OC 16GB GDDR7 DLSS4,,Palit GeForce RTX 5070 Ti GamingPro OC 16GB GDDR7 DLSS4,6.0,120.0,4 769 zł,,,,,NE7507TS19T2-GB2031A,,,https://images.morele.net/i256/14731807_0_i256.jpg,https://www.morele.net/karta-graficzna-palit-geforce-rtx-5070-ti-gamingpro-oc-16gb-gddr7-dlss4-ne7507ts19t2-gb2031a-14731807/
POWERCOLOR Hellhound Radeon RX 9070 XT 16GB GDDR6,,POWERCOLOR Hellhound Radeon RX 9070 XT 16GB GDDR6,11.0,97.7,"3 785,44 zł",Radeon RX 9070 XT,327 mm,327 mm,3010 MHz,RX9070XT 16G-L/OC,,,https://images.morele.net/i256/14749710_1_i256.jpg,https://www.morele.net/karta-graficzna-powercolor-hellhound-radeon-rx-9070-xt-16gb-gddr6-rx9070xt-16g-l-oc-14749710/
Sapphire Pulse Radeon RX 9070 16GB GDDR6,,Sapphire Pulse Radeon RX 9070 16GB GDDR6,11.0,97.7,"3 192,85 zł",Radeon RX 9070,280 mm,280 mm,2520 MHz,11349-03-20G,,,https://images.morele.net/i256/14732578_0_i256.jpg,https://www.morele.net/karta-graficzna-sapphire-pulse-radeon-rx-9070-16gb-gddr6-11349-03-20g-14732578/
Gigabyte Radeon RX 6400 Eagle 4GB GDDR6,,Gigabyte Radeon RX 6400 Eagle 4GB GDDR6,165.0,15.1,"728,79 zł",Radeon RX 6400,192 mm,192 mm,2321 MHz,GV-R64EAGLE-4GD,,,https://images.morele.net/i256/10187569_1_i256.jpg,https://www.morele.net/karta-graficzna-gigabyte-radeon-rx-6400-eagle-4gb-gddr6-gv-r64eagle-4gd-10187569/
ASRock Radeon RX 6400 Challenger ITX 4GB GDDR6,,ASRock Radeon RX 6400 Challenger ITX 4GB GDDR6,165.0,15.1,"590,79 zł",Radeon RX 6400,162 mm,162 mm,2321 MHz,RX6400 CLI 4G,,,https://images.morele.net/i256/10246227_0_i256.jpg,https://www.morele.net/karta-graficzna-asrock-radeon-rx-6400-challenger-itx-4gb-gddr6-rx6400-cli-4g-10246227/
Gigabyte GeForce RTX 5090 Gaming OC 32GB GDDR7,,Gigabyte GeForce RTX 5090 Gaming OC 32GB GDDR7,1.0,183.0,13 499 zł,GeForce RTX 5090,342 mm,342 mm,2550 MHz,GV-N5090GAMING OC-32GD,,,https://images.morele.net/i256/14485560_9_i256.jpg,https://www.morele.net/karta-graficzna-gigabyte-geforce-rtx-5090-gaming-oc-32gb-gddr7-gv-n5090gaming-oc-32gd-14485560/
Asus ROG Astral GeForce RTX 5080 OC 16GB GDDR7,,Asus ROG Astral GeForce RTX 5080 OC 16GB GDDR7,3.0,139.0,"7 358,99 zł",GeForce RTX 5080,358 mm,358 mm,Brak danych,ROG-ASTRAL-RTX5080-O16G-GAMING,,,https://images.morele.net/i256/14485389_0_i256.jpg,https://www.morele.net/karta-graficzna-asus-rog-astral-geforce-rtx-5080-oc-16gb-gddr7-rog-astral-rtx5080-o16g-gaming-14485389/
MSI GeForce RTX 5080 Suprim Liquid SOC 16GB GDDR7 DLSS4,,MSI GeForce RTX 5080 Suprim Liquid SOC 16GB GDDR7 DLSS4,3.0,139.0,"7 255,89 zł",GeForce RTX 5080,280 mm,280 mm,2760 MHz,,,,https://images.morele.net/i256/14458120_5_i256.jpg,https://www.morele.net/karta-graficzna-msi-geforce-rtx-5080-suprim-liquid-soc-16gb-gddr7-dlss4-14458120/
Gigabyte AORUS GeForce RTX 5080 Xtreme Waterforce 16GB GDDR7,,Gigabyte AORUS GeForce RTX 5080 Xtreme Waterforce 16GB GDDR7,3.0,139.0,7 499 zł,GeForce RTX 5080,220 mm,220 mm,2805 MHz,GV-N5080AORUSX W-16GD,,,https://images.morele.net/i256/14485747_7_i256.jpg,https://www.morele.net/karta-graficzna-gigabyte-aorus-geforce-rtx-5080-xtreme-waterforce-16gb-gddr7-gv-n5080aorusx-w-16gd-14485747/
Gigabyte AORUS GeForce RTX 5080 Master 16GB GDDR7,,Gigabyte AORUS GeForce RTX 5080 Master 16GB GDDR7,3.0,139.0,6 799 zł,GeForce RTX 5080,360 mm,360 mm,2805 MHz,GV-N5080AORUS M-16GD,,,https://images.morele.net/i256/14485972_9_i256.jpg,https://www.morele.net/karta-graficzna-gigabyte-aorus-geforce-rtx-5080-master-16gb-gddr7-gv-n5080aorus-m-16gd-14485972/
Gigabyte AORUS GeForce RTX 5070 Ti Master 16GB GDDR7,,Gigabyte AORUS GeForce RTX 5070 Ti Master 16GB GDDR7,6.0,120.0,"6 184,99 zł",GeForce RTX 5070 Ti,360 mm,360 mm,2670 MHz,GV-N507TAORUS M-16GD,,,https://images.morele.net/i256/14485973_9_i256.jpg,https://www.morele.net/karta-graficzna-gigabyte-aorus-geforce-rtx-5070-ti-master-16gb-gddr7-gv-n507taorus-m-16gd-14485973/
MSI GeForce RTX 5080 Gaming Trio OC 16GB GDDR7 DLSS4,,MSI GeForce RTX 5080 Gaming Trio OC 16GB GDDR7 DLSS4,3.0,139.0,"6 043,90 zł",GeForce RTX 5080,338 mm,338 mm,2715 MHz,,,,https://images.morele.net/i256/14458150_6_i256.jpg,https://www.morele.net/karta-graficzna-msi-geforce-rtx-5080-gaming-trio-oc-16gb-gddr7-dlss4-14458150/
Palit GeForce RTX 5080 GameRock OC 16GB GDDR7,,Palit GeForce RTX 5080 GameRock OC 16GB GDDR7,3.0,139.0,"5 877,99 zł",GeForce RTX 5080,332 mm,332 mm,2730 MHz,NE75080T19T2-GB2030G,,,https://images.morele.net/i256/14485260_0_i256.jpg,https://www.morele.net/karta-graficzna-palit-geforce-rtx-5080-gamerock-oc-16gb-gddr7-ne75080t19t2-gb2030g-14485260/
ASRock Radeon RX 9070 XT Taichi OC 16GB GDDR6,,ASRock Radeon RX 9070 XT Taichi OC 16GB GDDR6,11.0,97.7,"4 253,97 zł",Radeon RX 9070 XT,330 mm,330 mm,3100 MHz,RX9070XT TC 16GO,,,https://images.morele.net/i256/14732564_7_i256.jpg,https://www.morele.net/karta-graficzna-asrock-radeon-rx-9070-xt-taichi-oc-16gb-gddr6-rx9070xt-tc-16go-14732564/
Gigabyte GeForce RTX 5070 Ti Eagle OC ICE SFF 16GB GDDR7,,Gigabyte GeForce RTX 5070 Ti Eagle OC ICE SFF 16GB GDDR7,6.0,120.0,4 499 zł,GeForce RTX 5070 Ti,304 mm,304 mm,2542 MHz,GV-N507TEAGLEOC ICE-16GD,,,https://images.morele.net/i256/14485562_9_i256.jpg,https://www.morele.net/karta-graficzna-gigabyte-geforce-rtx-5070-ti-eagle-oc-ice-sff-16gb-gddr7-gv-n507teagleoc-ice-16gd-14485562/
MSI GeForce RTX 5070 Ti Inspire 3X OC Plus 16GB GDDR7,,MSI GeForce RTX 5070 Ti Inspire 3X OC Plus 16GB GDDR7,6.0,120.0,4 349 zł,GeForce RTX 5070 Ti,288 mm,288 mm,2497 MHz,,,,https://images.morele.net/i256/14481984_7_i256.jpg,https://www.morele.net/karta-graficzna-msi-geforce-rtx-5070-ti-inspire-3x-oc-plus-16gb-gddr7-14481984/
Inno3D GeForce RTX 5070 Ti X3 OC 16GB GDDR7 DLSS4,,Inno3D GeForce RTX 5070 Ti X3 OC 16GB GDDR7 DLSS4,6.0,120.0,"4 308,94 zł",,,,,N507T3-16D7X-176068N,,,https://images.morele.net/i256/14702205_2_i256.jpg,https://www.morele.net/karta-graficzna-inno3d-geforce-rtx-5070-ti-x3-oc-16gb-gddr7-dlss4-n507t3-16d7x-176068n-14702205/
Gigabyte GeForce RTX 5070 Ti Eagle OC SFF 16GB GDDR7,,Gigabyte GeForce RTX 5070 Ti Eagle OC SFF 16GB GDDR7,6.0,120.0,4 299 zł,GeForce RTX 5070 Ti,304 mm,304 mm,2542 MHz,GV-N507TEAGLE OC-16GD,,,https://images.morele.net/i256/14485561_9_i256.jpg,https://www.morele.net/karta-graficzna-gigabyte-geforce-rtx-5070-ti-eagle-oc-sff-16gb-gddr7-gv-n507teagle-oc-16gd-14485561/
XFX Mercury Radeon RX 9070 XT OC White Magnetic Air RGB 16GB GDDR6,,XFX Mercury Radeon RX 9070 XT OC White Magnetic Air RGB 16GB GDDR6,11.0,97.7,"3 889,99 zł",Radeon RX 9070 XT,360 mm,360 mm,3100 MHz,RX-97TMARGW9,,,https://images.morele.net/i256/14739189_0_i256.jpg,https://www.morele.net/karta-graficzna-xfx-mercury-radeon-rx-9070-xt-oc-white-magnetic-air-rgb-16gb-gddr6-rx-97tmargw9-14739189/
Asus Prime Radeon RX 9070 XT OC 16GB GDDR6,,Asus Prime Radeon RX 9070 XT OC 16GB GDDR6,11.0,97.7,"3 454,33 zł",Radeon RX 9070 XT,312 mm,312 mm,Brak danych,PRIME-RX9070XT-O16G,,,https://images.morele.net/i256/14731754_0_i256.jpg,https://www.morele.net/karta-graficzna-asus-prime-radeon-rx-9070-xt-oc-16gb-gddr6-prime-rx9070xt-o16g-14731754/
XFX Quicksilver Radeon RX 9070 XT White Magnetic Air 16GB GDDR6,,XFX Quicksilver Radeon RX 9070 XT White Magnetic Air 16GB GDDR6,11.0,97.7,3 399 zł,,,,,RX-97TMAQKW9,,,https://images.morele.net/i256/14739282_0_i256.jpg,https://www.morele.net/karta-graficzna-xfx-quicksilver-radeon-rx-9070-xt-white-magnetic-air-16gb-gddr6-rx-97tmaqkw9-14739282/
PNY GeForce RTX 5070 Overclocked,,PNY GeForce RTX 5070 Overclocked,6.0,120.0,"3 206,99 zł",GeForce RTX 5070,300 mm,300 mm,2510 MHz,VCG507012TFXPB1-O,,,https://images.morele.net/i256/14481850_0_i256.jpg,https://www.morele.net/karta-graficzna-pny-geforce-rtx-5070-overclocked-vcg507012tfxpb1-o-14481850/
Gigabyte GeForce RTX 5070 Aero OC 12GB GDDR7,,Gigabyte GeForce RTX 5070 Aero OC 12GB GDDR7,6.0,120.0,3 199 zł,GeForce RTX 5070,324 mm,324 mm,Brak danych,GV-N5070AERO OC-12GD,,,https://images.morele.net/i256/14485484_9_i256.jpg,https://www.morele.net/karta-graficzna-gigabyte-geforce-rtx-5070-aero-oc-12gb-gddr7-gv-n5070aero-oc-12gd-14485484/
XFX Quicksilver Radeon RX 9070 OC Gaming 16GB GDDR6,,XFX Quicksilver Radeon RX 9070 OC Gaming 16GB GDDR6,11.0,97.7,"3 099,56 zł",Radeon RX 9070,350 mm,350 mm,2700 MHz,RX-97QICKBB9,,,https://images.morele.net/i256/14777843_4_i256.jpg,https://www.morele.net/karta-graficzna-xfx-quicksilver-radeon-rx-9070-oc-gaming-16gb-gddr6-rx-97qickbb9-14777843/
Zotac GeForce RTX 5070 Solid OC 12GB GDDR7 DLSS4,,Zotac GeForce RTX 5070 Solid OC 12GB GDDR7 DLSS4,6.0,120.0,"2 845,01 zł",GeForce RTX 5070,304 mm,304 mm,2542 MHz,ZT-B50700J-10P,,,https://images.morele.net/i256/14764365_7_i256.jpg,https://www.morele.net/karta-graficzna-zotac-geforce-rtx-5070-solid-oc-12gb-gddr7-dlss4-zt-b50700j-10p-14764365/
Power Color Fighter Radeon RX 7800 XT 16GB GDDR6,,Power Color Fighter Radeon RX 7800 XT 16GB GDDR6,25.0,75.6,"2 358,87 zł",Radeon RX 7800 XT,303 mm,303 mm,2475 MHz,RX 7800 XT 16G-F/OC,,,https://images.morele.net/i256/13126723_1_i256.jpg,https://www.morele.net/karta-graficzna-power-color-fighter-radeon-rx-7800-xt-16gb-gddr6-rx-7800-xt-16g-f-oc-13126723/
XFX Speedster SWFT 210 Radeon RX 7800 XT Core 16GB GDDR6,,XFX Speedster SWFT 210 Radeon RX 7800 XT Core 16GB GDDR6,25.0,75.6,"2 318,73 zł",Radeon RX 7800 XT,283 mm,283 mm,2430 MHz,RX-78TSWFTFP,,,https://images.morele.net/i256/13918672_0_i256.jpg,https://www.morele.net/karta-graficzna-xfx-speedster-swft-210-radeon-rx-7800-xt-core-16gb-gddr6-rx-78tswftfp-13918672/
Palit GeForce RTX 5060 Ti Infinity 3 OC 16GB GDDR7 DLSS4,,Palit GeForce RTX 5060 Ti Infinity 3 OC 16GB GDDR7 DLSS4,28.0,71.5,"2 184,04 zł",,,,,NE7506TS19T1-GB2061S,,,https://images.morele.net/i256/14848078_0_i256.jpg,https://www.morele.net/karta-graficzna-palit-geforce-rtx-5060-ti-infinity-3-oc-16gb-gddr7-dlss4-ne7506ts19t1-gb2061s-14848078/
Asus Dual Radeon RX 7700 XT OC 12GB GDDR6,,Asus Dual Radeon RX 7700 XT OC 12GB GDDR6,33.0,65.1,2 049 zł,Radeon RX 7700 XT,280 mm,280 mm,2599 MHz,DUAL-RX7700XT-O12G,,,https://images.morele.net/i256/13169804_13_i256.jpg,https://www.morele.net/karta-graficzna-asus-dual-radeon-rx-7700-xt-oc-12gb-gddr6-dual-rx7700xt-o12g-13169804/
Sapphire Pure Radeon RX 7700 XT Frost Punk 2 Edition 12GB GDDR6,,Sapphire Pure Radeon RX 7700 XT Frost Punk 2 Edition 12GB GDDR6,33.0,65.1,"1 965,74 zł",Radeon RX 7700 XT,320 mm,320 mm,2584 MHz,11335-08-50G,,,https://images.morele.net/i256/13269242_0_i256.jpg,https://www.morele.net/karta-graficzna-sapphire-pure-radeon-rx-7700-xt-frost-punk-2-edition-12gb-gddr6-11335-08-50g-13269242/
Asus Phoenix GeForce RTX 3050 V2 8GB GDDR6,,Asus Phoenix GeForce RTX 3050 V2 8GB GDDR6,108.0,31.0,"1 231,61 zł",GeForce RTX 3050,178 mm,178 mm,1807 MHz,PH-RTX3050-8G-V2,,,https://images.morele.net/i256/12801289_1_i256.jpg,https://www.morele.net/karta-graficzna-asus-phoenix-geforce-rtx-3050-v2-8gb-gddr6-ph-rtx3050-8g-v2-12801289/
ASRock Arc B570 Challenger OC 10GB GDDR6,,ASRock Arc B570 Challenger OC 10GB GDDR6,72.0,41.7,1 199 zł,Arc B570,249 mm,249 mm,2600 MHz,B570 CL 10GO,,,https://images.morele.net/i256/14453145_0_i256.jpg,https://www.morele.net/karta-graficzna-asrock-arc-b570-challenger-oc-10gb-gddr6-b570-cl-10go-14453145/
Gainward GeForce RTX 3050 Pegasus 8GB GDDR6,,Gainward GeForce RTX 3050 Pegasus 8GB GDDR6,108.0,31.0,"1 115,83 zł",GeForce RTX 3050,162 mm,162 mm,1777 MHz,471056224-3734,,,https://images.morele.net/i256/12593890_11_i256.jpg,https://www.morele.net/karta-graficzna-gainward-geforce-rtx-3050-pegasus-8gb-gddr6-471056224-3734-12593890/
Inno3D GeForce RTX 3050 Twin X2 8GB GDDR6,,Inno3D GeForce RTX 3050 Twin X2 8GB GDDR6,108.0,31.0,"978,99 zł",,,,,N30502-08D6-1711VA41,,,https://images.morele.net/i256/13133686_0_i256.jpg,https://www.morele.net/karta-graficzna-inno3d-geforce-rtx-3050-twin-x2-8gb-gddr6-n30502-08d6-1711va41-13133686/
Gigabyte GeForce RTX 3050 Windforce OC V2 6GB GDDR6,,Gigabyte GeForce RTX 3050 Windforce OC V2 6GB GDDR6,108.0,31.0,778 zł,GeForce RTX 3050,191 mm,191 mm,1477 MHz,GV-N3050WF2OCV2-6GD,,,https://images.morele.net/i256/14454835_1_i256.jpg,https://www.morele.net/karta-graficzna-gigabyte-geforce-rtx-3050-windforce-oc-v2-6gb-gddr6-gv-n3050wf2ocv2-6gd-14454835/
AFOX GeForce GT 710 4GB DDR3,,AFOX GeForce GT 710 4GB DDR3,379.0,1.45,"209,95 zł",GeForce GT 710,Brak danych,Brak danych,Nie dotyczy,AF710-4096D3L7-V1,,,https://images.morele.net/i256/12996419_0_i256.jpg,https://www.morele.net/karta-graficzna-afox-geforce-gt-710-4gb-ddr3-af710-4096d3l7-v1-12996419/
Gigabyte GeForce RTX 5070 Ti Windforce OC SFF 16GB GDDR7,,Gigabyte GeForce RTX 5070 Ti Windforce OC SFF 16GB GDDR7,6.0,120.0,"5 104,54 zł",,,,,GV-N507TWF3OC-16GD,,,https://images.morele.net/i256/14485558_8_i256.jpg,https://www.morele.net/karta-graficzna-gigabyte-geforce-rtx-5070-ti-windforce-oc-sff-16gb-gddr7-gv-n507twf3oc-16gd-14485558/
Power Color Hellhound Radeon RX 7800 XT 16GB GDDR6,,Power Color Hellhound Radeon RX 7800 XT 16GB GDDR6,25.0,75.6,"2 411,98 zł",Radeon RX 7800 XT,332 mm,332 mm,2520 MHz,RX 7800 XT 16G-L/OC,,,https://images.morele.net/i256/13095054_0_i256.jpg,https://www.morele.net/karta-graficzna-power-color-hellhound-radeon-rx-7800-xt-16gb-gddr6-rx-7800-xt-16g-l-oc-13095054/
PNY Quadro P1000 4GB GDDR5,,PNY Quadro P1000 4GB GDDR5,200.0,10.1,"1 519,98 zł",Quadro P1000,145 mm,145 mm,1455 MHz,VCQP1000V2-PB,,,https://images.morele.net/i256/6535146_0_i256.jpg,https://www.morele.net/karta-graficzna-pny-quadro-p1000-4gb-gddr5-vcqp1000v2-pb-6535146/
Asus Dual GeForce RTX 3050 OC 6GB GDDR6,,Asus Dual GeForce RTX 3050 OC 6GB GDDR6,108.0,31.0,799 zł,GeForce RTX 3050,201 mm,201 mm,1537 MHz,DUAL-RTX3050-O6G,,,https://images.morele.net/i256/13177948_1_i256.jpg,https://www.morele.net/karta-graficzna-asus-dual-geforce-rtx-3050-oc-6gb-gddr6-dual-rtx3050-o6g-13177948/
PNY GeForce RTX 3050 Verto Dual 6GB GDDR6,,PNY GeForce RTX 3050 Verto Dual 6GB GDDR6,108.0,31.0,759 zł,GeForce RTX 3050,186 mm,186 mm,1470 MHz,VCG30506DFXPB1,,,https://images.morele.net/i256/13229488_10_i256.jpg,https://www.morele.net/karta-graficzna-pny-geforce-rtx-3050-verto-dual-6gb-gddr6-vcg30506dfxpb1-13229488/
Inno3D GeForce GT 710 2GB DDR3,,Inno3D GeForce GT 710 2GB DDR3,379.0,1.45,"196,95 zł",GeForce GT 710,146 mm,146 mm,Nie dotyczy,N710-1SDV-E3BX,,,https://images.morele.net/i256/857511_0_i256.jpeg,https://www.morele.net/karta-graficzna-inno3d-geforce-gt-710-2gb-ddr3-n710-1sdv-e3bx-857511/
Palit GeForce RTX 5080 GameRock 16GB GDDR7,,Palit GeForce RTX 5080 GameRock 16GB GDDR7,3.0,139.0,5 999 zł,GeForce RTX 5080,332 mm,332 mm,2617 MHz,NE75080019T2-GB2030G,,,https://images.morele.net/i256/14485258_0_i256.jpg,https://www.morele.net/karta-graficzna-palit-geforce-rtx-5080-gamerock-16gb-gddr7-ne75080019t2-gb2030g-14485258/
Asus Prime GeForce RTX 5070 Ti OC 16GB GDDR7,,Asus Prime GeForce RTX 5070 Ti OC 16GB GDDR7,6.0,120.0,4 399 zł,GeForce RTX 5070 Ti,306 mm,306 mm,2527 MHz,PRIME-RTX5070TI-O16G,,,https://images.morele.net/i256/14486804_0_i256.jpg,https://www.morele.net/karta-graficzna-asus-prime-geforce-rtx-5070-ti-oc-16gb-gddr7-prime-rtx5070ti-o16g-14486804/
Sapphire Pure Radeon RX 9070 XT 16GB GDDR6,,Sapphire Pure Radeon RX 9070 XT 16GB GDDR6,11.0,97.7,"3 499,01 zł",Radeon RX 9070 XT,320 mm,320 mm,3010 MHz,11348-02-20G,,,https://images.morele.net/i256/14732576_0_i256.jpg,https://www.morele.net/karta-graficzna-sapphire-pure-radeon-rx-9070-xt-16gb-gddr6-11348-02-20g-14732576/
Gigabyte GeForce RTX 5070 Windforce SFF 12GB GDDR7 DLSS4,,Gigabyte GeForce RTX 5070 Windforce SFF 12GB GDDR7 DLSS4,6.0,120.0,2 839 zł,GeForce RTX 5070,282 mm,282 mm,Brak danych,GV-N5070WF3-12GD,,,https://images.morele.net/i256/14855269_0_i256.jpg,https://www.morele.net/karta-graficzna-gigabyte-geforce-rtx-5070-windforce-sff-12gb-gddr7-dlss4-gv-n5070wf3-12gd-14855269/
Power Color Fighter Radeon RX 7700 XT 12GB GDDR6,,Power Color Fighter Radeon RX 7700 XT 12GB GDDR6,33.0,65.1,2 121 zł,Radeon RX 7700 XT,303 mm,303 mm,2250 MHz,RX 7700 XT 12G-F/OC,,,https://images.morele.net/i256/13095057_0_i256.jpg,https://www.morele.net/karta-graficzna-power-color-fighter-radeon-rx-7700-xt-12gb-gddr6-rx-7700-xt-12g-f-oc-13095057/
Sparkle Arc A770 Titan OC Edition 16GB GDDR6,,Sparkle Arc A770 Titan OC Edition 16GB GDDR6,64.0,46.1,"1 431,63 zł",Arc A770,306 mm,306 mm,2300 MHz,SA770T-16GOC,,,https://images.morele.net/i256/13120230_0_i256.jpg,https://www.morele.net/karta-graficzna-sparkle-arc-a770-titan-oc-edition-16gb-gddr6-sa770t-16goc-13120230/
Sparkle Arc B580 Titan OC 12GB GDDR6,,Sparkle Arc B580 Titan OC 12GB GDDR6,63.0,46.1,"1 371,82 zł",Arc B580,315 mm,315 mm,2740 MHz,SB580T-12GOC,,,https://images.morele.net/i256/14460684_0_i256.jpg,https://www.morele.net/karta-graficzna-sparkle-arc-b580-titan-oc-12gb-gddr6-sb580t-12goc-14460684/
ASRock Arc A770 Challenger OC 16GB GDDR6,,ASRock Arc A770 Challenger OC 16GB GDDR6,64.0,46.1,"1 289,22 zł",Arc A770,271 mm,271 mm,2400 MHz,A770 CL 16GO,,,https://images.morele.net/i256/13122494_0_i256.jpg,https://www.morele.net/karta-graficzna-asrock-arc-a770-challenger-oc-16gb-gddr6-a770-cl-16go-13122494/
Power Color Radeon RX 7600 Fighter 8GB GDDR6,,Power Color Radeon RX 7600 Fighter 8GB GDDR6,53.0,49.6,"1 105,77 zł",Radeon RX 7600,200 mm,200 mm,2655 MHz,RX 7600 8G-F,,,https://images.morele.net/i256/12919739_0_i256.jpg,https://www.morele.net/karta-graficzna-power-color-radeon-rx-7600-fighter-8gb-gddr6-rx-7600-8g-f-12919739/
Sparkle Arc A310 ECO 4GB GDDR6,,Sparkle Arc A310 ECO 4GB GDDR6,437.0,0.42,"528,99 zł",Arc A310,156 mm,156 mm,Brak danych,SA310C-4G,,,https://images.morele.net/i256/13248526_1_i256.jpg,https://www.morele.net/karta-graficzna-sparkle-arc-a310-eco-4gb-gddr6-sa310c-4g-13248526/
Biostar GeForce GT 610 2GB DDR3,,Biostar GeForce GT 610 2GB DDR3,423.0,0.71,"201,99 zł",GeForce GT 610,Brak danych,Brak danych,Nie dotyczy,VN6103THX6,,,https://images.morele.net/i256/5946476_1_i256.jpg,https://www.morele.net/karta-graficzna-biostar-geforce-gt-610-2gb-ddr3-vn6103thx6-5946476/
Zotac GeForce GT 710 2GB DDR3,,Zotac GeForce GT 710 2GB DDR3,379.0,1.45,"196,07 zł",GeForce GT 710,Brak danych,Brak danych,Brak danych,ZT-71310-10L,,,https://images.morele.net/i256/11735967_1_i256.jpg,https://www.morele.net/karta-graficzna-zotac-geforce-gt-710-2gb-ddr3-zt-71310-10l-11735967/
Sapphire Pulse Radeon RX 9070 XT 16GB GDDR6,,Sapphire Pulse Radeon RX 9070 XT 16GB GDDR6,11.0,97.7,"3 454,79 zł",Radeon RX 9070 XT,320 mm,320 mm,2970 MHz,11348-03-20G,,,https://images.morele.net/i256/14732579_0_i256.jpg,https://www.morele.net/karta-graficzna-sapphire-pulse-radeon-rx-9070-xt-16gb-gddr6-11348-03-20g-14732579/
Asus TUF GeForce RTX 5070 Ti OC 16GB GDDR7,,Asus TUF GeForce RTX 5070 Ti OC 16GB GDDR7,6.0,120.0,4 699 zł,GeForce RTX 5070 Ti,329 mm,329 mm,2610 MHz,TUF-RTX5070TI-O16G-GAMING,,,https://images.morele.net/i256/14486744_0_i256.jpg,https://www.morele.net/karta-graficzna-asus-tuf-geforce-rtx-5070-ti-oc-16gb-gddr7-tuf-rtx5070ti-o16g-gaming-14486744/
Asus Prime GeForce RTX 5070 OC 12GB GDDR7 DLSS4,,Asus Prime GeForce RTX 5070 OC 12GB GDDR7 DLSS4,6.0,120.0,2 849 zł,,,,,PRIME-RTX5070-O12G,,,https://images.morele.net/i256/14735376_0_i256.jpg,https://www.morele.net/karta-graficzna-asus-prime-geforce-rtx-5070-oc-12gb-gddr7-dlss4-prime-rtx5070-o12g-14735376/
Asus TUF Gaming Radeon RX 7700 XT OC 12GB GDDR6,,Asus TUF Gaming Radeon RX 7700 XT OC 12GB GDDR6,33.0,65.1,,Radeon RX 7700 XT,320 mm,320 mm,2599 MHz,TUF-RX7700XT-O12G-GAMING,,,https://images.morele.net/i256/13115237_15_i256.jpg,https://www.morele.net/karta-graficzna-asus-tuf-gaming-radeon-rx-7700-xt-oc-12gb-gddr6-tuf-rx7700xt-o12g-gaming-13115237/
ASRock Arc A750 Challenger D OC 8GB GDDR6,,ASRock Arc A750 Challenger D OC 8GB GDDR6,74.0,41.6,"1 501,99 zł",Arc A750,271 mm,271 mm,Brak danych,A750 CLD 8GO,,,https://images.morele.net/i256/12285820_5_i256.jpg,https://www.morele.net/karta-graficzna-asrock-arc-a750-challenger-d-oc-8gb-gddr6-a750-cld-8go-12285820/
Sapphire Nitro+ Radeon RX 9070 XT 16GB GDDR6,,Sapphire Nitro+ Radeon RX 9070 XT 16GB GDDR6,11.0,97.7,"3 646,49 zł",Radeon RX 9070 XT,331 mm,331 mm,3060 MHz,11348-01-20G,,,https://images.morele.net/i256/14732572_0_i256.jpg,https://www.morele.net/karta-graficzna-sapphire-nitro-radeon-rx-9070-xt-16gb-gddr6-11348-01-20g-14732572/
XFX Swift Radeon RX 9070 OC Triple Fan Gaming 16GB GDDR6,,XFX Swift Radeon RX 9070 OC Triple Fan Gaming 16GB GDDR6,11.0,97.7,3 249 zł,,,,,RX-97SWFB3B9,,,https://images.morele.net/i256/14739182_0_i256.jpg,https://www.morele.net/karta-graficzna-xfx-swift-radeon-rx-9070-oc-triple-fan-gaming-16gb-gddr6-rx-97swfb3b9-14739182/
Gigabyte Radeon RX 9070 Gaming OC 16GB GDDR6,,Gigabyte Radeon RX 9070 Gaming OC 16GB GDDR6,11.0,97.7,3 199 zł,Radeon RX 9070,288 mm,288 mm,Brak danych,GV-R9070GAMING OC-16GD,,,https://images.morele.net/i256/14731782_0_i256.jpg,https://www.morele.net/karta-graficzna-gigabyte-radeon-rx-9070-gaming-oc-16gb-gddr6-gv-r9070gaming-oc-16gd-14731782/
Gigabyte GeForce RTX 5070 Windforce OC SFF 12GB GDDR7,,Gigabyte GeForce RTX 5070 Windforce OC SFF 12GB GDDR7,6.0,120.0,2 899 zł,GeForce RTX 5070,282 mm,282 mm,Brak danych,GV-N5070WF3OC-12GD,,,https://images.morele.net/i256/14485262_5_i256.jpg,https://www.morele.net/karta-graficzna-gigabyte-geforce-rtx-5070-windforce-oc-sff-12gb-gddr7-gv-n5070wf3oc-12gd-14485262/
ASRock Arc B580 Challenger OC 12GB GDDR6,,ASRock Arc B580 Challenger OC 12GB GDDR6,63.0,46.1,"1 295,26 zł",Arc B580,249 mm,249 mm,2740 MHz,B580 CL 12GO,,,https://images.morele.net/i256/14450505_0_i256.jpg,https://www.morele.net/karta-graficzna-asrock-arc-b580-challenger-oc-12gb-gddr6-b580-cl-12go-14450505/
AFOX GeForce GT 210 1GB DDR2,,AFOX GeForce GT 210 1GB DDR2,439.0,0.37,"146,03 zł",GeForce GT 210,150 mm,150 mm,Nie dotyczy,AF210-1024D2LG2-V7,,,https://images.morele.net/i256/6699669_0_i256.jpg,https://www.morele.net/karta-graficzna-afox-geforce-gt-210-1gb-ddr2-af210-1024d2lg2-v7-6699669/
Gigabyte AORUS Radeon RX 9070 XT Elite 16GB GDDR6,,Gigabyte AORUS Radeon RX 9070 XT Elite 16GB GDDR6,11.0,97.7,3 599 zł,Radeon RX 9070 XT,339 mm,339 mm,Brak danych,GV-R9070XTAORUS E-16GD,,,https://images.morele.net/i256/14731776_0_i256.jpg,https://www.morele.net/karta-graficzna-gigabyte-aorus-radeon-rx-9070-xt-elite-16gb-gddr6-gv-r9070xtaorus-e-16gd-14731776/
Gigabyte GeForce RTX 5080 Gaming OC 16GB GDDR7,,Gigabyte GeForce RTX 5080 Gaming OC 16GB GDDR7,3.0,139.0,5 999 zł,GeForce RTX 5080,342 mm,342 mm,2730 MHz,GV-N5080GAMING OC-16GD,,,https://images.morele.net/i256/14485974_8_i256.jpg,https://www.morele.net/karta-graficzna-gigabyte-geforce-rtx-5080-gaming-oc-16gb-gddr7-gv-n5080gaming-oc-16gd-14485974/
Zotac Gaming GeForce RTX 5070 Ti AMP Extreme INFINITY 16GB GDDR7,,Zotac Gaming GeForce RTX 5070 Ti AMP Extreme INFINITY 16GB GDDR7,6.0,120.0,"4 624,68 zł",GeForce RTX 5070 Ti,332 mm,332 mm,2512 MHz,ZT-B50710B-10P,,,https://images.morele.net/i256/14689677_7_i256.jpg,https://www.morele.net/karta-graficzna-zotac-gaming-geforce-rtx-5070-ti-amp-extreme-infinity-16gb-gddr7-zt-b50710b-10p-14689677/
XFX Mercury Radeon RX 9070 XT OC Gaming RGB 16GB GDDR6,,XFX Mercury Radeon RX 9070 XT OC Gaming RGB 16GB GDDR6,11.0,97.7,"3 720,35 zł",Radeon RX 9070 XT,360 mm,360 mm,3100 MHz,RX-97TRGBBB9,,,https://images.morele.net/i256/14771925_8_i256.jpg,https://www.morele.net/karta-graficzna-xfx-mercury-radeon-rx-9070-xt-oc-gaming-rgb-16gb-gddr6-rx-97trgbbb9-14771925/
XFX Swift Radeon RX 9070 XT Triple Fan Gaming 16GB GDDR6,,XFX Swift Radeon RX 9070 XT Triple Fan Gaming 16GB GDDR6,11.0,97.7,"3 440,16 zł",Radeon RX 9070 XT,325 mm,325 mm,2970 MHz,RX-97TSWF3B9,,,https://images.morele.net/i256/14739185_0_i256.jpg,https://www.morele.net/karta-graficzna-xfx-swift-radeon-rx-9070-xt-triple-fan-gaming-16gb-gddr6-rx-97tswf3b9-14739185/
XFX Speedster SWFT 210 Radeon RX 7600 XT 16GB GDDR6,,XFX Speedster SWFT 210 Radeon RX 7600 XT 16GB GDDR6,53.0,49.6,1 690 zł,Radeon RX 7600 XT,241 mm,241 mm,2755 MHz,RX-76TSWFTFP,,,https://images.morele.net/i256/13174189_5_i256.jpg,https://www.morele.net/karta-graficzna-xfx-speedster-swft-210-radeon-rx-7600-xt-16gb-gddr6-rx-76tswftfp-13174189/
Biostar Radeon RX 580 8GB GDDR5,,Biostar Radeon RX 580 8GB GDDR5,132.0,21.5,"534,71 zł",Radeon RX 580,Brak danych,Brak danych,Brak danych,VA5815TQ82,,,https://images.morele.net/i256/13172856_1_i256.jpg,https://www.morele.net/karta-graficzna-biostar-radeon-rx-580-8gb-gddr5-va5815tq82-13172856/
XFX Speedster QICK 308 Radeon RX 7600 8GB GDDR6,,XFX Speedster QICK 308 Radeon RX 7600 8GB GDDR6,53.0,49.6,"1 252,93 zł",Radeon RX 7600,274 mm,274 mm,2755 MHz,RX-76PQICKBY,,,https://images.morele.net/i256/12967120_0_i256.jpg,https://www.morele.net/karta-graficzna-xfx-speedster-qick-308-radeon-rx-7600-8gb-gddr6-rx-76pqickby-12967120/
Gigabyte GeForce RTX 5070 Ti Aero OC 16GB GDDR7,,Gigabyte GeForce RTX 5070 Ti Aero OC 16GB GDDR7,6.0,120.0,4 599 zł,GeForce RTX 5070 Ti,340 mm,340 mm,2588 MHz,GV-N507TAERO OC-16GD,,,https://images.morele.net/i256/14485810_9_i256.jpg,https://www.morele.net/karta-graficzna-gigabyte-geforce-rtx-5070-ti-aero-oc-16gb-gddr7-gv-n507taero-oc-16gd-14485810/
AMD Radeon Pro WX 3200 4GB GDDR5,,AMD Radeon Pro WX 3200 4GB GDDR5,407.0,0.89,"609,54 zł",Radeon Pro WX 3200,168 mm,168 mm,Nie dotyczy,100-506115,,,https://images.morele.net/i256/6660027_0_i256.jpg,https://www.morele.net/karta-graficzna-amd-radeon-pro-wx-3200-4gb-gddr5-100-506115-6660027/
Gigabyte GeForce RTX 5070 Ti Gaming OC 16GB GDDR7,,Gigabyte GeForce RTX 5070 Ti Gaming OC 16GB GDDR7,6.0,120.0,4 399 zł,GeForce RTX 5070 Ti,342 mm,342 mm,2588 MHz,GV-N507TGAMING OC-16GD,,,https://images.morele.net/i256/14485809_11_i256.jpg,https://www.morele.net/karta-graficzna-gigabyte-geforce-rtx-5070-ti-gaming-oc-16gb-gddr7-gv-n507tgaming-oc-16gd-14485809/
Sapphire Pulse Radeon RX 7600 XT OC 16GB GDDR6,,Sapphire Pulse Radeon RX 7600 XT OC 16GB GDDR6,53.0,49.6,1 609 zł,Radeon RX 7600 XT,250 mm,250 mm,2755 MHz,11339-04-20G,,,https://images.morele.net/i256/13173835_4_i256.jpg,https://www.morele.net/karta-graficzna-sapphire-pulse-radeon-rx-7600-xt-oc-16gb-gddr6-11339-04-20g-13173835/
PNY GeForce RTX 3050 XLR8 Gaming Revel Epic-X 8GB GDDR6,,PNY GeForce RTX 3050 XLR8 Gaming Revel Epic-X 8GB GDDR6,108.0,31.0,1 559 zł,GeForce RTX 3050,247 mm,247 mm,1777 MHz,VCG30508DFXPPB,,,https://images.morele.net/i256/9865542_0_i256.jpg,https://www.morele.net/karta-graficzna-pny-geforce-rtx-3050-xlr8-gaming-revel-epic-x-8gb-gddr6-vcg30508dfxppb-9865542/
Intel Arc A750 Limited Edition 8GB GDDR6,,Intel Arc A750 Limited Edition 8GB GDDR6,74.0,41.6,"1 133,67 zł",Arc A750,Brak danych,Brak danych,Brak danych,21P02J00BA,,,https://images.morele.net/i256/12241383_3_i256.jpg,https://www.morele.net/karta-graficzna-intel-arc-a750-limited-edition-8gb-gddr6-21p02j00ba-12241383/
Palit GeForce RTX 3050 StormX 8GB GDDR6,,Palit GeForce RTX 3050 StormX 8GB GDDR6,108.0,31.0,829 zł,GeForce RTX 3050,162 mm,162 mm,1777 MHz,NE63050018P1-1070F,,,https://images.morele.net/i256/12510464_3_i256.jpg,https://www.morele.net/karta-graficzna-palit-geforce-rtx-3050-stormx-8gb-gddr6-ne63050018p1-1070f-12510464/
Biostar Radeon RX 550 4GB GDDR5,,Biostar Radeon RX 550 4GB GDDR5,245.0,5.95,"384,72 zł",Radeon RX 550,Brak danych,Brak danych,1183 MHz,VA5505RF41-SBHRA-BS2,,,https://images.morele.net/i256/5949843_0_i256.jpg,https://www.morele.net/karta-graficzna-biostar-radeon-rx-550-4gb-gddr5-va5505rf41-sbhra-bs2-5949843/
Biostar GeForce GT 210 1GB DDR3,,Biostar GeForce GT 210 1GB DDR3,439.0,0.37,"158,83 zł",GeForce GT 210,Brak danych,Brak danych,Brak danych,VN2103NHG6-TBARL-BS2,,,https://images.morele.net/i256/8408286_0_i256.jpg,https://www.morele.net/karta-graficzna-biostar-geforce-gt-210-1gb-ddr3-vn2103nhg6-tbarl-bs2-8408286/
Gigabyte Radeon RX 9070 XT Gaming OC 16GB GDDR6,,Gigabyte Radeon RX 9070 XT Gaming OC 16GB GDDR6,11.0,97.7,3 659 zł,Radeon RX 9070 XT,288 mm,288 mm,Brak danych,GV-R9070XTGAMING OC-16GD,,,https://images.morele.net/i256/14731777_0_i256.jpg,https://www.morele.net/karta-graficzna-gigabyte-radeon-rx-9070-xt-gaming-oc-16gb-gddr6-gv-r9070xtgaming-oc-16gd-14731777/
ASRock Radeon RX 7600 Challenger OC 8GB GDDR6,,ASRock Radeon RX 7600 Challenger OC 8GB GDDR6,53.0,49.6,"1 110,86 zł",Radeon RX 7600,270 mm,270 mm,2695 MHz,RX 7600 CL 8GO,,,https://images.morele.net/i256/12899796_0_i256.jpg,https://www.morele.net/karta-graficzna-asrock-radeon-rx-7600-challenger-oc-8gb-gddr6-rx-7600-cl-8go-12899796/
Sapphire Pulse Radeon RX 7900 XTX 24GB GDDR6,,Sapphire Pulse Radeon RX 7900 XTX 24GB GDDR6,7.0,108.0,"4 780,35 zł",Radeon RX 7900 XTX,313 mm,313 mm,2525 MHz,11322-02-20G,,,https://images.morele.net/i256/12801358_1_i256.jpg,https://www.morele.net/karta-graficzna-sapphire-pulse-radeon-rx-7900-xtx-24gb-gddr6-11322-02-20g-12801358/
Power Color Radeon RX 7900 XTX Hellhound 24GB GDDR6,,Power Color Radeon RX 7900 XTX Hellhound 24GB GDDR6,7.0,108.0,"4 010,99 zł",Radeon RX 7900 XTX,320 mm,320 mm,2525 MHz,RX 7900 XTX 24G-L/OC,,,https://images.morele.net/i256/12629158_0_i256.jpg,https://www.morele.net/karta-graficzna-power-color-radeon-rx-7900-xtx-hellhound-24gb-gddr6-rx-7900-xtx-24g-l-oc-12629158/
XFX Speedster MERC 310 Radeon RX 7900 GRE 16GB GDDR6,,XFX Speedster MERC 310 Radeon RX 7900 GRE 16GB GDDR6,7.0,108.0,"2 963,99 zł",Radeon RX 7900 GRE,335 mm,335 mm,2395 MHz,RX-79GMERCB9,,,https://images.morele.net/i256/13180389_0_i256.jpg,https://www.morele.net/karta-graficzna-xfx-speedster-merc-310-radeon-rx-7900-gre-16gb-gddr6-rx-79gmercb9-13180389/
Power Color Red Devil Radeon RX 7800 XT 16GB GDDR6,,Power Color Red Devil Radeon RX 7800 XT 16GB GDDR6,25.0,75.6,"2 506,34 zł",Radeon RX 7800 XT,345 mm,345 mm,2425 MHz,RX 7800 XT 16G-E/OC,,,https://images.morele.net/i256/13095050_0_i256.jpg,https://www.morele.net/karta-graficzna-power-color-red-devil-radeon-rx-7800-xt-16gb-gddr6-rx-7800-xt-16g-e-oc-13095050/
Gigabyte Radeon RX 7900 XT Gaming OC 20GB GDDR6,,Gigabyte Radeon RX 7900 XT Gaming OC 20GB GDDR6,7.0,108.0,"3 187,53 zł",Radeon RX 7900 XT,331 mm,331 mm,2535 MHz,GV-R79XTGAMING OC-20GD,,,https://images.morele.net/i256/12456937_0_i256.jpg,https://www.morele.net/karta-graficzna-gigabyte-radeon-rx-7900-xt-gaming-oc-20gb-gddr6-gv-r79xtgaming-oc-20gd-12456937/
XFX Speedster SWFT 210 Radeon RX 7600 8GB GDDR6,,XFX Speedster SWFT 210 Radeon RX 7600 8GB GDDR6,53.0,49.6,"1 171,69 zł",Radeon RX 7600,241 mm,241 mm,2655 MHz,RX-76PSWFTFY,,,https://images.morele.net/i256/12967121_0_i256.jpg,https://www.morele.net/karta-graficzna-xfx-speedster-swft-210-radeon-rx-7600-8gb-gddr6-rx-76pswftfy-12967121/
Palit GeForce RTX 3050 Dual 8GB GDDR6,,Palit GeForce RTX 3050 Dual 8GB GDDR6,108.0,31.0,"2 002,17 zł",GeForce RTX 3050,245 mm,245 mm,Brak danych,NE63050019P1-190AD,,,https://images.morele.net/i256/9710310_0_i256.jpg,https://www.morele.net/karta-graficzna-palit-geforce-rtx-3050-dual-8gb-gddr6-ne63050019p1-190ad-9710310/
Gigabyte GeForce GT 1030 Low Profile D4 2GB DDR4,,Gigabyte GeForce GT 1030 Low Profile D4 2GB DDR4,252.0,5.71,"347,68 zł",GeForce GT 1030,150 mm,150 mm,1417 MHz,GV-N1030D4-2GL,,,https://images.morele.net/i256/4107408_3_i256.jpg,https://www.morele.net/karta-graficzna-gigabyte-geforce-gt-1030-low-profile-d4-2gb-ddr4-gv-n1030d4-2gl-4107408/
Sapphire Pure Radeon RX 7700 XT 12GB GDDR6,,Sapphire Pure Radeon RX 7700 XT 12GB GDDR6,33.0,65.1,"1 866,37 zł",Radeon RX 7700 XT,320 mm,320 mm,2584 MHz,11335-03-20G,,,https://images.morele.net/i256/13119843_0_i256.jpg,https://www.morele.net/karta-graficzna-sapphire-pure-radeon-rx-7700-xt-12gb-gddr6-11335-03-20g-13119843/
AFOX Geforce GT 210 1GB DDR2,,AFOX Geforce GT 210 1GB DDR2,439.0,0.37,184 zł,GeForce GT 210,Brak danych,Brak danych,Brak danych,AF210-1024D2LG2,,,https://images.morele.net/i256/6747499_4_i256.jpg,https://www.morele.net/karta-graficzna-afox-geforce-gt-210-1gb-ddr2-af210-1024d2lg2-6747499/
Sapphire Nitro+ Radeon RX 7700 XT 12GB GDDR6,,Sapphire Nitro+ Radeon RX 7700 XT 12GB GDDR6,33.0,65.1,2 099 zł,Radeon RX 7700 XT,320 mm,320 mm,2599 MHz,11335-02-20G,,,https://images.morele.net/i256/13122438_0_i256.jpg,https://www.morele.net/karta-graficzna-sapphire-nitro-radeon-rx-7700-xt-12gb-gddr6-11335-02-20g-13122438/
Zotac GeForce GT 1030 LP 2GB GDDR5,,Zotac GeForce GT 1030 LP 2GB GDDR5,252.0,5.71,"349,98 zł",GeForce GT 1030,172 mm,172 mm,1468 MHz,ZT-P10300A-10L,,,https://images.morele.net/i256/1293090_0_i256.jpg,https://www.morele.net/karta-graficzna-zotac-geforce-gt-1030-lp-2gb-gddr5-zt-p10300a-10l-1293090/
ASRock Radeon RX 7800 XT Steel Legend OC 16GB GDDR6,,ASRock Radeon RX 7800 XT Steel Legend OC 16GB GDDR6,25.0,75.6,"2 387,13 zł",Radeon RX 7800 XT,304 mm,304 mm,2520 MHz,RX7800XT SL 16GO,,,https://images.morele.net/i256/13095052_1_i256.jpg,https://www.morele.net/karta-graficzna-asrock-radeon-rx-7800-xt-steel-legend-oc-16gb-gddr6-rx7800xt-sl-16go-13095052/
Zotac GeForce GT 730 Zone 4GB DDR3,,Zotac GeForce GT 730 Zone 4GB DDR3,357.0,1.99,"395,47 zł",GeForce GT 730,146 mm,146 mm,Nie dotyczy,ZT-71115-20L,,,https://images.morele.net/i256/800628_0_i256.jpeg,https://www.morele.net/karta-graficzna-zotac-geforce-gt-730-zone-4gb-ddr3-zt-71115-20l-800628/
Biostar GeForce GT 1030 4GB DDR4,,Biostar GeForce GT 1030 4GB DDR4,252.0,5.71,"410,96 zł",GeForce GT 1030,160 mm,160 mm,Brak danych,VN1034TB46-TB1RA-BS2,,,https://images.morele.net/i256/7953789_0_i256.jpg,https://www.morele.net/karta-graficzna-biostar-geforce-gt-1030-4gb-ddr4-vn1034tb46-tb1ra-bs2-7953789/
XFX Radeon RX 7900 XTX Speedster MERC 310 Black Edition 24GB GDDR6,,XFX Radeon RX 7900 XTX Speedster MERC 310 Black Edition 24GB GDDR6,7.0,108.0,"4 174,76 zł",Radeon RX 7900 XTX,344 mm,344 mm,2615 MHz,RX-79XMERCB9,,,https://images.morele.net/i256/12456769_0_i256.jpg,https://www.morele.net/karta-graficzna-xfx-radeon-rx-7900-xtx-speedster-merc-310-black-edition-24gb-gddr6-rx-79xmercb9-12456769/
ASRock Radeon RX 7900 XTX Phantom Gaming OC 24GB GDDR6,,ASRock Radeon RX 7900 XTX Phantom Gaming OC 24GB GDDR6,7.0,108.0,"4 099,59 zł",Radeon RX 7900 XTX,330 mm,330 mm,2615 MHz,RX7900XTX PG 24GO,,,https://images.morele.net/i256/12801361_4_i256.jpg,https://www.morele.net/karta-graficzna-asrock-radeon-rx-7900-xtx-phantom-gaming-oc-24gb-gddr6-rx7900xtx-pg-24go-12801361/
Asus TUF Gaming Radeon RX 7800 XT OC 16GB GDDR6,,Asus TUF Gaming Radeon RX 7800 XT OC 16GB GDDR6,25.0,75.6,"2 455,01 zł",Radeon RX 7800 XT,320 mm,320 mm,2565 MHz,TUF-RX7800XT-O16G-GAMING,,,https://images.morele.net/i256/13118393_15_i256.jpg,https://www.morele.net/karta-graficzna-asus-tuf-gaming-radeon-rx-7800-xt-oc-16gb-gddr6-tuf-rx7800xt-o16g-gaming-13118393/
Palit GeForce GT 710 2GB DDR3,,Palit GeForce GT 710 2GB DDR3,379.0,1.45,229 zł,GeForce GT 710,115 mm,115 mm,Nie dotyczy,NEAT7100HD46H,,,https://images.morele.net/i256/852781_0_i256.jpeg,https://www.morele.net/karta-graficzna-palit-geforce-gt-710-2gb-ddr3-neat7100hd46h-852781/
Sapphire Pulse Radeon RX 7800 XT 16GB GDDR6,,Sapphire Pulse Radeon RX 7800 XT 16GB GDDR6,25.0,75.6,2 249 zł,Radeon RX 7800 XT,280 mm,280 mm,2430 MHz,11330-02-20G,,,https://images.morele.net/i256/13095047_0_i256.jpg,https://www.morele.net/karta-graficzna-sapphire-pulse-radeon-rx-7800-xt-16gb-gddr6-11330-02-20g-13095047/
Gigabyte GeForce RTX 3050 Eagle OC 8GB GDDR6,,Gigabyte GeForce RTX 3050 Eagle OC 8GB GDDR6,108.0,31.0,2 097 zł,GeForce RTX 3050,214 mm,214 mm,1792 MHz,GV-N3050EAGLE OC-8GD,,,https://images.morele.net/i256/9710305_0_i256.jpg,https://www.morele.net/karta-graficzna-gigabyte-geforce-rtx-3050-eagle-oc-8gb-gddr6-gv-n3050eagle-oc-8gd-9710305/
Sapphire Nitro+ Radeon RX 7900 XTX Vapor-X 24GB GDDR6,,Sapphire Nitro+ Radeon RX 7900 XTX Vapor-X 24GB GDDR6,7.0,108.0,"4 398,62 zł",Radeon RX 7900 XTX,320 mm,320 mm,2680 MHz,11322-01-40G,,,https://images.morele.net/i256/12778756_1_i256.jpg,https://www.morele.net/karta-graficzna-sapphire-nitro-radeon-rx-7900-xtx-vapor-x-24gb-gddr6-11322-01-40g-12778756/
Sapphire Nitro+ Radeon RX 7800 XT 16GB GDDR6,,Sapphire Nitro+ Radeon RX 7800 XT 16GB GDDR6,25.0,75.6,"2 378,57 zł",Radeon RX 7800 XT,320 mm,320 mm,2565 MHz,11330-01-20G,,,https://images.morele.net/i256/13095048_0_i256.jpg,https://www.morele.net/karta-graficzna-sapphire-nitro-radeon-rx-7800-xt-16gb-gddr6-11330-01-20g-13095048/
ASRock Radeon RX 7900 XTX Creator 24GB GDDR6,,ASRock Radeon RX 7900 XTX Creator 24GB GDDR6,7.0,108.0,4 269 zł,Radeon RX 7900 XTX,312 mm,312 mm,2500 MHz,RX7900XTX CT 24G,,,https://images.morele.net/i256/13797778_0_i256.jpg,https://www.morele.net/karta-graficzna-asrock-radeon-rx-7900-xtx-creator-24gb-gddr6-rx7900xtx-ct-24g-13797778/
ASRock Radeon RX 550 Phantom Gaming 4GB GDDR5,,ASRock Radeon RX 550 Phantom Gaming 4GB GDDR5,245.0,5.95,"364,63 zł",Radeon RX 550,170 mm,170 mm,1230 MHz,PHANTOM G R RX550 4G,,,https://images.morele.net/i256/13261590_5_i256.jpg,https://www.morele.net/karta-graficzna-asrock-radeon-rx-550-phantom-gaming-4gb-gddr5-phantom-g-r-rx550-4g-13261590/
Asus GeForce GT 710 2GB GDDR5 EVO,,Asus GeForce GT 710 2GB GDDR5 EVO,379.0,1.45,209 zł,GeForce GT 710,170 mm,170 mm,Nie dotyczy,GT710-SL-2GD5-BRK-EVO,,,https://images.morele.net/i256/13400605_3_i256.jpg,https://www.morele.net/karta-graficzna-asus-geforce-gt-710-2gb-gddr5-evo-gt710-sl-2gd5-brk-evo-13400605/
Asus Dual GeForce RTX 3050 OC V2 8GB GDDR6,,Asus Dual GeForce RTX 3050 OC V2 8GB GDDR6,108.0,31.0,979 zł,GeForce RTX 3050,200 mm,200 mm,1852 MHz,DUAL-RTX3050-O8G-V2,,,https://images.morele.net/i256/12907657_1_i256.jpg,https://www.morele.net/karta-graficzna-asus-dual-geforce-rtx-3050-oc-v2-8gb-gddr6-dual-rtx3050-o8g-v2-12907657/
AFOX GeForce GT 210 1GB DDR3,,AFOX GeForce GT 210 1GB DDR3,439.0,0.37,"148,85 zł",GeForce GT 210,197 mm,197 mm,Nie dotyczy,AF210-1024D3L5,,,https://images.morele.net/i256/6513026_5_i256.jpg,https://www.morele.net/karta-graficzna-afox-geforce-gt-210-1gb-ddr3-af210-1024d3l5-6513026/
Gigabyte GeForce RTX 4060 Ti Windforce OC 8GB GDDR6,,Gigabyte GeForce RTX 4060 Ti Windforce OC 8GB GDDR6,36.0,60.9,"1 884,79 zł",GeForce RTX 4060 Ti,201 mm,201 mm,2550 MHz,GV-N406TWF2OC-8GD,,,https://images.morele.net/i256/13113169_6_i256.jpg,https://www.morele.net/karta-graficzna-gigabyte-geforce-rtx-4060-ti-windforce-oc-8gb-gddr6-gv-n406twf2oc-8gd-13113169/
Asus Dual Radeon RX 7600 XT OC 16GB GDDR6,,Asus Dual Radeon RX 7600 XT OC 16GB GDDR6,53.0,49.6,"1 517,40 zł",Radeon RX 7600 XT,227 mm,227 mm,2801 MHz,DUAL-RX7600XT-O16G,,,https://images.morele.net/i256/13168876_0_i256.jpg,https://www.morele.net/karta-graficzna-asus-dual-radeon-rx-7600-xt-oc-16gb-gddr6-dual-rx7600xt-o16g-13168876/
Palit GeForce RTX 3050 KalmX 6GB GDDR6,,Palit GeForce RTX 3050 KalmX 6GB GDDR6,108.0,31.0,889 zł,GeForce RTX 3050,166 mm,166 mm,1492 MHz,NE63050018JE-1070H,,,https://images.morele.net/i256/13173058_0_i256.jpg,https://www.morele.net/karta-graficzna-palit-geforce-rtx-3050-kalmx-6gb-gddr6-ne63050018je-1070h-13173058/
MSI GeForce GT 1030 4GHD4 LP OC 4GB DDR4,,MSI GeForce GT 1030 4GHD4 LP OC 4GB DDR4,252.0,5.71,"318,89 zł",GeForce GT 1030,150 mm,150 mm,1430 MHz,,,,https://images.morele.net/i256/13672987_0_i256.jpg,https://www.morele.net/karta-graficzna-msi-geforce-gt-1030-4ghd4-lp-oc-4gb-ddr4-13672987/
Gigabyte GeForce RTX 4060 Ti Eagle OC Ice 8GB GDDR6,,Gigabyte GeForce RTX 4060 Ti Eagle OC Ice 8GB GDDR6,36.0,60.9,"2 139,94 zł",GeForce RTX 4060 Ti,272 mm,272 mm,2550 MHz,GV-N406TEAGLEOC ICE-8GD,,,https://images.morele.net/i256/13178938_0_i256.jpg,https://www.morele.net/karta-graficzna-gigabyte-geforce-rtx-4060-ti-eagle-oc-ice-8gb-gddr6-gv-n406teagleoc-ice-8gd-13178938/
Palit GeForce RTX 3050 StormX 6GB GDDR6,,Palit GeForce RTX 3050 StormX 6GB GDDR6,108.0,31.0,769 zł,GeForce RTX 3050,162 mm,162 mm,1470 MHz,NE63050018JE-1070F,,,https://images.morele.net/i256/13173059_0_i256.jpg,https://www.morele.net/karta-graficzna-palit-geforce-rtx-3050-stormx-6gb-gddr6-ne63050018je-1070f-13173059/
Palit GeForce RTX 4060 Infinity 2 8GB GDDR6,,Palit GeForce RTX 4060 Infinity 2 8GB GDDR6,52.0,50.9,1 339 zł,GeForce RTX 4060,250 mm,250 mm,2460 MHz,NE64060019P1-1070L,,,https://images.morele.net/i256/13224696_0_i256.jpg,https://www.morele.net/karta-graficzna-palit-geforce-rtx-4060-infinity-2-8gb-gddr6-ne64060019p1-1070l-13224696/
Biostar GeForce GT 730 4GB DDR3,,Biostar GeForce GT 730 4GB DDR3,357.0,1.99,"298,80 zł",GeForce GT 730,Brak danych,Brak danych,Nie dotyczy,VN7313TH41-TBBRL-BS2,,,https://images.morele.net/i256/5946477_1_i256.jpg,https://www.morele.net/karta-graficzna-biostar-geforce-gt-730-4gb-ddr3-vn7313th41-tbbrl-bs2-5946477/
ASRock Radeon RX 7700 XT Steel Legend 12GB GDDR6,,ASRock Radeon RX 7700 XT Steel Legend 12GB GDDR6,33.0,65.1,"2 018,96 zł",Radeon RX 7700 XT,304 mm,304 mm,2599 MHz,RX7700XT SL 12GO,,,https://images.morele.net/i256/13095049_1_i256.jpg,https://www.morele.net/karta-graficzna-asrock-radeon-rx-7700-xt-steel-legend-12gb-gddr6-rx7700xt-sl-12go-13095049/
ASRock Radeon RX 7600 Phantom Gaming OC 8GB GDDR6,,ASRock Radeon RX 7600 Phantom Gaming OC 8GB GDDR6,53.0,49.6,"1 493,60 zł",Radeon RX 7600,305 mm,305 mm,2775 MHz,RX7600 PG 8GO,,,https://images.morele.net/i256/12899795_0_i256.jpg,https://www.morele.net/karta-graficzna-asrock-radeon-rx-7600-phantom-gaming-oc-8gb-gddr6-rx7600-pg-8go-12899795/
Gigabyte GeForce RTX 4060 Eagle OC Ice 8GB GDDR6,,Gigabyte GeForce RTX 4060 Eagle OC Ice 8GB GDDR6,52.0,50.9,"1 448,02 zł",,,,,GV-N4060EAGLEOC ICE-8GD,,,https://images.morele.net/i256/13178937_0_i256.jpg,https://www.morele.net/karta-graficzna-gigabyte-geforce-rtx-4060-eagle-oc-ice-8gb-gddr6-gv-n4060eagleoc-ice-8gd-13178937/
ASRock Arc A770 Phantom Gaming OC 16GB GDDR6,,ASRock Arc A770 Phantom Gaming OC 16GB GDDR6,64.0,46.1,"1 466,35 zł",Arc A770,305 mm,305 mm,2400 MHz,A770 PG 16GO,,,https://images.morele.net/i256/13120076_0_i256.jpg,https://www.morele.net/karta-graficzna-asrock-arc-a770-phantom-gaming-oc-16gb-gddr6-a770-pg-16go-13120076/
XFX Speedster QICK 319 Radeon RX 7700 XT Black Edition 12GB GDDR6,,XFX Speedster QICK 319 Radeon RX 7700 XT Black Edition 12GB GDDR6,33.0,65.1,1 867 zł,Radeon RX 7700 XT,335 mm,335 mm,2599 MHz,RX-77TQICKB9,,,https://images.morele.net/i256/13118009_0_i256.jpg,https://www.morele.net/karta-graficzna-xfx-speedster-qick-319-radeon-rx-7700-xt-black-edition-12gb-gddr6-rx-77tqickb9-13118009/
Sapphire Pulse Radeon RX 6400 Gaming 4GB GDDR6,,Sapphire Pulse Radeon RX 6400 Gaming 4GB GDDR6,165.0,15.1,539 zł,Radeon RX 6400,170 mm,170 mm,2321 MHz,11315-01-20G,,,https://images.morele.net/i256/10255163_5_i256.jpg,https://www.morele.net/karta-graficzna-sapphire-pulse-radeon-rx-6400-gaming-4gb-gddr6-11315-01-20g-10255163/
Asus Dual GeForce RTX 4060 Ti EVO OC 8GB GDDR6,,Asus Dual GeForce RTX 4060 Ti EVO OC 8GB GDDR6,36.0,60.9,"1 938,98 zł",GeForce RTX 4060 Ti,227 mm,227 mm,2595 MHz,DUAL-RTX4060TI-O8G-EVO,,,https://images.morele.net/i256/13178666_0_i256.jpg,https://www.morele.net/karta-graficzna-asus-dual-geforce-rtx-4060-ti-evo-oc-8gb-gddr6-dual-rtx4060ti-o8g-evo-13178666/
Asus Dual Radeon RX 7600 OC V2 8GB GDDR6,,Asus Dual Radeon RX 7600 OC V2 8GB GDDR6,53.0,49.6,"1 590,99 zł",Radeon RX 7600,205 mm,205 mm,2715 MHz,DUAL-RX7600-O8G-V2,,,https://images.morele.net/i256/13035467_12_i256.jpg,https://www.morele.net/karta-graficzna-asus-dual-radeon-rx-7600-oc-v2-8gb-gddr6-dual-rx7600-o8g-v2-13035467/
ASRock Radeon RX 7600 Steel Legend 8GB OC,,ASRock Radeon RX 7600 Steel Legend 8GB OC,53.0,49.6,1 379 zł,Radeon RX 7600,303 mm,303 mm,2725 MHz,RX7600 SL 8GO,,,https://images.morele.net/i256/13092301_5_i256.jpg,https://www.morele.net/karta-graficzna-asrock-radeon-rx-7600-steel-legend-8gb-oc-rx7600-sl-8go-13092301/
Asus Dual Radeon RX 7800 XT OC 16GB GDDR6,,Asus Dual Radeon RX 7800 XT OC 16GB GDDR6,25.0,75.6,"2 266,98 zł",Radeon RX 7800 XT,280 mm,280 mm,2520 MHz,DUAL-RX7800XT-O16G,,,https://images.morele.net/i256/13169803_13_i256.jpg,https://www.morele.net/karta-graficzna-asus-dual-radeon-rx-7800-xt-oc-16gb-gddr6-dual-rx7800xt-o16g-13169803/
XFX Radeon RX 7900 XT Speedster MERC 310 20GB GDDR6,,XFX Radeon RX 7900 XT Speedster MERC 310 20GB GDDR6,7.0,108.0,2 989 zł,Radeon RX 7900 XT,344 mm,344 mm,2535 MHz,RX-79TMERCU9,,,https://images.morele.net/i256/12456771_5_i256.jpg,https://www.morele.net/karta-graficzna-xfx-radeon-rx-7900-xt-speedster-merc-310-20gb-gddr6-rx-79tmercu9-12456771/
Asus ProArt GeForce RTX 4060 OC 8GB GDDR6,,Asus ProArt GeForce RTX 4060 OC 8GB GDDR6,52.0,50.9,"1 968,15 zł",GeForce RTX 4060,300 mm,300 mm,2580 MHz,PROART-RTX4060-O8G,,,https://images.morele.net/i256/13114724_13_i256.jpg,https://www.morele.net/karta-graficzna-asus-proart-geforce-rtx-4060-oc-8gb-gddr6-proart-rtx4060-o8g-13114724/
ASRock Radeon RX 7700 XT Challenger OC 12GB GDDR6,,ASRock Radeon RX 7700 XT Challenger OC 12GB GDDR6,33.0,65.1,"1 943,24 zł",Radeon RX 7700 XT,266 mm,266 mm,2584 MHz,RX7700XT CL 12GO,,,https://images.morele.net/i256/13095055_1_i256.jpg,https://www.morele.net/karta-graficzna-asrock-radeon-rx-7700-xt-challenger-oc-12gb-gddr6-rx7700xt-cl-12go-13095055/
MSI GeForce RTX 3050 Ventus 2X OC 6GB GDDR6,,MSI GeForce RTX 3050 Ventus 2X OC 6GB GDDR6,108.0,31.0,809 zł,GeForce RTX 3050,174 mm,174 mm,1492 MHz,,,,https://images.morele.net/i256/13173192_0_i256.jpg,https://www.morele.net/karta-graficzna-msi-geforce-rtx-3050-ventus-2x-oc-6gb-gddr6-13173192/
MSI GeForce GT 1030 2GHD4 LP OC 2GB DDR4,,MSI GeForce GT 1030 2GHD4 LP OC 2GB DDR4,252.0,5.71,"647,82 zł",GeForce GT 1030,150 mm,150 mm,1430 MHz,GT 1030 2GHD4 LP OC,,,https://images.morele.net/i256/4163918_4_i256.jpg,https://www.morele.net/karta-graficzna-msi-geforce-gt-1030-2ghd4-lp-oc-2gb-ddr4-gt-1030-2ghd4-lp-oc-4163918/
XFX Speedster QICK 319 Radeon RX 7800 XT Core 16GB GDDR6,,XFX Speedster QICK 319 Radeon RX 7800 XT Core 16GB GDDR6,25.0,75.6,2 199 zł,Radeon RX 7800 XT,335 mm,335 mm,2430 MHz,RX-78TQICKF9,,,https://images.morele.net/i256/13118423_6_i256.jpg,https://www.morele.net/karta-graficzna-xfx-speedster-qick-319-radeon-rx-7800-xt-core-16gb-gddr6-rx-78tqickf9-13118423/
Asus GeForce GT 1030 2GB GDDR5,,Asus GeForce GT 1030 2GB GDDR5,252.0,5.71,"373,03 zł",GeForce GT 1030,173 mm,173 mm,1506 MHz,GT1030-SL-2G-BRK,,,https://images.morele.net/i256/1288387_0_i256.jpg,https://www.morele.net/karta-graficzna-asus-geforce-gt-1030-2gb-gddr5-gt1030-sl-2g-brk-1288387/
Gigabyte GeForce RTX 4060 Aero OC 8GB GDDR6,,Gigabyte GeForce RTX 4060 Aero OC 8GB GDDR6,52.0,50.9,"1 578,84 zł",GeForce RTX 4060,281 mm,281 mm,2550 MHz,GV-N4060AERO OC-8GD,,,https://images.morele.net/i256/12960741_0_i256.jpg,https://www.morele.net/karta-graficzna-gigabyte-geforce-rtx-4060-aero-oc-8gb-gddr6-gv-n4060aero-oc-8gd-12960741/
Sapphire Nitro+ Radeon RX 7900 XT Vapor-X 20GB GDDR6,,Sapphire Nitro+ Radeon RX 7900 XT Vapor-X 20GB GDDR6,7.0,108.0,"3 565,08 zł",Radeon RX 7900 XT,320 mm,320 mm,2560 MHz,11323-01-40G,,,https://images.morele.net/i256/12801363_5_i256.jpg,https://www.morele.net/karta-graficzna-sapphire-nitro-radeon-rx-7900-xt-vapor-x-20gb-gddr6-11323-01-40g-12801363/
Asus GeForce GT 1030 Low Profile 2GB GDDR5,,Asus GeForce GT 1030 Low Profile 2GB GDDR5,252.0,5.71,519 zł,GeForce GT 1030,169 mm,169 mm,1506 MHz,GT1030-2G-BRK,,,https://images.morele.net/i256/1699238_0_i256.jpg,https://www.morele.net/karta-graficzna-asus-geforce-gt-1030-low-profile-2gb-gddr5-gt1030-2g-brk-1699238/
Gigabyte GeForce GT 710 2GB GDDR5,,Gigabyte GeForce GT 710 2GB GDDR5,379.0,1.45,"214,91 zł",GeForce GT 710,151 mm,151 mm,Nie dotyczy,GV-N710D5-2GL,,,https://images.morele.net/i256/1415438_0_i256.jpg,https://www.morele.net/karta-graficzna-gigabyte-geforce-gt-710-2gb-gddr5-gv-n710d5-2gl-1415438/
Sapphire Pure Radeon RX 7800 XT 16GB GDDR6,,Sapphire Pure Radeon RX 7800 XT 16GB GDDR6,25.0,75.6,"2 339,94 zł",Radeon RX 7800 XT,320 mm,320 mm,2475 MHz,11330-03-20G,,,https://images.morele.net/i256/13117802_0_i256.jpg,https://www.morele.net/karta-graficzna-sapphire-pure-radeon-rx-7800-xt-16gb-gddr6-11330-03-20g-13117802/
Gigabyte Radeon RX 7600 XT Gaming OC 16GB GDDR6,,Gigabyte Radeon RX 7600 XT Gaming OC 16GB GDDR6,53.0,49.6,1 465 zł,Radeon RX 7600 XT,281 mm,281 mm,2810 MHz,GV-R76XTGAMING OC-16GD,,,https://images.morele.net/i256/13168875_0_i256.jpg,https://www.morele.net/karta-graficzna-gigabyte-radeon-rx-7600-xt-gaming-oc-16gb-gddr6-gv-r76xtgaming-oc-16gd-13168875/
Sapphire Pulse Radeon RX 7900 XT 20GB GDDR6,,Sapphire Pulse Radeon RX 7900 XT 20GB GDDR6,7.0,108.0,"3 478,12 zł",Radeon RX 7900 XT,313 mm,313 mm,2450 MHz,11323-02-20G,,,https://images.morele.net/i256/12629057_1_i256.jpg,https://www.morele.net/karta-graficzna-sapphire-pulse-radeon-rx-7900-xt-20gb-gddr6-11323-02-20g-12629057/
MSI GeForce GT 710 Low Profile 2GB DDR3,,MSI GeForce GT 710 Low Profile 2GB DDR3,379.0,1.45,"176,94 zł",GeForce GT 710,146 mm,146 mm,Nie dotyczy,,,,https://images.morele.net/i256/853058_4_i256.jpg,https://www.morele.net/karta-graficzna-msi-geforce-gt-710-low-profile-2gb-ddr3-853058/
Sapphire Pulse Radeon RX 7700 XT 12GB GDDR6,,Sapphire Pulse Radeon RX 7700 XT 12GB GDDR6,33.0,65.1,"1 785,69 zł",Radeon RX 7700 XT,280 mm,280 mm,2544 MHz,11335-04-20G,,,https://images.morele.net/i256/13095058_0_i256.jpg,https://www.morele.net/karta-graficzna-sapphire-pulse-radeon-rx-7700-xt-12gb-gddr6-11335-04-20g-13095058/
Gigabyte Radeon RX 7600 Gaming OC 8GB GDDR6,,Gigabyte Radeon RX 7600 Gaming OC 8GB GDDR6,53.0,49.6,1 109 zł,Radeon RX 7600,282 mm,282 mm,2755 MHz,GV-R76GAMING OC-8GD,,,https://images.morele.net/i256/12899799_1_i256.jpg,https://www.morele.net/karta-graficzna-gigabyte-radeon-rx-7600-gaming-oc-8gb-gddr6-gv-r76gaming-oc-8gd-12899799/
Sapphire Pulse Radeon RX 7600 Gaming OC 8GB GDDR6,,Sapphire Pulse Radeon RX 7600 Gaming OC 8GB GDDR6,53.0,49.6,"1 128,72 zł",Radeon RX 7600,240 mm,240 mm,2755 MHz,11324-01-20G,,,https://images.morele.net/i256/12899797_0_i256.jpg,https://www.morele.net/karta-graficzna-sapphire-pulse-radeon-rx-7600-gaming-oc-8gb-gddr6-11324-01-20g-12899797/
Gigabyte Radeon RX 7800 XT Gaming OC 16GB GDDR6,,Gigabyte Radeon RX 7800 XT Gaming OC 16GB GDDR6,25.0,75.6,2 835 zł,Radeon RX 7800 XT,302 mm,302 mm,2565 MHz,GV-R78XTGAMING OC-16GD,,,https://images.morele.net/i256/13095158_8_i256.jpg,https://www.morele.net/karta-graficzna-gigabyte-radeon-rx-7800-xt-gaming-oc-16gb-gddr6-gv-r78xtgaming-oc-16gd-13095158/
MSI GeForce RTX 5090 Suprim SOC 32GB GDDR7,,MSI GeForce RTX 5090 Suprim SOC 32GB GDDR7,1.0,183.0,13 913 zł,GeForce RTX 5090,359 mm,359 mm,2580 MHz,,,,https://images.morele.net/i256/14472089_6_i256.jpg,https://www.morele.net/karta-graficzna-msi-geforce-rtx-5090-suprim-soc-32gb-gddr7-14472089/
MSI GeForce RTX 5060 Ti Ventus 2X OC Plus 16GB GDDR7 DLSS4,,MSI GeForce RTX 5060 Ti Ventus 2X OC Plus 16GB GDDR7 DLSS4,28.0,71.5,1 999 zł,GeForce RTX 5060 Ti,227 mm,227 mm,2617 MHz,,,,https://images.morele.net/i256/14848093_0_i256.jpg,https://www.morele.net/karta-graficzna-msi-geforce-rtx-5060-ti-ventus-2x-oc-plus-16gb-gddr7-dlss4-14848093/
MSI GeForce RTX 5090 Suprim Liquid SOC 32GB GDDR7,,MSI GeForce RTX 5090 Suprim Liquid SOC 32GB GDDR7,1.0,183.0,16 999 zł,GeForce RTX 5090,280 mm,280 mm,2580 MHz,,,,https://images.morele.net/i256/14472063_5_i256.jpg,https://www.morele.net/karta-graficzna-msi-geforce-rtx-5090-suprim-liquid-soc-32gb-gddr7-14472063/
MSI GeForce RTX 5090 Ventus 3X OC 32GB GDDR7,,MSI GeForce RTX 5090 Ventus 3X OC 32GB GDDR7,1.0,183.0,"14 360,13 zł",GeForce RTX 5090,325 mm,325 mm,2452 MHz,,,,https://images.morele.net/i256/14471822_1_i256.jpg,https://www.morele.net/karta-graficzna-msi-geforce-rtx-5090-ventus-3x-oc-32gb-gddr7-14471822/
MSI GeForce RTX 5080 Ventus 3X OC 16GB GDDR7 DLSS4,,MSI GeForce RTX 5080 Ventus 3X OC 16GB GDDR7 DLSS4,3.0,139.0,"6 858,98 zł",GeForce RTX 5080,303 mm,303 mm,2655 MHz,,,,https://images.morele.net/i256/14523944_0_i256.jpg,https://www.morele.net/karta-graficzna-msi-geforce-rtx-5080-ventus-3x-oc-16gb-gddr7-dlss4-14523944/
MSI GeForce RTX 5080 Ventus 3X OC Plus 16GB GDDR7 DLSS4,,MSI GeForce RTX 5080 Ventus 3X OC Plus 16GB GDDR7 DLSS4,3.0,139.0,5 587 zł,GeForce RTX 5080,303 mm,303 mm,2655 MHz,,,,https://images.morele.net/i256/14458152_4_i256.jpg,https://www.morele.net/karta-graficzna-msi-geforce-rtx-5080-ventus-3x-oc-plus-16gb-gddr7-dlss4-14458152/
MSI GeForce RTX 5070 Ventus 2X OC White 12GB GDDR7,,MSI GeForce RTX 5070 Ventus 2X OC White 12GB GDDR7,6.0,120.0,3 199 zł,GeForce RTX 5070,Brak danych,Brak danych,2557 MHz,,,,https://images.morele.net/i256/14481992_2_i256.jpg,https://www.morele.net/karta-graficzna-msi-geforce-rtx-5070-ventus-2x-oc-white-12gb-gddr7-14481992/
MSI GeForce RTX 3050 Ventus 2X E OC 6GB GDDR6,,MSI GeForce RTX 3050 Ventus 2X E OC 6GB GDDR6,108.0,31.0,789 zł,GeForce RTX 3050,174 mm,174 mm,1492 MHz,,,,https://images.morele.net/i256/14214021_0_i256.jpg,https://www.morele.net/karta-graficzna-msi-geforce-rtx-3050-ventus-2x-e-oc-6gb-gddr6-14214021/
MSI GeForce RTX 5070 Ventus 2X OC 12GB GDDR7 DLSS4,,MSI GeForce RTX 5070 Ventus 2X OC 12GB GDDR7 DLSS4,6.0,120.0,2 819 zł,GeForce RTX 5070,236 mm,236 mm,2557 MHz,,,,https://images.morele.net/i256/14734500_0_i256.jpg,https://www.morele.net/karta-graficzna-msi-geforce-rtx-5070-ventus-2x-oc-12gb-gddr7-dlss4-14734500/
MSI GeForce RTX 5070 Gaming Trio OC 12GB GDDR7 DLSS4,,MSI GeForce RTX 5070 Gaming Trio OC 12GB GDDR7 DLSS4,6.0,120.0,3 199 zł,GeForce RTX 5070,338 mm,338 mm,2625 MHz,,,,https://images.morele.net/i256/14727986_0_i256.jpg,https://www.morele.net/karta-graficzna-msi-geforce-rtx-5070-gaming-trio-oc-12gb-gddr7-dlss4-14727986/
MSI GeForce RTX 4060 Ti Ventus 2X Black OC 16GB GDDR6,,MSI GeForce RTX 4060 Ti Ventus 2X Black OC 16GB GDDR6,36.0,60.9,"2 537,29 zł",,,,,,,,https://images.morele.net/i256/13091886_0_i256.jpg,https://www.morele.net/karta-graficzna-msi-geforce-rtx-4060-ti-ventus-2x-black-oc-16gb-gddr6-13091886/
MSI GeForce RTX 3050 LP OC 6GB GDDR6,,MSI GeForce RTX 3050 LP OC 6GB GDDR6,108.0,31.0,799 zł,GeForce RTX 3050,174 mm,174 mm,1492 MHz,,,,https://images.morele.net/i256/13173190_0_i256.jpg,https://www.morele.net/karta-graficzna-msi-geforce-rtx-3050-lp-oc-6gb-gddr6-13173190/
MSI GeForce RTX 4060 Ventus 2X White OC 8GB GDDR6,,MSI GeForce RTX 4060 Ventus 2X White OC 8GB GDDR6,52.0,50.9,"1 313,08 zł",GeForce RTX 4060,199 mm,199 mm,2505 MHz,,,,https://images.morele.net/i256/13095568_0_i256.jpg,https://www.morele.net/karta-graficzna-msi-geforce-rtx-4060-ventus-2x-white-oc-8gb-gddr6-13095568/
MSI GeForce RTX 4060 Ti Ventus 2X Black OC 8GB GDDR6,,MSI GeForce RTX 4060 Ti Ventus 2X Black OC 8GB GDDR6,36.0,60.9,"1 898,98 zł",GeForce RTX 4060 Ti,199 mm,199 mm,2580 MHz,,,,https://images.morele.net/i256/12893767_0_i256.jpg,https://www.morele.net/karta-graficzna-msi-geforce-rtx-4060-ti-ventus-2x-black-oc-8gb-gddr6-12893767/
Gigabyte Radeon RX 7700 XT Gaming OC 12GB GDDR6,,Gigabyte Radeon RX 7700 XT Gaming OC 12GB GDDR6,33.0,65.1,1 849 zł,Radeon RX 7700 XT,302 mm,302 mm,2599 MHz,GV-R77XTGAMING OC-12GD,,,https://images.morele.net/i256/13095160_0_i256.jpg,https://www.morele.net/karta-graficzna-gigabyte-radeon-rx-7700-xt-gaming-oc-12gb-gddr6-gv-r77xtgaming-oc-12gd-13095160/
MSI GeForce RTX 4060 Ventus 2X Black OC 8GB GDDR6,,MSI GeForce RTX 4060 Ventus 2X Black OC 8GB GDDR6,52.0,50.9,"1 322,99 zł",GeForce RTX 4060,199 mm,199 mm,2505 MHz,,,,https://images.morele.net/i256/12952781_0_i256.jpg,https://www.morele.net/karta-graficzna-msi-geforce-rtx-4060-ventus-2x-black-oc-8gb-gddr6-12952781/
MSI GeForce RTX 3050 Ventus 2X XS OC White 8GB GDDR6,,MSI GeForce RTX 3050 Ventus 2X XS OC White 8GB GDDR6,108.0,31.0,"999,07 zł",,,,,,,,https://images.morele.net/i256/14454328_0_i256.jpg,https://www.morele.net/karta-graficzna-msi-geforce-rtx-3050-ventus-2x-xs-oc-white-8gb-gddr6-14454328/
MSI GeForce RTX 3050 Ventus 2X XS OC 8GB GDDR6,,MSI GeForce RTX 3050 Ventus 2X XS OC 8GB GDDR6,108.0,31.0,"926,10 zł",,,,,,,,https://images.morele.net/i256/13114742_0_i256.jpg,https://www.morele.net/karta-graficzna-msi-geforce-rtx-3050-ventus-2x-xs-oc-8gb-gddr6-13114742/
PNY GeForce RTX 4060 Ti Verto Dual Fan 8GB GDDR6,,PNY GeForce RTX 4060 Ti Verto Dual Fan 8GB GDDR6,36.0,60.9,1 799 zł,GeForce RTX 4060 Ti,245 mm,245 mm,2535 MHz,VCG4060T8DFXPB1,,,https://images.morele.net/i256/12923011_9_i256.jpg,https://www.morele.net/karta-graficzna-pny-geforce-rtx-4060-ti-verto-dual-fan-8gb-gddr6-vcg4060t8dfxpb1-12923011/
,Nvidia,RTX 4090,2.0,155.0,,,,,,,,121235.0,,
,Gigabyte,Gigabyte RTX 4090 24GB Gaming OC,2.0,155.0,,,,,,,GV-N4090GAMING OC-24GD,121235.0,,
,Asus,Asus RTX 4090 24GB TUF Gaming OC,2.0,155.0,,,,,,,TUF-RTX4090-24G-GAMING,121235.0,,
,MSI,MSI RTX 4090 24GB Gaming X Trio,2.0,155.0,,,,,,,GeForce RTX 4090 GAMING X TRIO 24G,121235.0,,
,MSI,MSI RTX 4090 24GB Suprim Liquid X,2.0,155.0,,,,,,,RTX 4090 SUPRIM Liquid X 24G,121235.0,,
,MSI,MSI RTX 4090 24GB Suprim X,2.0,155.0,,,,,,,RTX 4090 SUPRIM X 24G,121235.0,,
,Gigabyte,Gigabyte RTX 4090 24GB Gaming OC V2,2.0,155.0,,,,,,,GV-N4090WF3V2-24GD,121235.0,,
,Asus,Asus RTX 4090 24GB TUF Gaming OG OC,2.0,155.0,,,,,,,TUF-RTX4090-O24G-OG-GAMING,121235.0,,
,Asus,Asus RTX 4080 Super 16GB ProArt OC,4.0,126.0,,,,,,,PROART-RTX4080S-O16G,17475.0,,
,Gigabyte,Gigabyte RTX 4080 Super 16GB 3X OC,4.0,126.0,,,,,,,GV-N408SGAMING OC-16GD,17475.0,,
,MSI,MSI RTX 4080 Super 16GB Ventus 3X OC,4.0,126.0,,,,,,,GeForce RTX 4080 SUPER 16G VENTUS 3X OC,17475.0,,
,Zotac,Zotac RTX 4080 Super 16GB Trinity Black,4.0,126.0,,,,,,,ZT-D40820D-10P,17475.0,,
,Zotac,Zotac RTX 4080 Super 16GB Trinity  White,4.0,126.0,,,,,,,ZT-D40820Q-10P,17475.0,,
,MSI,MSI RTX 4080 Super 16GB Gaming Expert,4.0,126.0,,,,,,,G4080S16E,17475.0,,
,Asus,Asus RTX 4080 Super 16GB Gaming,4.0,126.0,,,,,,,TUF-RTX4080S-O16G-GAMING,17475.0,,
,Nvidia,RTX 4080,5.0,122.0,,,,,,,,80552.0,,
,MSI,MSI RTX 4080 16GB Gaming X Trio,5.0,122.0,,,,,,,RTX 4080 16GB GAMING X TRIO,80552.0,,
,Gigabyte,Gigabyte RTX 4080 16GB Gaming OC,5.0,122.0,,,,,,,GV-N4080GAMING OC-16GD,80552.0,,
,Zotac,Zotac RTX 4080 16GB AMP Extreme,5.0,122.0,,,,,,,ZT-D40810B-10P,80552.0,,
,MSI,MSI RTX 4080 16GB Suprim X,5.0,122.0,,,,,,,G408016SX,80552.0,,
,MSI,MSI RTX 4080 16GB Ventus 3X,5.0,122.0,,,,,,,RTX 4080 16GB VENTUS 3X OC,80552.0,,
,Asus,Asus RTX 4080 16GB TUF Gaming OC,5.0,122.0,,,,,,,TUF-RTX4080-O16G-GAMING,80552.0,,
,MSI,MSI RTX 4070 Ti 12GB Gaming X Trio,9.0,101.0,,,,,,,RTX 4070 Ti GAMING X TRIO 12G,120180.0,,
,MSI,MSI RTX 4070 Ti 12GB Ventus 3X OC,9.0,101.0,,,,,,,GeForce RTX 4070 Ti VENTUS 3X 12G OC,120180.0,,
,Zotac,Zotac RTX 4070 Ti 12GB Trinity,9.0,101.0,,,,,,,ZT-D40710D-10P,120180.0,,
,Asus,Asus RTX 4070 Ti 12GB TUF Gaming OC,9.0,101.0,,,,,,,TUF-RTX4070TI-O12G-GAMING,120180.0,,
,Gigabyte,Gigabyte RTX 4070 Ti 12GB Eagle OC,9.0,101.0,,,,,,,GV-N407TEAGLE OC-12GD,120180.0,,
,Asus,Asus RTX 4070 Ti 12GB TUF Gaming,9.0,101.0,,,,,,,TUF-RTX4070TI-12G-GAMING,120180.0,,
,Gigabyte,Gigabyte RTX 4070 Ti 12GB 3X OC,9.0,101.0,,,,,,,GV-N407TGAMING OC-12GD,120180.0,,
,MSI,MSI RTX 4070 Ti 12GB Gaming X Slim,9.0,101.0,,,,,,,GeForce RTX 4070 Ti GAMING X SLIM 12G,120180.0,,
,Nvidia,RTX 3090-Ti,12.0,97.3,,,,,,,,28639.0,,
,Nvidia,RTX 4070-S (Super),14.0,91.0,,,,,,,,48442.0,,
,MSI,MSI RTX 4070 Super 12GB Ventus 2X,14.0,91.0,,,,,,,RTX 4070 SUPER 12G VENTUS 2X OC,48442.0,,
,MSI,MSI RTX 4070 Super 12GB Gaming X Slim,14.0,91.0,,,,,,,RTX 4070 GAMING X SLIM 12G,48442.0,,
,Asus,Asus RTX 4070 Super 12GB Dual OC,14.0,91.0,,,,,,,DUAL-RTX4070S-O12G,48442.0,,
,Zotac,Zotac RTX 4070 Super 12GB Twin,14.0,91.0,,,,,,,ZT-D40720H-10M,48442.0,,
,Zotac,Zotac RTX 4070 Super 12GB Trinity,14.0,91.0,,,,,,,ZT-D40720D-10P,48442.0,,
,MSI,MSI RTX 4070 Super 12GB Ventus 3X,14.0,91.0,,,,,,,GeForce RTX 4070 SUPER 12G VENTUS 3X OC,48442.0,,
,Gigabyte,Gigabyte RTX 4070 Super 12GB 3X Windforce,14.0,91.0,,,,,,,GV-N407SWF3OC-12GD,48442.0,,
,Gigabyte,Gigabyte RTX 4070 Super 12GB 3X Gaming OC,14.0,91.0,,,,,,,GV-N407SGAMINGOC-12GD,48442.0,,
,Asus,Asus RTX 4070 Super 12GB TUF Gaming,14.0,91.0,,,,,,,TUF-RTX4070S-O12G-GAMING,48442.0,,
,Asus,Asus RTX 4070 Super 12GB Dual White,14.0,91.0,,,,,,,DUAL-RTX4070S-O12G-WHITE,48442.0,,
,Asus,Asus RTX 4070 Super 12GB Evo OC,14.0,91.0,,,,,,,DUAL-RTX4070S-O12G-EVO,48442.0,,
,Gigabyte,Gigabyte RTX 4070 Super 12GB Eagle OC,14.0,91.0,,,,,,,GV-N407SEAGLE OC-12GD,48442.0,,
,Nvidia,RTX 3090,16.0,87.4,,,,,,,,252728.0,,
,Asus,Asus RTX 3090 24GB ROG Strix,16.0,87.4,,,,,,,‎ROG-STRIX-RTX3090-O24G-GAMING,252728.0,,
,Asus,Asus RTX 3090 24GB Tuf OC,16.0,87.4,,,,,,,‎TUF-RTX3090-O24G-GAMING,252728.0,,
,MSI,MSI RTX 3090 24GB Gaming X Trio OC,16.0,87.4,,,,,,,‎RTX 3090 GAMING X TRIO 24G,252728.0,,
,Zotac,Zotac RTX 3090 24GB Trinity OC,16.0,87.4,,,,,,,‎ZT-A30900J-10P,252728.0,,
,EVGA,EVGA RTX 3090 24GB XC3 Ultra Gaming,16.0,87.4,,,,,,,24G-P5-3987-KR,252728.0,,
,MSI,MSI RTX 3090 24GB Ventus 3X OC,16.0,87.4,,,,,,,GeForce RTX 3090 VENTUS 3X 24G OC,252728.0,,
,Nvidia,RTX 4090 (Laptop),17.0,86.5,,,,,,,,7142.0,,
,MSI,MSI RTX 3080 Ti 12GB Gaming X Trio OC,18.0,86.3,,,,,,,‎RTX 3080 Ti Gaming X Trio 12G,275308.0,,
,MSI,MSI RTX 3080 Ti 12GB Ventus 3X OC,18.0,86.3,,,,,,,‎GeForce RTX 3080 Ti VENTUS 3X 12G OC,275308.0,,
,EVGA,EVGA RTX 3080 Ti 12GB XC3 Ultra Gaming,18.0,86.3,,,,,,,12G-P5-3955-KR,275308.0,,
,Zotac,Zotac RTX 3080 Ti 12GB Trinity OC,18.0,86.3,,,,,,,‎ZT-A30810J-10P,275308.0,,
,Asus,Asus RTX 3080 Ti 12GB ROG Strix OC,18.0,86.3,,,,,,,‎ROG-STRIX-RTX3080TI-O12G-GAMING,275308.0,,
,Gigabyte,Gigabyte RTX 3080 Ti 12GB Vision OC,18.0,86.3,,,,,,,GV-N308TVISION OC-12GD,275308.0,,
,MSI,MSI RTX 3080 Ti 12GB Suprim X,18.0,86.3,,,,,,,GeForce RTX 3080 Ti SUPRIM X 12G,275308.0,,
,Gigabyte,Gigabyte RTX 3080 Ti 12GB Aorus Master,18.0,86.3,,,,,,,GV-N308TAORUS M-12GD,275308.0,,
,Gigabyte,Gigabyte RTX 3080 Ti 12GB Eagle,18.0,86.3,,,,,,,GV-N308TEAGLE-12GD,275308.0,,
,Nvidia,RTX 4070,22.0,80.0,,,,,,,,122223.0,,
,MSI,MSI RTX 4070 12GB Ventus 3X OC,22.0,80.0,,,,,,,GeForce RTX 4070 VENTUS 3X 12G OC,122223.0,,
,Gigabyte,Gigabyte RTX 4070 12GB 3X Windforce,22.0,80.0,,,,,,,GV-N4070WF3OC-12GD,122223.0,,
,Asus,Asus RTX 4070 12GB Dual,22.0,80.0,,,,,,,DUAL-RTX4070-12G,122223.0,,
,MSI,MSI RTX 4070 12GB Ventus 2X,22.0,80.0,,,,,,,GeForce RTX 4070 VENTUS 2X 12G OC,122223.0,,
,Asus,Asus RTX 4070 12GB Dual OC,22.0,80.0,,,,,,,DUAL-RTX4070-O12G,122223.0,,
,MSI,MSI RTX 4070 12GB Gaming X Trio,22.0,80.0,,,,,,,GeForce RTX 4070 GAMING X TRIO 12G,122223.0,,
,Gigabyte,Gigabyte RTX 4070 12GB Gaming OC,22.0,80.0,,,,,,,GV-N4070GAMING OC-12GD,122223.0,,
,Gigabyte,Gigabyte RTX 4070 12GB 3X Eagle OC,22.0,80.0,,,,,,,GV-N4070EAGLE OC-12GD,122223.0,,
,Gigabyte,Gigabyte RTX 4070 12GB 3X Aero OC,22.0,80.0,,,,,,,GV-N4070AERO OC-12GD,122223.0,,
,Asus,Asus RTX 4070 12GB Dual White OC,22.0,80.0,,,,,,,DUAL-RTX4070-O12G-WHITE,122223.0,,
,Nvidia,RTX 3080,23.0,78.9,,,,,,,,577680.0,,
,MSI,MSI RTX 3080 10GB Ventus 3X OC,23.0,78.9,,,,,,,RTX 3080 Ventus 3X Plus 10G OC LHR,577680.0,,
,Gigabyte,Gigabyte RTX 3080 10GB Gaming OC,23.0,78.9,,,,,,,GV-N3080GAMING OC-10GD-V2,577680.0,,
,Gigabyte,Gigabyte RTX 3080 10GB Vision OC,23.0,78.9,,,,,,,‎GV-N3080VISION OC-10GD 2.0,577680.0,,
,Asus,Asus RTX 3080 10GB Tuf OC,23.0,78.9,,,,,,,‎TUF-RTX3080-O10G-V2-GAMING,577680.0,,
,Zotac,Zotac RTX 3080 10GB Trinity OC,23.0,78.9,,,,,,,‎ZT-A30800J-10PLHR,577680.0,,
,EVGA,EVGA RTX 3080 10GB FTW3 Ultra Gaming,23.0,78.9,,,,,,,‎10G-P5-3897-KR,577680.0,,
,Gigabyte,Gigabyte RTX 3080 10GB Aorus Master,23.0,78.9,,,,,,,GV-N3080AORUS X-10GD REV2.0,577680.0,,
,MSI,MSI RTX 3080 10GB Gaming Z Trio,23.0,78.9,,,,,,,RTX 3080 Gaming Z Trio 10G LHR,577680.0,,
,Nvidia,RTX 4080 (Laptop),24.0,77.1,,,,,,,,9160.0,,
,Nvidia,Titan RTX,29.0,71.1,,,,,,,,2972.0,,
,Nvidia,NVidia Titan RTX 24GB,29.0,71.1,,,,,,,900-1G150-2500-000,2972.0,,
,Nvidia,Quadro RTX 8000,30.0,67.4,,,,,,,,465.0,,
,MSI,MSI RTX 3070 Ti 8GB Ventus 3X OC,32.0,66.2,,,,,,,RTX 3070 Ti Ventus 3X 8G OC,332087.0,,
,Gigabyte,Gigabyte RTX 3070 Ti 8GB Vision OC,32.0,66.2,,,,,,,GVN307TVISIONOC8GD,332087.0,,
,MSI,MSI RTX 3070 Ti 8GB Suprim X,32.0,66.2,,,,,,,RTX 3070 Ti Suprim X 8G,332087.0,,
,Nvidia,Inno3D RTX 3070 Ti 8GB 3X OC,32.0,66.2,,,,,,,N307T3-086XX-1820VA45,332087.0,,
,Zotac,Zotac RTX 3070 Ti 8GB AMP Holo,32.0,66.2,,,,,,,ZT-A30710F-10P,332087.0,,
,Nvidia,RTX 2080-Ti,34.0,63.6,,,,,,,,504631.0,,
,Zotac,Zotac RTX 2080 Ti 11GB GAMING AMP SPECTRA RGB,34.0,63.6,,,,,,,ZT-T20810D-10P,504631.0,,
,Asus,Asus RTX 2080 Ti 11GB Dual-fan OC,34.0,63.6,,,,,,,DUAL-RTX2080TI-O11G,504631.0,,
,MSI,MSI RTX 2080 Ti 11GB Gaming,34.0,63.6,,,,,,,RTX 2080 Ti GAMING X TRIO,504631.0,,
,Gigabyte,Gigabyte RTX 2080 Ti 11GB Gaming OC,34.0,63.6,,,,,,,GV-N208TGAMING OC-11GC,504631.0,,
,Asus,Asus RTX 2080 Ti 11GB ROG Strix,34.0,63.6,,,,,,,ROG-STRIX-RTX2080TI-O11G-GAMING,504631.0,,
,EVGA,EVGA RTX 2080 Ti 11GB FTW3 Ultra Gaming,34.0,63.6,,,,,,,11G-P4-2487-KR,504631.0,,
,EVGA,EVGA RTX 2080 Ti 11GB Black,34.0,63.6,,,,,,,11G-P4-2281-KR,504631.0,,
,Gigabyte,Gigabyte RTX 2080 Ti 11GB Xtreme,34.0,63.6,,,,,,,GV-N208TAORUS X-11GC,504631.0,,
,Nvidia,RTX 3070,35.0,61.7,,,,,,,,963187.0,,
,Gigabyte,Gigabyte RTX 3070 8GB Gaming OC,35.0,61.7,,,,,,,GV-N3070GAMING OC-8GD REV2.0,963187.0,,
,MSI,MSI RTX 3070 8GB Ventus 2X OC,35.0,61.7,,,,,,,RTX 3070 Ventus 2X 8G OC LHR,963187.0,,
,Gigabyte,Gigabyte RTX 3070 8GB Aorus,35.0,61.7,,,,,,,GV-N3070AORUS M-8GD REV2.0,963187.0,,
,MSI,MSI RTX 3070 8GB Ventus 3X OC,35.0,61.7,,,,,,,RTX 3070 Ventus 3X 8G OC LHR,963187.0,,
,Gigabyte,Gigabyte RTX 3070 8GB Vision OC,35.0,61.7,,,,,,,GV-N3070VISION OC-8GD,963187.0,,
,EVGA,EVGA RTX 3070 8GB FTW3 Ultra Gaming,35.0,61.7,,,,,,,08G-P5-3767-KL,963187.0,,
,Zotac,Zotac RTX 3070 8GB Twin Edge OC,35.0,61.7,,,,,,,ZT-A30700H-10PLHR,963187.0,,
,Asus,Asus RX 6800 16GB TUF OC,37.0,60.5,,,,,,,TUF-RX6800-O16G-GAMING,9444.0,,
,Nvidia,Titan V,38.0,60.5,,,,,,,,1031.0,,
,Nvidia,RTX 4070 (Laptop),39.0,56.2,,,,,,,,21553.0,,
,Nvidia,RTX 3080-Ti (Laptop),40.0,54.7,,,,,,,,5107.0,,
,AMD,RX 6750-XT,42.0,54.2,,,,,,,,12330.0,,
,Nvidia,Titan Xp,43.0,53.9,,,,,,,,9773.0,,
,Nvidia,RTX 2080S (Super),44.0,53.8,,,,,,,,408415.0,,
,Gigabyte,Gigabyte RTX 2080 Super 8GB Gaming,44.0,53.8,,,,,,,GV-N208SGAMING OC-8GC,408415.0,,
,EVGA,EVGA RTX 2080 Super 8GB XC Ultra,44.0,53.8,,,,,,,08GP43183KR,408415.0,,
,MSI,MSI RTX 2080 Super 8GB Gaming X,44.0,53.8,,,,,,,RTX 2080 Super Gaming X Trio,408415.0,,
,Asus,Asus RTX 2080 Super 8GB ROG Strix A8G,44.0,53.8,,,,,,,ROG-STRIX-RTX2080S-A8G-Gaming,408415.0,,
,Asus,Asus RTX 2080 Super 8GB ROG Strix O8G,44.0,53.8,,,,,,,ROG-STRIX-RTX2080S-O8G-Gaming,408415.0,,
,MSI,MSI RTX 2080 Super 8GB Ventus XS OC,44.0,53.8,,,,,,,RTX 2080 Super Ventus XS OC,408415.0,,
,MSI,MSI RTX 2080 Super 8GB Ventus OC,44.0,53.8,,,,,,,RTX 2080 SUPER VENTUS OC,408415.0,,
,Gigabyte,Gigabyte RTX 2080 Super 8GB Windforce,44.0,53.8,,,,,,,Gv-N208SWF3OC-8GD,408415.0,,
,EVGA,EVGA RTX 2080 Super 8GB Black Gaming,44.0,53.8,,,,,,,08G-P4-3081-KR,408415.0,,
,Gigabyte,Gigabyte RTX 2080 Super 8GB Aorus Windforce,44.0,53.8,,,,,,,GV-N208SAORUS-8GC,408415.0,,
,EVGA,EVGA RTX 2080 Super 8GB KO Dual,44.0,53.8,,,,,,,08G-P4-2083-KR,408415.0,,
,Nvidia,GTX 1080-Ti,46.0,51.9,,,,,,,,1150365.0,,
,EVGA,EVGA GTX 1080 Ti 11GB Founders Edition,46.0,51.9,,,,,,,11G-P4-6390-KR,1150365.0,,
,Nvidia,Gigabyte GTX 1080 Ti 11GB Founders Edition,46.0,51.9,,,,,,,GV-N108TD5X-B,1150365.0,,
,Nvidia,MSI GTX 1080 Ti 11GB Founders Edition,46.0,51.9,,,,,,,GTX 1080 Ti Founders Edition,1150365.0,,
,Nvidia,Zotac GTX 1080 Ti 11GB Founders Edition,46.0,51.9,,,,,,,ZT-P10810A-10P,1150365.0,,
,Asus,Asus GTX 1080 Ti 11GB Founders Edition,46.0,51.9,,,,,,,GTX1080TI-FE,1150365.0,,
,Asus,Asus GTX 1080 Ti 11GB Gaming OC,46.0,51.9,,,,,,,ROG-STRIX-GTX1080TI-O11G-GAMING,1150365.0,,
,MSI,MSI GTX 1080 TI 11GB Gaming X,46.0,51.9,,,,,,,GTX 1080 TI GAMING X,1150365.0,,
,Gigabyte,Gigabyte GTX 1080 Ti 11GB AORUS,46.0,51.9,,,,,,,GV-N108TAORUS-11GD,1150365.0,,
,EVGA,EVGA GTX 1080 Ti 11GB FTW3 Gaming,46.0,51.9,,,,,,,11G-P4-6696-KR,1150365.0,,
,Asus,Asus GTX 1080 Ti 11GB ROG Strix OC,46.0,51.9,,,,,,,ROG-STRIX-GTX1080TI-O11G-GAMING,1150365.0,,
,EVGA,EVGA GTX 1080 Ti 11GB SC Black,46.0,51.9,,,,,,,11G-P4-6393-KR,1150365.0,,
,Asus,Asus GTX 1080 Ti 11GB ROG Strix,46.0,51.9,,,,,,,ROG-STRIX-GTX1080TI-11G-GAMING,1150365.0,,
,EVGA,EVGA GTX 1080 Ti 11GB SC2 Gaming,46.0,51.9,,,,,,,11G-P4-6593-KR,1150365.0,,
,Gigabyte,Gigabyte GTX 1080 Ti 11GB AORUS Xtreme,46.0,51.9,,,,,,,GV-N108TAORUS X-11GD,1150365.0,,
,Nvidia,RTX 3080 (Laptop),47.0,51.8,,,,,,,,30525.0,,
,AMD,RX 6700-XT,48.0,51.6,,,,,,,,52501.0,,
,Nvidia,RTX 2080,49.0,51.4,,,,,,,,429810.0,,
,MSI,MSI RTX 2080 8GB Gaming X Trio,49.0,51.4,,,,,,,RTX 2080 GAMING X TRIO,429810.0,,
,Gigabyte,Gigabyte RTX 2080 8GB Windforce OC,49.0,51.4,,,,,,,GV-N2080WF3OC-8GC,429810.0,,
,Asus,Asus RTX 2080 8GB Dual OC,49.0,51.4,,,,,,,DUAL-RTX2080-O8G,429810.0,,
,Gigabyte,Gigabyte RTX 2080 8GB Gaming OC,49.0,51.4,,,,,,,GV-N2080GAMING OC-8GC,429810.0,,
,EVGA,EVGA RTX 2080 8GB XC Ultra Gaming,49.0,51.4,,,,,,,08G-P4-2183-KR,429810.0,,
,Asus,Asus RTX 2080 8GB ROG STRIX,49.0,51.4,,,,,,,ROG-STRIX-RTX2080-O8G-GAMING,429810.0,,
,EVGA,EVGA RTX 2080 8GB XC Gaming,49.0,51.4,,,,,,,08G-P4-2182-KR,429810.0,,
,Nvidia,Quadro P6000,50.0,51.0,,,,,,,,1127.0,,
,Nvidia,Titan X Pascal,51.0,51.0,,,,,,,,12275.0,,
,Nvidia,NVidia Titan X Pascal 12GB,51.0,51.0,,,,,,,900-1G611-2500-000,12275.0,,
,Nvidia,RTX 3070-Ti (Laptop),54.0,48.4,,,,,,,,14313.0,,
,Nvidia,RTX 2070S (Super),55.0,47.8,,,,,,,,915477.0,,
,EVGA,EVGA RTX 2070 Super 8GB SC XC Ultra Gaming,55.0,47.8,,,,,,,08G-P4-3173-KR,915477.0,,
,Gigabyte,Gigabyte RTX 2070 Super 8GB Gaming,55.0,47.8,,,,,,,GV-N207SGAMING OC-8GC,915477.0,,
,MSI,MSI RTX 2070 Super 8GB Ventus,55.0,47.8,,,,,,,RTX 2070 SUPER VENTUS OC,915477.0,,
,Gigabyte,Gigabyte RTX 2070 Super 8GB 3X Windforce,55.0,47.8,,,,,,,GV-N207SWF3OC-8GD,915477.0,,
,Gigabyte,Gigabyte RTX 2070 Super 8GB 3X Gaming,55.0,47.8,,,,,,,GV-N207SGAMING OC-8GD,915477.0,,
,MSI,MSI RTX 2070 Super 8GB Gaming X,55.0,47.8,,,,,,,RTX 2070 Super GAMING X,915477.0,,
,EVGA,EVGA RTX 2070 Super 8GB Super Black Gaming,55.0,47.8,,,,,,,08G-P4-3071-KR,915477.0,,
,Asus,Asus RTX 2070 Super 8GB Dual Evo,55.0,47.8,,,,,,,DUAL-RTX-2070S-O8G-EVO,915477.0,,
,Zotac,Zotac RTX 2070 Super 8GB Mini,55.0,47.8,,,,,,,ZT-T20710E-10M,915477.0,,
,EVGA,EVGA RTX 2070 Super 8GB KO Gaming,55.0,47.8,,,,,,,08G-P4-2072-KR,915477.0,,
,Nvidia,RTX 2080S (Super Mobile),56.0,47.6,,,,,,,,3220.0,,
,Nvidia,RTX 2080 (Mobile),57.0,47.2,,,,,,,,6241.0,,
,Nvidia,RTX 3070 (Laptop),59.0,46.4,,,,,,,,104377.0,,
,Nvidia,Quadro GP100,61.0,46.2,,,,,,,,151.0,,
,Gigabyte,Gigabyte RX 6600 XT 8GB Gaming OC Pro,66.0,45.3,,,,,,,GV-R66XTGAMINGOC PRO-8GD,31780.0,,
,MSI,MSI RX 6600 XT 8GB Gaming X,66.0,45.3,,,,,,,Radeon RX 6600 XT GAMING X 8G,31780.0,,
,MSI,MSI RX 6600 XT 8GB Mech 2X OC,66.0,45.3,,,,,,,RX 6600 XT MECH 2X 8G OC,31780.0,,
,PowerColor,PowerColor RX 6600 XT 8GB Fighter,66.0,45.3,,,,,,,‎AXRX 6600XT 8GBD6-3DH,31780.0,,
,Sapphire,Sapphire RX 6600 XT 8GB Pulse,66.0,45.3,,,,,,,11309-03-20G,31780.0,,
,AMD,RX 6700,67.0,45.3,,,,,,,,4258.0,,
,Nvidia,GTX 1080,68.0,43.0,,,,,,,,1495086.0,,
,EVGA,EVGA GTX 1080 8GB Founders Edition,68.0,43.0,,,,,,,08G-P4-6180-KR,1495086.0,,
,Asus,ASUS GTX 1080 8GB Founders Edition,68.0,43.0,,,,,,,GTX1080-8G,1495086.0,,
,Nvidia,MSI GTX 1080 8GB Founders Edition,68.0,43.0,,,,,,,GEFORCE GTX 1080 Founders Edition,1495086.0,,
,Nvidia,Zotac GTX 1080 8GB Founders Edition,68.0,43.0,,,,,,,ZT-P10800A-10P,1495086.0,,
,Nvidia,Gigabyte GTX 1080 8GB Founders Edition,68.0,43.0,,,,,,,GV-N1080D5X-8GD-B,1495086.0,,
,EVGA,EVGA GTX 1080 8GB SC GAMING ACX 3.0,68.0,43.0,,,,,,,08G-P4-6183-KR,1495086.0,,
,MSI,MSI GTX 1080 8GB GAMING X,68.0,43.0,,,,,,,GTX 1080 GAMING X 8G,1495086.0,,
,Gigabyte,Gigabyte GTX 1080 8GB G1 Gaming,68.0,43.0,,,,,,,GV-N1080G1 GAMING-8GD,1495086.0,,
,EVGA,EVGA GTX 1080 8GB FTW ACX 3.0,68.0,43.0,,,,,,,08G-P4-6286-KR,1495086.0,,
,Asus,Asus GTX 1080 8GB ROG STRIX,68.0,43.0,,,,,,,STRIX-GTX1080-A8G-GAMING,1495086.0,,
,Asus,Asus GTX 1080 8GB ROG STRIX,68.0,43.0,,,,,,,STRIX-GTX1080-8G-GAMING,1495086.0,,
,Zotac,Zotac GTX 1080 8GB AMP,68.0,43.0,,,,,,,ZT-P10800C-10P,1495086.0,,
,Zotac,Zotac GTX 1080 8GB AMP Extreme,68.0,43.0,,,,,,,ZT-P10800B-10P,1495086.0,,
,Gigabyte,Gigabyte GTX 1080 8GB Xtreme,68.0,43.0,,,,,,,GV-N1080XTREME-8GD,1495086.0,,
,Gigabyte,Gigabyte GTX 1080 8GB Xtreme Pack,68.0,43.0,,,,,,,GV-N1080XTREME-8GD Premium Pack,1495086.0,,
,Gigabyte,Gigabyte GTX 1080 8GB Xtreme Water,68.0,43.0,,,,,,,GV-N1080XTREME W-8GD,1495086.0,,
,EVGA,EVGA GTX 1080 8GB FTW2,68.0,43.0,,,,,,,08G-P4-6686-KR,1495086.0,,
,Gigabyte,Gigabyte GTX 1080 8GB Turbo,68.0,43.0,,,,,,,GV-N1080TTOC-8GD,1495086.0,,
,Gigabyte,Gigabyte GTX 1080 8GB Windforce,68.0,43.0,,,,,,,GV-N1080WF3OC-8GD,1495086.0,,
,AMD,Radeon-VII,69.0,42.7,,,,,,,,4254.0,,
,AMD,Sapphire Radeon VII 16GB,69.0,42.7,,,,,,,21291-01-40G,4254.0,,
,AMD,Asus Radeon VII 16GB,69.0,42.7,,,,,,,RADEONVII-16G,4254.0,,
,Nvidia,RTX 2070,70.0,42.7,,,,,,,,739577.0,,
,Gigabyte,Gigabyte RTX 2070 8GB Gaming OC,70.0,42.7,,,,,,,GV-N2070GAMING OC-8GC,739577.0,,
,EVGA,EVGA RTX 2070 8GB XC Gaming Dual HDB,70.0,42.7,,,,,,,08G-P4-2172-KR,739577.0,,
,MSI,MSI RTX 2070 8GB Gaming Z,70.0,42.7,,,,,,,RTX 2070 GAMING Z 8G,739577.0,,
,EVGA,EVGA RTX 2070 8GB XC Ultra Gaming,70.0,42.7,,,,,,,08G-P4-2173-KR,739577.0,,
,Asus,Asus RTX 2070 8GB ROG STRIX,70.0,42.7,,,,,,,ROG-STRIX-RTX2070-O8G-GAMING,739577.0,,
,MSI,MSI RTX 2070 8GB Armor OC,70.0,42.7,,,,,,,RTX 2070 ARMOR 8G OC,739577.0,,
,Gigabyte,Gigabyte RTX 2070 8GB Windforce,70.0,42.7,,,,,,,GV-N2070WF3-8GC,739577.0,,
,EVGA,EVGA RTX 2070 8GB Black Gaming,70.0,42.7,,,,,,,08G-P4-1071-KR,739577.0,,
,Zotac,Zotac RTX 2070 8GB Mini,70.0,42.7,,,,,,,ZT-T20700E-10P,739577.0,,
,Asus,Asus RTX 2070 8GB Dual,70.0,42.7,,,,,,,DUAL-RTX-2070-8G,739577.0,,
,MSI,MSI RTX 2070 8GB Tri Frozr,70.0,42.7,,,,,,,GeForce RTX 2070 TRI FROZR,739577.0,,
,Zotac,Zotac RTX 3060 12GB Twin Edge OC,71.0,42.0,,,,,,,ZT-A30600H-10M,779364.0,,
,Gigabyte,Gigabyte RTX 3060 12GB Gaming OC,71.0,42.0,,,,,,,GV-N3060GAMING OC-12GD REV2.0,779364.0,,
,EVGA,EVGA RTX 3060 12GB XC Gaming,71.0,42.0,,,,,,,12G-P5-3657-KR,779364.0,,
,Asus,Asus RTX 3060 12GB Tuf OC,71.0,42.0,,,,,,,TUF-RTX3060-O12G-V2-GAMING,779364.0,,
,MSI,MSI RTX 3060 12GB Ventus 2X,71.0,42.0,,,,,,,GeForce RTX 3060 VENTUS 2X 12G OC,779364.0,,
,MSI,MSI RTX 3060 12GB Gaming X,71.0,42.0,,,,,,,GeForce RTX 3060 GAMING X 12G,779364.0,,
,AMD,PowerColor RX 5700 XT 8GB,73.0,41.6,,,,,,,AXRX 5700XT 8GBD6-M3DH,103539.0,,
,AMD,Sapphire RX 5700 XT 8GB,73.0,41.6,,,,,,,21293-01-40G,103539.0,,
,AMD,XFX RX 5700 XT 8GB,73.0,41.6,,,,,,,RX-57XT8MFD6,103539.0,,
,AMD,MSI RX 5700 XT 8GB Gaming,73.0,41.6,,,,,,,Radeon RX 5700 XT 8G,103539.0,,
,AMD,Asus RX 5700 XT 8GB,73.0,41.6,,,,,,,RX5700XT-8G,103539.0,,
,AMD,Gigabyte RX 5700 XT 8GB,73.0,41.6,,,,,,,GV-R57XT-8GD-B,103539.0,,
,Sapphire,Sapphire RX 5700 XT 8GB Pulse,73.0,41.6,,,,,,,11293-01-20G,103539.0,,
,PowerColor,PowerColor RX 5700 XT 8GB Red Devil,73.0,41.6,,,,,,,AXRX 5700XT 8GBD6-3DHE/OC,103539.0,,
,PowerColor,PowerColor RX 5700 XT 8GB Red Dragon,73.0,41.6,,,,,,,AXRX 5700XT 8GBD6-3DHR/OC,103539.0,,
,Sapphire,Sapphire RX 5700 XT 8GB Nitro+,73.0,41.6,,,,,,,11293-03-40G,103539.0,,
,Sapphire,Sapphire RX 5700 XT 8GB Pulse,73.0,41.6,,,,,,,11293-01-20G,103539.0,,
,Gigabyte,Gigabyte RX 5700 XT 8GB Gaming OC,73.0,41.6,,,,,,,GV-R57XTGAMING OC-8GD,103539.0,,
,XFX,XFX RX 5700 XT 8GB Thicc III Ultra,73.0,41.6,,,,,,,Rx-57XT8TBD8,103539.0,,
,XFX,XFX RX 5700 XT 8GB Thicc III,73.0,41.6,,,,,,,RX-57XT8TFD8,103539.0,,
,Asus,Asus RX 5700 XT 8GB TUF Gaming 3,73.0,41.6,,,,,,,TUF-3-RX5700XT-O8G-EVO-GAMING,103539.0,,
,Asus,Asus RX 5700 XT 8GB ROG Strix,73.0,41.6,,,,,,,ROG-STRIX-RX5700XT-O8G-GAMING,103539.0,,
,EVGA,EVGA RTX 2060 Super 8GB SC XC Ultra Gaming,75.0,41.4,,,,,,,08G-P4-3163-KR,502304.0,,
,MSI,MSI RTX 2060 Super 8GB Gaming X,75.0,41.4,,,,,,,RTX 2060 Super Gaming X,502304.0,,
,Gigabyte,Gigabyte RTX 2060 Super 8GB Windforce OC,75.0,41.4,,,,,,,GV-N206SWF2OC-8GD,502304.0,,
,Gigabyte,Gigabyte RTX 2060 Super 8GB Aorus,75.0,41.4,,,,,,,GV-N206SAORUS-8GC,502304.0,,
,EVGA,EVGA RTX 2060 8GB Super SC Black,75.0,41.4,,,,,,,08G-P4-3062-KR,502304.0,,
,EVGA,EVGA RTX 2060 Super 8GB SC Ultra Gaming,75.0,41.4,,,,,,,08G-P4-3067,502304.0,,
,Zotac,Zotac RTX 2060 Super 8GB Mini Gaming,75.0,41.4,,,,,,,ZT-T20610E-10M,502304.0,,
,AMD,RX 5700XT 50th Anniversary,76.0,40.8,,,,,,,,1627.0,,
,Nvidia,RTX 4050 (Laptop),78.0,40.2,,,,,,,,15514.0,,
,Nvidia,Quadro P5000,79.0,39.7,,,,,,,,9790.0,,
,Nvidia,RTX 2070S (Super Mobile),80.0,39.6,,,,,,,,13150.0,,
,AMD,RX Vega-64LC (Liquid Cooled),81.0,39.4,,,,,,,,5148.0,,
,AMD,Gigabyte RX Vega 64 8GB LC,81.0,39.4,,,,,,,GV-RXVEGA64X W-8GD-B,5148.0,,
,AMD,Sapphire RX Vega 64 8GB LC,81.0,39.4,,,,,,,21275-00-40G,5148.0,,
,AMD,XFX RX Vega 64 8GB LC,81.0,39.4,,,,,,,RX-VEGMXWFXW,5148.0,,
,Nvidia,GTX 1070-Ti,82.0,39.3,,,,,,,,577707.0,,
,Asus,Asus GTX 1070 Ti 8GB STRIX,82.0,39.3,,,,,,,ROG-STRIX-GTX1070TI-A8G-GAMING,577707.0,,
,MSI,MSI GTX 1070 Ti 8GB Gaming,82.0,39.3,,,,,,,GTX 1070 TI GAMING 8G,577707.0,,
,EVGA,EVGA GTX 1070 Ti 8GB SC GAMING,82.0,39.3,,,,,,,08G-P4-5671-KR,577707.0,,
,Gigabyte,Gigabyte GTX 1070 Ti 8GB Gaming OC,82.0,39.3,,,,,,,GV-N107TGAMING OC-8GD,577707.0,,
,MSI,MSI GTX 1070 Ti 8GB Aero,82.0,39.3,,,,,,,GTX 1070 TI AERO 8G,577707.0,,
,Asus,Asus GTX 1070 Ti 8GB ROG Strix Gaming,82.0,39.3,,,,,,,ROG-STRIX-GTX1070TI-8G-GAMING,577707.0,,
,EVGA,EVGA GTX 1070 Ti 8GB FTW2 GAMING,82.0,39.3,,,,,,,08G-P4-6775-KR,577707.0,,
,Gigabyte,Gigabyte GTX 1070 Ti 8GB Gaming,82.0,39.3,,,,,,,GV-N107TGAMING-8GD,577707.0,,
,EVGA,EVGA GTX 1070 Ti 8GB FTW ULTRA SILENT GAMING,82.0,39.3,,,,,,,08G-P4-6678-KR,577707.0,,
,MSI,MSI GTX 1070 Ti 8GB TITANIUM,82.0,39.3,,,,,,,GTX 1070 TI TITANIUM 8G,577707.0,,
,Nvidia,GTX 1080 (Mobile),83.0,39.1,,,,,,,,22513.0,,
,Nvidia,RTX 2080S (Super Mobile Max-Q),84.0,38.4,,,,,,,,6831.0,,
,AMD,RX 6800M,85.0,37.5,,,,,,,,280.0,,
,Nvidia,RTX 3060 (Laptop),86.0,37.3,,,,,,,,194965.0,,
,Nvidia,RTX 2060,87.0,37.2,,,,,,,,998288.0,,
,MSI,MSI RTX 2060 6GB Ventus,87.0,37.2,,,,,,,RTX 2060 VENTUS 6G OC,998288.0,,
,Zotac,Zotac RTX 2060 6GB Twin,87.0,37.2,,,,,,,ZT-T20600F-10M,998288.0,,
,Gigabyte,Gigabyte RTX 2060 6GB Gaming OC,87.0,37.2,,,,,,,GV-N2060GAMING OC-6GD,998288.0,,
,EVGA,EVGA RTX 2060 6GB XC Ultra Gaming,87.0,37.2,,,,,,,06G-P4-2167-KR,998288.0,,
,Gigabyte,Gigabyte RTX 2060 6GB Windforce OC,87.0,37.2,,,,,,,GV-N2060WF2OC-6GD,998288.0,,
,MSI,MSI RTX 2060 6GB Gaming Z,87.0,37.2,,,,,,,RTX 2060 Gaming Z 6G,998288.0,,
,Asus,Asus RTX 2060 6GB ROG STRIX,87.0,37.2,,,,,,,ROG-STRIX-RTX2060-O6G-GAMING,998288.0,,
,Gigabyte,Gigabyte RTX 2060 6GB Gaming OC Pro,87.0,37.2,,,,,,,GV-N2060GAMINGOC PRO-6GD,998288.0,,
,EVGA,EVGA RTX 2060 6GB Gaming,87.0,37.2,,,,,,,06G-P4-2060-KR,998288.0,,
,EVGA,EVGA RTX 2060 KO 6GB Ultra Gaming,87.0,37.2,,,,,,,06G-P4-2068-KR,998288.0,,
,EVGA,EVGA RTX 2060 KO 6GB Gaming,87.0,37.2,,,,,,,06G-P4-2066-KR,998288.0,,
,MSI,MSI RTX 2060 6GB Ventus XS,87.0,37.2,,,,,,,RTX 2060 VENTUS XS 6G OC,998288.0,,
,Nvidia,RTX 2080 (Mobile Max-Q),88.0,37.1,,,,,,,,10886.0,,
,AMD,RX 6600,90.0,36.4,,,,,,,,31716.0,,
,Asus,Asus RX 6600 8GB Dual,90.0,36.4,,,,,,,DUAL-RX6600-8G,31716.0,,
,Gigabyte,Gigabyte RX 6600 8GB Eagle,90.0,36.4,,,,,,,GV-R66EAGLE-8GD,31716.0,,
,MSI,MSI RX 6600 8GB Mech 2X OC,90.0,36.4,,,,,,,RX 6600 MECH 2X 8G,31716.0,,
,Sapphire,Sapphire RX 6600 8GB Pulse,90.0,36.4,,,,,,,11310-01-20G,31716.0,,
,PowerColor,PowerColor RX 6600 8GB Hellhound,90.0,36.4,,,,,,,‎AXRX 6600 8GBD6-3DHL,31716.0,,
,Nvidia,RTX 2070 (Mobile),91.0,36.1,,,,,,,,40456.0,,
,AMD,Vega Frontier Edition,93.0,35.9,,,,,,,,2291.0,,
,AMD,Radeon Vega Frontier Edition Air,93.0,35.9,,,,,,,100-506061,2291.0,,
,AMD,RX Vega-64,94.0,35.8,,,,,,,,142090.0,,
,AMD,Gigabyte RX Vega 64 8GB,94.0,35.8,,,,,,,GV-RXVEGA64-8GD-B,142090.0,,
,AMD,XFX RX Vega 64 8GB,94.0,35.8,,,,,,,RX-VEGMTBFX6,142090.0,,
,AMD,Sapphire RX Vega 64 8GB,94.0,35.8,,,,,,,21275-02-20G,142090.0,,
,Asus,Asus RX Vega 64 8GB ROG Strix Gaming,94.0,35.8,,,,,,,ROG-STRIX-RXVEGA64-O8G-GAMING,142090.0,,
,Gigabyte,Gigabyte RX Vega 64 8GB Gaming OC,94.0,35.8,,,,,,,GV-RXVEGA64GAMING OC-8GD,142090.0,,
,MSI,MSI RX Vega 64 8GB Gaming Air Boost,94.0,35.8,,,,,,,RX VEGA 64 AIR BOOST 8G OC,142090.0,,
,AMD,RX 5700,95.0,35.8,,,,,,,,14699.0,,
,AMD,PowerColor RX 5700 8GB,95.0,35.8,,,,,,,AXRX 5700 8GBD6-M3DH,14699.0,,
,AMD,Sapphire RX 5700 8GB,95.0,35.8,,,,,,,21294-01-20G,14699.0,,
,AMD,XFX RX 5700 8GB,95.0,35.8,,,,,,,RX-57XL8MFG6,14699.0,,
,AMD,MSI RX 5700 8GB,95.0,35.8,,,,,,,R5700XT8,14699.0,,
,Sapphire,Sapphire RX 5700 8GB Pulse,95.0,35.8,,,,,,,11294-01-20G,14699.0,,
,MSI,MSI RX 5700 8GB Mech,95.0,35.8,,,,,,,R5700MHC,14699.0,,
,Sapphire,Sapphire RX 5700 8GB Pulse,95.0,35.8,,,,,,,11294-01-20G,14699.0,,
,PowerColor,PowerColor RX 5700 8GB Red Devil,95.0,35.8,,,,,,,AXRX 5700 8GBD6-3DHE/OC,14699.0,,
,XFX,XFX RX 5700 8GB DD Ultra,95.0,35.8,,,,,,,RX-57XL8LBD6,14699.0,,
,Gigabyte,Gigabyte RX 5700 8GB Gaming OC,95.0,35.8,,,,,,,GV-R57GAMING OC-8GD,14699.0,,
,MSI,MSI RX 5700 8GB Evoke OC,95.0,35.8,,,,,,,RX 5700 Evoke OC,14699.0,,
,Nvidia,RTX 2070S (Super Mobile Max-Q),96.0,35.3,,,,,,,,5390.0,,
,AMD,RX 5600-XT,97.0,34.6,,,,,,,,39780.0,,
,Sapphire,Sapphire RX 5600 XT 6GB Pulse,97.0,34.6,,,,,,,11296-01-20G,39780.0,,
,PowerColor,PowerColor RX 5600 XT 6GB Red Devil,97.0,34.6,,,,,,,AXRX 5600XT 6GBD6-3DHE/OC,39780.0,,
,XFX,XFX RX 5600 XT 6GB Thicc II PRO,97.0,34.6,,,,,,,RX-56XT6DFD6,39780.0,,
,XFX,XFX RX 5600 XT 6GB Thicc II PRO,97.0,34.6,,,,,,,RX-56XT6DF46,39780.0,,
,Gigabyte,Gigabyte RX 5600 XT 6GB Gaming OC,97.0,34.6,,,,,,,GV-R56XTGAMING OC-6GD,39780.0,,
,Gigabyte,Gigabyte RX 5600 XT 6GB Windforce OC,97.0,34.6,,,,,,,GV-R56XTWF2OC-6GD,39780.0,,
,MSI,MSI RX 5600 XT 6GB Gaming MX,97.0,34.6,,,,,,,Radeon RX 5600 XT GAMING MX,39780.0,,
,Nvidia,GTX 1070,98.0,33.5,,,,,,,,1790166.0,,
,Asus,ASUS GTX 1070 8GB Founders Edition,98.0,33.5,,,,,,,GTX1070-8G,1790166.0,,
,Nvidia,ZOTAC GTX 1070 8GB Founders Edition,98.0,33.5,,,,,,,ZT-P10700A-10P,1790166.0,,
,Nvidia,PNY GTX 1070 8GB Founders Edition,98.0,33.5,,,,,,,VCGGTX10708PB-CG,1790166.0,,
,Nvidia,Gigabyte GTX 1070 8GB Founders Edition,98.0,33.5,,,,,,,GV-N1070D5-8GD-B,1790166.0,,
,Nvidia,MSI GTX 1070 Founders Edition,98.0,33.5,,,,,,,MSI GeForce GTX 1070 Founders Edition,1790166.0,,
,EVGA,EVGA GTX 1070 8GB Founders Edition,98.0,33.5,,,,,,,08G-P4-6170-KR,1790166.0,,
,MSI,MSI GTX 1070 8GB GAMING X,98.0,33.5,,,,,,,GeForce GTX 1070 GAMING X 8G,1790166.0,,
,MSI,MSI GTX 1070 8GB GAMING X,98.0,33.5,,,,,,,GTX 1070 GAMING X 8G,1790166.0,,
,Gigabyte,Gigabyte GTX 1070 8GB G1 Gaming,98.0,33.5,,,,,,,GV-N1070G1 GAMING-8GD,1790166.0,,
,MSI,MSI GTX 1070 8GB ARMOR OC,98.0,33.5,,,,,,,GeForce GTX 1070 ARMOR 8G OC,1790166.0,,
,EVGA,EVGA GTX 1070 8GB SC GAMING,98.0,33.5,,,,,,,08G-P4-6173-KR,1790166.0,,
,Asus,Asus GTX 1070 8GB STRIX OC,98.0,33.5,,,,,,,STRIX-GTX1070-O8G-GAMING,1790166.0,,
,EVGA,EVGA GTX 1070 8GB FTW Gaming,98.0,33.5,,,,,,,08G-P4-6276-KR,1790166.0,,
,Asus,Asus GTX 1070 8GB STRIX,98.0,33.5,,,,,,,STRIX-GTX1070-8G-GAMING,1790166.0,,
,Zotac,Zotac GTX 1070 8GB AMP! Extreme,98.0,33.5,,,,,,,ZT-P10700B-10P,1790166.0,,
,Gigabyte,Gigabyte GTX 1070 8GB Windforce OC,98.0,33.5,,,,,,,GV-N1070WF2OC-8GD,1790166.0,,
,MSI,MSI GTX 1070 8GB Gaming,98.0,33.5,,,,,,,GeForce GTX 1070 GAMING 8G,1790166.0,,
,Asus,Asus GTX 1070 8GB Dual OC,98.0,33.5,,,,,,,DUAL-GTX1070-O8G,1790166.0,,
,EVGA,EVGA GTX 1070 8GB SC Gaming ACX 3.0,98.0,33.5,,,,,,,08G-P4-5173-KR,1790166.0,,
,EVGA,EVGA GTX 1070 8GB Gaming ACX 3.0,98.0,33.5,,,,,,,08G-P4-6171-KR,1790166.0,,
,EVGA,EVGA GTX 1070 8GB FTW DT Gaming,98.0,33.5,,,,,,,08G-P4-6274-KR,1790166.0,,
,Gainward,Gainward GTX 1070 8GB Phoenix GS,98.0,33.5,,,,,,,426018336-3682,1790166.0,,
,Gigabyte,Gigabyte GTX 1070 8GB XTREME,98.0,33.5,,,,,,,GV-N1070XTREME-8GD,1790166.0,,
,Asus,Asus GTX 1070 8GB Turbo,98.0,33.5,,,,,,,TURBO-GTX1070-8G,1790166.0,,
,MSI,MSI GTX 1070 8GB SEA HAWK X,98.0,33.5,,,,,,,GeForce GTX 1070 SEA HAWK X,1790166.0,,
,Gigabyte,Gigabyte GTX 1070 8GB Mini ITX OC,98.0,33.5,,,,,,,GV-N1070IXOC-8GD,1790166.0,,
,EVGA,EVGA GTX 1070 8GB FTW2,98.0,33.5,,,,,,,08G-P4-6676-KR,1790166.0,,
,Nvidia,GTX 980-Ti,99.0,32.9,,,,,,,,298176.0,,
,EVGA,EVGA GTX 980 Ti 6GB ACX SC+ ACX 2.0+ w/BP,99.0,32.9,,,,,,,06G-P4-4995-KR,298176.0,,
,EVGA,EVGA GTX 980 Ti 6GB SC,99.0,32.9,,,,,,,06G-P4-4992-KR,298176.0,,
,Asus,ASUS GTX 980 Ti 6GB,99.0,32.9,,,,,,,GTX980TI-6GD5,298176.0,,
,MSI,MSI GTX 980 Ti 6GB Gaming,99.0,32.9,,,,,,,GTX 980TI GAMING 6G,298176.0,,
,Gigabyte,Gigabyte GTX 980 Ti 6GB GV-N98TG1,99.0,32.9,,,,,,,GV-N98TG1 GAMING-6GD,298176.0,,
,Gigabyte,Gigabyte GTX 980 Ti 6GB Windforce 3X OC,99.0,32.9,,,,,,,GV-N98TWF3OC-6GD,298176.0,,
,MSI,MSI GTX 980 TI 6GB OC GOLDEN LE,99.0,32.9,,,,,,,GTX 980Ti GAMING 6G GOLDEN EDITION,298176.0,,
,EVGA,EVGA GTX 980 Ti 6GB Classified Gaming ACX 2.0+,99.0,32.9,,,,,,,06G-P4-0998-KR,298176.0,,
,Nvidia,GTX 1080 (Mobile Max-Q),100.0,32.3,,,,,,,,3043.0,,
,Nvidia,RTX 2070 (Mobile Max-Q),101.0,32.2,,,,,,,,15993.0,,
,AMD,RX 6700M,102.0,32.2,,,,,,,,101.0,,
,AMD,RX Vega-56,103.0,32.1,,,,,,,,124655.0,,
,AMD,Sapphire RX Vega 56 8GB,103.0,32.1,,,,,,,21276-00-20G,124655.0,,
,AMD,XFX RX Vega 56 8GB,103.0,32.1,,,,,,,RX-VEGMLBFX6,124655.0,,
,AMD,Gigabyte RX Vega 56 8GB,103.0,32.1,,,,,,,GV-RXVEGA56-8GD-B,124655.0,,
,MSI,MSI RX Vega 56 8GB Gaming Air Boost,103.0,32.1,,,,,,,RX Vega 56 Air Boost 8G OC,124655.0,,
,Gigabyte,Gigabyte RX Vega 56 8GB OC,103.0,32.1,,,,,,,GV-RXVEGA56GAMING OC-8GD,124655.0,,
,Sapphire,Sapphire RX Vega 56 8GB Pulse,103.0,32.1,,,,,,,11276-02-40G,124655.0,,
,ASRock,ASRock RX Vega 56 8GB Phantom Gaming X,103.0,32.1,,,,,,,90-GA0900-00UANF,124655.0,,
,Nvidia,GTX Titan X,105.0,31.8,,,,,,,,30085.0,,
,EVGA,EVGA GTX TITAN X 12GB SC,105.0,31.8,,,,,,,12G-P4-2992-KR,30085.0,,
,Asus,ASUS GTX TITAN X 12GB,105.0,31.8,,,,,,,GTXTITANX-12GD5,30085.0,,
,EVGA,EVGA GTX TITAN X 12GB,105.0,31.8,,,,,,,12G-P4-2990-KR,30085.0,,
,AMD,RX 6600M,106.0,31.4,,,,,,,,336.0,,
,Nvidia,Quadro M6000 24GB,107.0,31.3,,,,,,,,481.0,,
,AMD,RX 6700S (Laptop),109.0,30.7,,,,,,,,314.0,,
,Nvidia,Quadro M6000,110.0,30.3,,,,,,,,905.0,,
,Nvidia,GTX 1070 (Mobile),111.0,30.2,,,,,,,,135529.0,,
,Nvidia,GTX 1660S (Super),112.0,29.9,,,,,,,,717475.0,,
,MSI,MSI GTX 1660 Super 6GB Ventus XS OC,112.0,29.9,,,,,,,GTX 1660 Super Ventus XS OC,717475.0,,
,Gigabyte,Gigabyte GTX 1660 Super 6GB OC,112.0,29.9,,,,,,,GV-N166SOC-6GD,717475.0,,
,EVGA,EVGA GTX 1660 Super 6GB SC Ultra Gaming,112.0,29.9,,,,,,,06G-P4-1068-KR,717475.0,,
,Zotac,Zotac GTX 1660 Super 6GB Compact,112.0,29.9,,,,,,,ZT-T16620F-10L,717475.0,,
,MSI,MSI GTX 1660 Super 6GB Gaming X,112.0,29.9,,,,,,,GTX 1660 Super Gaming X,717475.0,,
,Asus,Asus GTX 1660 Super 6GB TUF Gaming,112.0,29.9,,,,,,,TUF-GTX1660S-O6G-GAMING,717475.0,,
,Nvidia,RTX 2060 (Mobile),113.0,29.1,,,,,,,,184260.0,,
,Nvidia,GTX 1660,114.0,28.6,,,,,,,,363216.0,,
,Gigabyte,Gigabyte GTX 1660 6GB OC,114.0,28.6,,,,,,,GV-N1660OC-6GD,363216.0,,
,EVGA,EVGA GTX 1660 6GB XC Ultra Gaming,114.0,28.6,,,,,,,06G-P4-1167-KR,363216.0,,
,MSI,MSI GTX 1660 6GB Ventus XS OC,114.0,28.6,,,,,,,GTX 1660 Ventus XS 6G OC,363216.0,,
,MSI,MSI GTX 1660 6GB Gaming X,114.0,28.6,,,,,,,GTX 1660 Gaming X 6G,363216.0,,
,EVGA,EVGA GTX 1660 6GB XC Black,114.0,28.6,,,,,,,06G-P4-1161-KR,363216.0,,
,Asus,Asus GTX 1660 6GB Phoenix,114.0,28.6,,,,,,,PH-GTX1660-O6G,363216.0,,
,Gigabyte,Gigabyte GTX 1660 6GB Gaming OC,114.0,28.6,,,,,,,GV-N1660GAMING OC-6GD,363216.0,,
,Zotac,Zotac GTX 1660 6GB Compact,114.0,28.6,,,,,,,ZT-T16600F-10L,363216.0,,
,Zotac,Zotac GTX 1660 6GB Gaming Compact,114.0,28.6,,,,,,,ZT-T16600K-10M,363216.0,,
,EVGA,EVGA GTX 1660 6GB  SC Ultra Dual,114.0,28.6,,,,,,,06G-P4-1067-KR,363216.0,,
,Nvidia,GTX 1660-Ti (Mobile),116.0,27.1,,,,,,,,130735.0,,
,Nvidia,GTX 1070 (Mobile Max-Q),117.0,25.6,,,,,,,,9530.0,,
,Nvidia,GTX 980,119.0,24.9,,,,,,,,245908.0,,
,EVGA,EVGA GTX 980 4GB SC ACX 2.0,119.0,24.9,,,,,,,04G-P4-2983-KR,245908.0,,
,MSI,MSI GTX 980 4GB GAMING,119.0,24.9,,,,,,,GTX 980 GAMING 4G,245908.0,,
,Asus,ASUS GTX 980 4GB STRIX OC,119.0,24.9,,,,,,,STRIX-GTX980-DC2OC-4GD5,245908.0,,
,Nvidia,GTX Titan Z (SLI Disabled),120.0,24.8,,,,,,,,644.0,,
,AMD,R9 Fury-X,121.0,24.6,,,,,,,,2537.0,,
,AMD,XFX R9 FURY X 4GB,121.0,24.6,,,,,,,R9-FURY-4QFA,2537.0,,
,AMD,Sapphire R9 Fury X 4GB,121.0,24.6,,,,,,,21246-00-40G,2537.0,,
,AMD,Gigabyte R9 Fury X 4GB,121.0,24.6,,,,,,,GV-R9FURYX-4GD-B,2537.0,,
,Zotac,Zotac GTX 1650 Super 4GB Gaming,122.0,24.4,,,,,,,ZT-T16510F-10L,264337.0,,
,Asus,Asus GTX 1650 Super 4GB TUF Gaming,122.0,24.4,,,,,,,TUF-GTX1650S-O4G-GAMING,264337.0,,
,EVGA,EVGA GTX 1650 Super 4GB SC Ultra,122.0,24.4,,,,,,,04G-P4-1357-KR,264337.0,,
,MSI,MSI GTX 1650 Super 4GB Ventus XS,122.0,24.4,,,,,,,GTX 1650 Super Ventus XS OC,264337.0,,
,Gigabyte,Gigabyte GTX 1650 Super 4GB 2x Windforce,122.0,24.4,,,,,,,GV-N165SWF2OC-4GD,264337.0,,
,MSI,MSI GTX 1650 Super 4GB Gaming X,122.0,24.4,,,,,,,GTX 1650 Super Gaming X,264337.0,,
,Asus,Asus GTX 1650 Super 4GB Phoenix,122.0,24.4,,,,,,,PH-GTX1650S-O4G,264337.0,,
,AMD,R9 Fury,123.0,24.4,,,,,,,,5173.0,,
,Sapphire,Sapphire R9 Fury 4GB TRI-X OC,123.0,24.4,,,,,,,11247-00-40G,5173.0,,
,Sapphire,Sapphire R9 Fury 4GB TRI-X OC,123.0,24.4,,,,,,,100379NTOC+SR,5173.0,,
,Asus,Asus R9 Fury 4GB Gaming,123.0,24.4,,,,,,,STRIX-R9FURY-DC3-4G-GAMING,5173.0,,
,XFX,XFX R9 Fury 4GB,123.0,24.4,,,,,,,R9-FURY-4TF9,5173.0,,
,Sapphire,Sapphire R9 Fury 4GB NITRO,123.0,24.4,,,,,,,11247-03-40G,5173.0,,
,Nvidia,GTX 1660-Ti (Mobile Max-Q),124.0,23.8,,,,,,,,23733.0,,
,AMD,RX 590,125.0,23.7,,,,,,,,167696.0,,
,XFX,XFX RX 590 8GB Fatboy OC+,125.0,23.7,,,,,,,RX-590P8DFD6,167696.0,,
,Sapphire,Sapphire RX 590 8GB Nitro+,125.0,23.7,,,,,,,11289-01-20G,167696.0,,
,PowerColor,PowerColor RX 590 8GB Red Dragon,125.0,23.7,,,,,,,AXRX 590 8GBD5-DHD,167696.0,,
,PowerColor,PowerColor RX 590 8GB Red Devil,125.0,23.7,,,,,,,AXRX 590 8GBD5-3DH/OC,167696.0,,
,MSI,MSI RX 590 8GB Armor OC,125.0,23.7,,,,,,,RADEON RX 590 ARMOR 8G OC,167696.0,,
,Gigabyte,Gigabyte RX 590 8GB Gaming,125.0,23.7,,,,,,,GV-RX590GAMING-8GD,167696.0,,
,Sapphire,Sapphire RX 590 8GB Pulse,125.0,23.7,,,,,,,11289-06-20G,167696.0,,
,Nvidia,GTX 1060-6GB,126.0,23.7,,,,,,,,1809641.0,,
,EVGA,EVGA GTX 1060 6GB Gaming,126.0,23.7,,,,,,,06G-P4-6161-KR,1809641.0,,
,EVGA,EVGA GTX 1060 6GB Gaming SC,126.0,23.7,,,,,,,06G-P4-6163-KR,1809641.0,,
,Gigabyte,Gigabyte GTX 1060 6GB G1 Gaming,126.0,23.7,,,,,,,GV-N1060G1GAMING-6GD,1809641.0,,
,Zotac,Zotac GTX 1060 6GB AMP,126.0,23.7,,,,,,,ZT-P10600B-10M,1809641.0,,
,Zotac,Zotac GTX 1060 6GB Mini,126.0,23.7,,,,,,,ZT-P10600A-10L,1809641.0,,
,MSI,MSI GTX 1060 6GB Gaming X,126.0,23.7,,,,,,,GeForce GTX 1060 GAMING X 6G,1809641.0,,
,Asus,Asus GTX 1060 6GB Dual OC,126.0,23.7,,,,,,,DUAL-GTX1060-O6G,1809641.0,,
,Gigabyte,Gigabyte GTX 1060 6GB Windforce OC,126.0,23.7,,,,,,,GV-N1060WF2OC-6GD,1809641.0,,
,Asus,Asus GTX 1060 6GB ROG STRIX OC,126.0,23.7,,,,,,,STRIX-GTX1060-O6G-GAMING,1809641.0,,
,Asus,Asus GTX 1060 6GB TURBO,126.0,23.7,,,,,,,TURBO-GTX1060-6G,1809641.0,,
,Gainward,Gainward GTX 1060 6GB Pheonix GS,126.0,23.7,,,,,,,426018336-3736,1809641.0,,
,MSI,MSI GTX 1060 6G Armor OC,126.0,23.7,,,,,,,GeForce GTX 1060 ARMOR 6G OC,1809641.0,,
,MSI,MSI GTX 1060 6G Armor OCV1,126.0,23.7,,,,,,,GTX 1060 ARMOR 6G OCV1,1809641.0,,
,Asus,Asus GTX 1060 6GB ROG STRIX,126.0,23.7,,,,,,,STRIX-GTX1060-6G-GAMING,1809641.0,,
,PNY,PNY GTX 1060 6GB,126.0,23.7,,,,,,,VCGGTX10606PB,1809641.0,,
,PNY,PNY GTX 1060 6GB OC,126.0,23.7,,,,,,,VCGGTX10606XGPB-OC,1809641.0,,
,Gigabyte,Gigabyte GTX 1060 6GB Xtreme Gaming,126.0,23.7,,,,,,,GV-N1060XTREME-6GD,1809641.0,,
,EVGA,EVGA GTX 1060 6GB Gaming SSC,126.0,23.7,,,,,,,06G-P4-6267-KR,1809641.0,,
,Gigabyte,Gigabyte GTX 1060 6GB G1 Gaming R2,126.0,23.7,,,,,,,GV-N1060G1GAM-6GD R2,1809641.0,,
,MSI,MSI GTX 1060 6GB 6GT OCV1,126.0,23.7,,,,,,,GeForce GTX 1060 6GT,1809641.0,,
,MSI,MSI GTX 1060 6GB Gaming,126.0,23.7,,,,,,,GTX 1060 GAMING 6G,1809641.0,,
,Asus,Asus GTX 1060 6GB Dual OC,126.0,23.7,,,,,,,DUAL-GTX1060-O6G,1809641.0,,
,AMD,R9 Nano,128.0,22.8,,,,,,,,210.0,,
,Asus,Asus R9 Nano 4GB,128.0,22.8,,,,,,,R9NANO-4GB,210.0,,
,Asus,Asus R9 Nano 4GB White,128.0,22.8,,,,,,,R9NANO-4G-WHITE,210.0,,
,Gigabyte,Gigabyte R9 Nano 4GB,128.0,22.8,,,,,,,GV-R9NANO-4GD-B,210.0,,
,Nvidia,GTX 780-Ti,129.0,22.4,,,,,,,,39519.0,,
,AMD,R9 390X,130.0,22.3,,,,,,,,7719.0,,
,MSI,MSI R9 390X 8GB Gaming,130.0,22.3,,,,,,,R9 390X GAMING 8G,7719.0,,
,Sapphire,Sapphire R9 390X 8GB TRIPLE Tri-X OC,130.0,22.3,,,,,,,11241-00-20G,7719.0,,
,Gigabyte,Gigabyte R9 390X 8GB G1 Gaming,130.0,22.3,,,,,,,GV-R939XG1 GAMING-8GD,7719.0,,
,XFX,XFX R9 390X 8GB Double Dissipation,130.0,22.3,,,,,,,R9-390X-F28M,7719.0,,
,Nvidia,GTX 1060-3GB,131.0,21.7,,,,,,,,852872.0,,
,Asus,Asus GTX 1060 3GB Dual OC,131.0,21.7,,,,,,,DUAL-GTX1060-O3G,852872.0,,
,Zotac,Zotac GTX 1060 3GB Mini,131.0,21.7,,,,,,,ZT-P10610A-10L,852872.0,,
,EVGA,EVGA GTX 1060 3GB Gaming,131.0,21.7,,,,,,,03G-P4-6160-KR,852872.0,,
,EVGA,EVGA GTX 1060 3GB SC Gaming,131.0,21.7,,,,,,,03G-P4-6162-KR,852872.0,,
,MSI,MSI GTX 1060 3GB Gaming X,131.0,21.7,,,,,,,GeForce GTX 1060 GAMING X 3G,852872.0,,
,MSI,MSI GTX 1060 3GB Gaming X,131.0,21.7,,,,,,,GTX 1060 GAMING X 3G,852872.0,,
,Gigabyte,Gigabyte GTX 1060 3GB Windforce OC,131.0,21.7,,,,,,,GV-N1060WF2OC-3GD,852872.0,,
,Gigabyte,Gigabyte GTX 1060 3GB G1 Gaming,131.0,21.7,,,,,,,GV-N1060G1GAMING-3GD,852872.0,,
,Gigabyte,Gigabyte GTX 1060 3GB Mini ITX OC,131.0,21.7,,,,,,,GV-N1060IXOC-3GD,852872.0,,
,MSI,MSI GTX 1060 3GB 3GT OC,131.0,21.7,,,,,,,GTX 1060 3GT OC,852872.0,,
,MSI,MSI GTX 1060 3GB ARMOR 3G OCV1,131.0,21.7,,,,,,,GTX 1060 ARMOR 3G OCV1,852872.0,,
,Gigabyte,Gigabyte GTX 1060 3GB G1 Gaming R2,131.0,21.7,,,,,,,GV-N1060G1GAM-3GD R2,852872.0,,
,MSI,MSI RX 580 8GB Gaming X,132.0,21.5,,,,,,,RX 580 GAMING X 8G,1236994.0,,
,MSI,MSI RX 580 4GB Gaming X,132.0,21.5,,,,,,,RX 580 GAMING X 4G,1236994.0,,
,Gigabyte,Gigabyte RX 580 8GB AORUS XTR,132.0,21.5,,,,,,,GV-RX580XTRAORUS-8GD,1236994.0,,
,MSI,MSI RX 580  8GB Armor OC,132.0,21.5,,,,,,,RX 580 ARMOR 8G OC,1236994.0,,
,MSI,MSI RX 580  4GB Armor OC,132.0,21.5,,,,,,,RX 580 ARMOR 4G OC,1236994.0,,
,Asus,Asus RX 580 8GB ROG Strix,132.0,21.5,,,,,,,ROG-STRIX-RX580-O8G-GAMING,1236994.0,,
,Gigabyte,Gigabyte RX 580 8GB Gaming,132.0,21.5,,,,,,,GV-RX580GAMING-8GD,1236994.0,,
,Gigabyte,Gigabyte RX 580 8GB AORUS,132.0,21.5,,,,,,,GV-RX580AORUS-8GD,1236994.0,,
,Sapphire,Sapphire RX 580 8GB Pulse,132.0,21.5,,,,,,,11265-05-20G,1236994.0,,
,XFX,XFX RX 580 4GB OC+,132.0,21.5,,,,,,,RX-580P4DFD6,1236994.0,,
,XFX,XFX RX 580 8GB OC+,132.0,21.5,,,,,,,RX-580P8DFD6,1236994.0,,
,XFX,XFX RX 580 8GB Black OC+,132.0,21.5,,,,,,,RX-580P8DBD6,1236994.0,,
,XFX,XFX RX 580 8GB GTS XXX,132.0,21.5,,,,,,,RX-580P8DFD6,1236994.0,,
,PowerColor,PowerColor RX 580 8GB Red Dragon V2,132.0,21.5,,,,,,,AXRX 580 8GBD5-3DHDV2/OC,1236994.0,,
,Sapphire,Sapphire RX 580 8GB Pulse Nitro+ RX,132.0,21.5,,,,,,,11265-01-20G,1236994.0,,
,Asus,Asus RX 580 4GB Dual OC,132.0,21.5,,,,,,,DUAL RX 580 4GB OC,1236994.0,,
,Nvidia,GTX Titan Black,133.0,21.4,,,,,,,,4047.0,,
,XFX,XFX RX 5600 XT 8GB Thicc II PRO,134.0,21.2,,,,,,,RX-55XT8DFD6,111383.0,,
,AMD,R9 290X,135.0,21.1,,,,,,,,11615.0,,
,Sapphire,Sapphire R9 290X 4GB TRI-X OC,135.0,21.1,,,,,,,11226-00-40G,11615.0,,
,Asus,Asus R9 290X 4GB DirectCU II,135.0,21.1,,,,,,,R9290X-DC2OC-4GD5,11615.0,,
,XFX,XFX R9 290X 4GB Double Dissipation,135.0,21.1,,,,,,,R9290XEDFD,11615.0,,
,AMD,RX 5500,136.0,21.1,,,,,,,,2110.0,,
,AMD,R9 390,138.0,20.6,,,,,,,,29908.0,,
,MSI,MSI R9 390 8GB Gaming,138.0,20.6,,,,,,,R9 390 GAMING 8G,29908.0,,
,XFX,XFX R9 390 8GB Black,138.0,20.6,,,,,,,R9-390P-D28M,29908.0,,
,XFX,XFX R9 390 8GB Double Dissipation,138.0,20.6,,,,,,,R9-390P-8256,29908.0,,
,XFX,XFX R9 390 8GB Double Dissipation,138.0,20.6,,,,,,,R9-390P-F28M,29908.0,,
,XFX,XFX R9 390 8GB Black Nero,138.0,20.6,,,,,,,R9-390P-8DF6,29908.0,,
,Sapphire,Sapphire R9 390 8GB Nitro Tri-X OC +BP,138.0,20.6,,,,,,,11244-01-20G,29908.0,,
,Sapphire,Sapphire R9 390 8GB Nitro Tri-X OC,138.0,20.6,,,,,,,11244-00-20G,29908.0,,
,Asus,Asus R9 390 8GB STRIX,138.0,20.6,,,,,,,STRIX-R9390-DC3OC-8GD5-GAMING,29908.0,,
,Nvidia,GTX 970,139.0,20.6,,,,,,,,1033973.0,,
,MSI,MSI GTX 970 4GB Gaming,139.0,20.6,,,,,,,GTX 970 GAMING 4G,1033973.0,,
,Asus,ASUS GTX 970 4GB STRIX OC,139.0,20.6,,,,,,,STRIX-GTX970-DC20C-4GD5,1033973.0,,
,EVGA,EVGA GTX 970 4GB Super Clocked ACX 2.0,139.0,20.6,,,,,,,04G-P4-2974-KR,1033973.0,,
,Gigabyte,Gigabyte GTX 970 4GB G1 Gaming,139.0,20.6,,,,,,,GV-N970G1 GAMING-4GD,1033973.0,,
,Gigabyte,Gigabyte GTX 970 4GB OC Windforce,139.0,20.6,,,,,,,GV-N970WF3OC-4GD,1033973.0,,
,EVGA,EVGA GTX 970 4GB SSC ACX 2.0+,139.0,20.6,,,,,,,04G-P4-3975-KR,1033973.0,,
,Asus,Asus GTX 970 4GB Turbo OC,139.0,20.6,,,,,,,TURBO-GTX970-OC-4GD5,1033973.0,,
,EVGA,EVGA GTX 970 4GB FTW+ GAMING ACX 2.0+ w/BP,139.0,20.6,,,,,,,04G-P4-3978-KR,1033973.0,,
,Zotac,Zotac GTX 970 4GB Graphics Card,139.0,20.6,,,,,,,ZT-90101-10P,1033973.0,,
,Nvidia,GTX Titan,140.0,19.5,,,,,,,,6835.0,,
,Nvidia,GTX 1060 (Mobile),141.0,19.5,,,,,,,,234761.0,,
,AMD,R9 290,142.0,19.4,,,,,,,,24417.0,,
,Sapphire,Sapphire R9 290 4GB TRI-X OC,142.0,19.4,,,,,,,11227-13-20G,24417.0,,
,XFX,XFX R9 290 4GB Double Dissipation,142.0,19.4,,,,,,,R9290AEDFD,24417.0,,
,XFX,XFX R9 290 4GB Black Double Dissipation,142.0,19.4,,,,,,,R9290AEDBD,24417.0,,
,MSI,MSI R9 290 4GB GAMING,142.0,19.4,,,,,,,R9 290 GAMING 4G,24417.0,,
,Sapphire,Sapphire R9 290 4GB VAPOR-X TRI-X OC,142.0,19.4,,,,,,,11227-04-40G,24417.0,,
,Nvidia,GTX 780 4GB,143.0,19.2,,,,,,,,1066.0,,
,AMD,RX 480,144.0,19.1,,,,,,,,350806.0,,
,AMD,Sapphire RX 480 8GB,144.0,19.1,,,,,,,21260-00-20G,350806.0,,
,AMD,XFX RX 480 4GB 1266 MHz,144.0,19.1,,,,,,,RX-480M4BFA6,350806.0,,
,AMD,Sapphire RX 480 4GB,144.0,19.1,,,,,,,21260-01-20G,350806.0,,
,AMD,MSI RX 480 8GB,144.0,19.1,,,,,,,Radeon RX 480 8G,350806.0,,
,XFX,XFX RX 480 8GB 1328 MHz,144.0,19.1,,,,,,,RX-480M8BBA6,350806.0,,
,XFX,XFX RX 480 8GB 1288 MHz,144.0,19.1,,,,,,,RX480M8BFA6,350806.0,,
,XFX,XFX RX 480 8GB LED 1288 MHz,144.0,19.1,,,,,,,RX-480P8DFA6,350806.0,,
,XFX,XFX RX 480 8GB XXX 1288 MHz,144.0,19.1,,,,,,,RX-480P836BM,350806.0,,
,XFX,XFX RX 480 8GB Black 1338 MHz,144.0,19.1,,,,,,,RX-480P8DBA6,350806.0,,
,XFX,XFX RX 480 4GB RS,144.0,19.1,,,,,,,RX-480P4JFC6,350806.0,,
,XFX,XFX RX 480 8GB RS XXX 1288 MHz,144.0,19.1,,,,,,,RX-480P8LFB6,350806.0,,
,Asus,Asus RX 480 8GB,144.0,19.1,,,,,,,RX480-8G,350806.0,,
,Sapphire,Sapphire RX 480 8GB NITRO+,144.0,19.1,,,,,,,11260-07-20G,350806.0,,
,Sapphire,Sapphire RX 480 4GB NITRO+,144.0,19.1,,,,,,,11260-02-20G,350806.0,,
,Sapphire,Sapphire RX 480 4GB NITRO+,144.0,19.1,,,,,,,100406NT+4GOCL,350806.0,,
,Sapphire,Sapphire RX 480 8GB NITRO+,144.0,19.1,,,,,,,11260-01-20G,350806.0,,
,PowerColor,PowerColor RX 480 8GB Red Devil,144.0,19.1,,,,,,,AXRX480 8GBD5-3DH/OC,350806.0,,
,MSI,MSI RX 480 8GB Gaming X,144.0,19.1,,,,,,,Radeon RX 480 GAMING X 8G,350806.0,,
,MSI,MSI RX 480 4GB Gaming X,144.0,19.1,,,,,,,Radeon RX 480 GAMING X 4G,350806.0,,
,MSI,MSI RX 480 8GB Armor OC,144.0,19.1,,,,,,,RX 480 ARMOR 8G OC,350806.0,,
,MSI,MSI RX 480 4GB Armor OC,144.0,19.1,,,,,,,RX 480 ARMOR 4G OC,350806.0,,
,Asus,Asus RX 480 8GB ROG STRIX OC,144.0,19.1,,,,,,,STRIX-RX480-O8G-GAMING,350806.0,,
,Nvidia,GTX 780,145.0,18.8,,,,,,,,76200.0,,
,MSI,MSI RX 570 4G Armor OC,146.0,18.6,,,,,,,RX 570 ARMOR 4G OC,657949.0,,
,MSI,MSI RX 570 4GB Gaming X,146.0,18.6,,,,,,,RX 570 GAMING X 4G,657949.0,,
,Gigabyte,Gigabyte RX 570 4GB Gaming,146.0,18.6,,,,,,,GV-RX570GAMING-4GD,657949.0,,
,Gigabyte,Gigabyte RX 570 4GB AORUS,146.0,18.6,,,,,,,GV-RX570AORUS-4GD,657949.0,,
,MSI,MSI RX 570 8G Armor OC,146.0,18.6,,,,,,,RX 570 ARMOR 8G OC,657949.0,,
,Asus,Asus RX 570 4GB ROG Strix,146.0,18.6,,,,,,,ROG-STRIX-RX570-O4G-GAMING,657949.0,,
,PowerColor,PowerColor RX 570 4GB Red Dragon,146.0,18.6,,,,,,,AXRX 570 4GBD5-3DHD/OC,657949.0,,
,XFX,XFX RX 570 4GB Twin,146.0,18.6,,,,,,,RX-570P4DFD6,657949.0,,
,XFX,XFX RX 570 4GB Twin,146.0,18.6,,,,,,,RX-570P427D6,657949.0,,
,XFX,XFX RX 570 4GB Twin,146.0,18.6,,,,,,,RX-570P4DFDR,657949.0,,
,XFX,XFX RX 570 4GB Twin XXX,146.0,18.6,,,,,,,RX-570P8DFD6,657949.0,,
,Nvidia,Quadro K6000,147.0,18.3,,,,,,,,1489.0,,
,Nvidia,GTX 1060 (Mobile Max-Q),148.0,18.2,,,,,,,,49661.0,,
,Nvidia,GTX 1650,149.0,18.1,,,,,,,,415565.0,,
,MSI,MSI GTX 1650 4GB Ventus XS OC,149.0,18.1,,,,,,,G1650VXS4C,415565.0,,
,Zotac,Zotac GTX 1650 4GB OC Compact,149.0,18.1,,,,,,,ZT-T16500F-10L,415565.0,,
,Asus,Asus GTX 1650 4GB Phoenix,149.0,18.1,,,,,,,PH-GTX1650-O4G,415565.0,,
,Gigabyte,Gigabyte GTX 1650 4GB OC,149.0,18.1,,,,,,,GV-N1650OC-4GD,415565.0,,
,Gigabyte,Gigabyte GTX 1650 4GB Mini ITX OC,149.0,18.1,,,,,,,GV-N1650IXOC-4GD,415565.0,,
,EVGA,EVGA GTX 1650 4GB XC Gaming,149.0,18.1,,,,,,,04G-P4-1153-KR,415565.0,,
,MSI,MSI GTX 1650 4GB Gaming X,149.0,18.1,,,,,,,GTX 1650 Gaming X 4G,415565.0,,
,MSI,MSI GTX 1650 4GB Ventus XS OCV3,149.0,18.1,,,,,,,GTX 1650 D6 Ventus XS OCV3,415565.0,,
,Nvidia,GTX 1650-Ti (Mobile),150.0,17.9,,,,,,,,65869.0,,
,Nvidia,GTX 1650 (Mobile),152.0,17.3,,,,,,,,151866.0,,
,AMD,RX 580-2048SP,153.0,17.1,,,,,,,,10306.0,,
,Nvidia,Quadro P2000,154.0,17.1,,,,,,,,21845.0,,
,AMD,Radeon 890M,155.0,17.1,,,,,,,,56.0,,
,Nvidia,GeForce GTX 690 (SLI Disabled),156.0,17.0,,,,,,,,4993.0,,
,Nvidia,GTX 980M,157.0,16.9,,,,,,,,16983.0,,
,AMD,RX 470,158.0,16.6,,,,,,,,133438.0,,
,MSI,MSI RX 470 4GB Gaming X,158.0,16.6,,,,,,,Radeon RX 470 GAMING X 4G,133438.0,,
,MSI,MSI RX 470 8GB Gaming X,158.0,16.6,,,,,,,Radeon RX 470 GAMING X 8G,133438.0,,
,Sapphire,Sapphire RX 470 8GB NITRO+,158.0,16.6,,,,,,,11256-02-20G,133438.0,,
,Sapphire,Sapphire RX 470 4GB NITRO+,158.0,16.6,,,,,,,11256-01-20G,133438.0,,
,Sapphire,Sapphire RX 470 4GB,158.0,16.6,,,,,,,11256-00-20G,133438.0,,
,Sapphire,Sapphire RX 470 4GB,158.0,16.6,,,,,,,100407-4GOCL,133438.0,,
,Asus,Asus RX 470 4GB ROG STRIX OC,158.0,16.6,,,,,,,STRIX-RX470-O4G-GAMING,133438.0,,
,Gigabyte,Gigabyte RX 470 4GB G1 Gaming,158.0,16.6,,,,,,,GV-RX470G1 GAMING-4GD,133438.0,,
,PowerColor,PowerColor RX 470 4GB Red Devil/Dragon,158.0,16.6,,,,,,,AXRX 470 4GBD5-3DH/OC,133438.0,,
,PwrHis,HIS RX 470 4GB IceQ X² OC,158.0,16.6,,,,,,,HS-470R4LCNR/HS-470R4LTNR,133438.0,,
,XFX,XFX RX 470 4GB Single Fan,158.0,16.6,,,,,,,RX-470P4SFD5,133438.0,,
,XFX,XFX RX 470 4GB Black,158.0,16.6,,,,,,,RX-470P4LFB6,133438.0,,
,MSI,MSI RX 470 4GB ARMOR OC,158.0,16.6,,,,,,,Radeon RX 470 ARMOR 4G OC,133438.0,,
,Nvidia,Quadro P3000,159.0,16.6,,,,,,,,1508.0,,
,AMD,Radeon Pro 5500M,160.0,15.8,,,,,,,,738.0,,
,AMD,R9 380X,161.0,15.8,,,,,,,,5623.0,,
,XFX,XFX R9 380X 4GB Black DD XXX OC,161.0,15.8,,,,,,,R9-380X-F24M,5623.0,,
,Sapphire,Sapphire R9 380X 4GB Nitro Dual-X OC,161.0,15.8,,,,,,,11250-01-20G,5623.0,,
,Gigabyte,Gigabyte R9 380X 4GB Gaming,161.0,15.8,,,,,,,GV-R938XG1 GAMING-4GD,5623.0,,
,PowerColor,PowerColor R9 280X 3GB OC,161.0,15.8,,,,,,,AXR9 280X 3GBD5-T2DHE/OC,5623.0,,
,AMD,Radeon RX Vega M GH,162.0,15.7,,,,,,,,3344.0,,
,AMD,Radeon 880M,163.0,15.6,,,,,,,,24.0,,
,AMD,HD 7970,164.0,15.2,,,,,,,,1932.0,,
,AMD,Radeon 780M,166.0,15.1,,,,,,,,1592.0,,
,Intel,Arc Graphics X8 (H-iGPU),167.0,15.0,,,,,,,,617.0,,
,AMD,R9 280X,168.0,14.9,,,,,,,,35430.0,,
,Sapphire,Sapphire R9 280X 3GB Dual-X OC,168.0,14.9,,,,,,,11221-00-20G,35430.0,,
,Sapphire,Sapphire R9 280X 3GB VAPOR-X,168.0,14.9,,,,,,,11221-20-20G,35430.0,,
,Sapphire,Sapphire R9 280X 3GB TOXIC,168.0,14.9,,,,,,,11221-01-40G,35430.0,,
,Gigabyte,Gigabyte R9 280X 3GB WINDFORCE OC REV3,168.0,14.9,,,,,,,GV-R928XOC-3GD REV3,35430.0,,
,Nvidia,GTX 1650 (Mobile Max-Q),169.0,14.9,,,,,,,,8853.0,,
,AMD,FirePro W9000,170.0,14.6,,,,,,,,81.0,,
,AMD,HD 7990 (CrossFire Disabled),171.0,14.4,,,,,,,,376.0,,
,Nvidia,GTX 770,172.0,14.4,,,,,,,,194803.0,,
,AMD,Radeon Pro 5300M,173.0,14.1,,,,,,,,397.0,,
,AMD,R9 380,174.0,14.0,,,,,,,,28875.0,,
,MSI,MSI R9 380 GAMING 4GB,174.0,14.0,,,,,,,R9 380 GAMING 4G,28875.0,,
,Sapphire,Sapphire R9 380 4GB NITRO,174.0,14.0,,,,,,,11242-13-20G,28875.0,,
,Sapphire,Sapphire R9 380 2GB Dual-X OC,174.0,14.0,,,,,,,11242-02-20G,28875.0,,
,Sapphire,Sapphire R9 380 2GB Dual-X OC,174.0,14.0,,,,,,,11242-00-20G,28875.0,,
,Gigabyte,Gigabyte R9 380 4GB G1,174.0,14.0,,,,,,,GV-R938G1 GAMING-4GD,28875.0,,
,Gigabyte,Gigabyte R9 380 4GB G1 Windforce,174.0,14.0,,,,,,,GV-R938WF2-4GD,28875.0,,
,XFX,XFX R9 380 2GB DD Edition 2DF5,174.0,14.0,,,,,,,R9-380P-2DF5,28875.0,,
,XFX,XFX R9 380 2GB DD Edition F22M,174.0,14.0,,,,,,,R9-380P-F22M,28875.0,,
,XFX,XFX R9 380 4GB DD Edition 4255,174.0,14.0,,,,,,,R9-380P-4255,28875.0,,
,XFX,XFX R9 380 4GB 4DF5,174.0,14.0,,,,,,,R9-380P-4DF5,28875.0,,
,Asus,Asus R9 380 2GB STRIX,174.0,14.0,,,,,,,STRIX-R9380-DC2OC-2GD5-GAMING,28875.0,,
,Asus,Asus R9 380  4GB STRIX GAMING,174.0,14.0,,,,,,,STRIX-R9380-DC2OC-4GD5-GAMING,28875.0,,
,PowerColor,PowerColor R9 380 4GB PCS+,174.0,14.0,,,,,,,AXR9 380 4GBD5-PPDHE,28875.0,,
,Nvidia,GTX 960,175.0,13.8,,,,,,,,546855.0,,
,EVGA,EVGA GTX 960 2GB SuperSC ACX 2.0+,175.0,13.8,,,,,,,02G-P4-2966-KR,546855.0,,
,Asus,ASUS GTX 960 2GB STRIX,175.0,13.8,,,,,,,STRIX-GTX960-DC2OC-2GD5,546855.0,,
,MSI,MSI GTX 960 2GB Gaming,175.0,13.8,,,,,,,GTX 960 GAMING 2G,546855.0,,
,MSI,MSI GTX 960 4GB Gaming,175.0,13.8,,,,,,,GTX 960 GAMING 4G,546855.0,,
,EVGA,EVGA GTX 960 4GB SuperSC ACX 2.0 Backplate,175.0,13.8,,,,,,,04G-P4-3967-KR,546855.0,,
,Gigabyte,Gigabyte GTX 960 2GB Windforce 2X,175.0,13.8,,,,,,,GV-N960WF2OC-2GD,546855.0,,
,Gigabyte,Gigabyte GTX 960 2GB OC,175.0,13.8,,,,,,,GV-N960OC-4GD,546855.0,,
,Asus,ASUS GTX 960 4GB STRIX,175.0,13.8,,,,,,,STRIX-GTX960-DC2OC-4GD5,546855.0,,
,EVGA,EVGA GTX 960 4GB FTW GAMING ACX 2.0+,175.0,13.8,,,,,,,04G-P4-3969-KR,546855.0,,
,AMD,R9 285,176.0,13.4,,,,,,,,1738.0,,
,MSI,MSI R9 285 2GB GAMING,176.0,13.4,,,,,,,R9 285 GAMING 2G,1738.0,,
,Sapphire,Sapphire R9 285 2GB Dual-X OC,176.0,13.4,,,,,,,11235-03-20G,1738.0,,
,PowerColor,PowerColor R9 285 2GB Turbo Duo,176.0,13.4,,,,,,,AXR9 285 2GBD5-TDHE,1738.0,,
,Nvidia,Quadro M4000,177.0,13.4,,,,,,,,14368.0,,
,Nvidia,GTX 680,178.0,13.3,,,,,,,,50065.0,,
,Nvidia,GTX 970M,180.0,13.0,,,,,,,,30655.0,,
,AMD,R9 280,181.0,12.8,,,,,,,,13083.0,,
,Sapphire,Sapphire R9 280 3GB Dual-X,181.0,12.8,,,,,,,11230-00-20G,13083.0,,
,XFX,XFX R9 280 3GB Double Dissipation,181.0,12.8,,,,,,,R9280ATDFD,13083.0,,
,XFX,XFX R9 280 3GB Double Dissipation Black,181.0,12.8,,,,,,,R9280ATDBD,13083.0,,
,EVGA,EVGA GTX 1050 Ti 4GB SSC GAMING ACX 3.0,182.0,12.2,,,,,,,04G-P4-6255-KR,1361669.0,,
,MSI,MSI GTX 1050 Ti 4GB OC,182.0,12.2,,,,,,,GTX 1050 TI 4G OC,1361669.0,,
,MSI,MSI GTX 1050 Ti 4GB OC Twin,182.0,12.2,,,,,,,GTX 1050 TI 4GT OC,1361669.0,,
,Gigabyte,Gigabyte GTX 1050 Ti 4GB OC,182.0,12.2,,,,,,,GV-N105TOC-4GD,1361669.0,,
,Zotac,Zotac GTX 1050 Ti 4GB Mini,182.0,12.2,,,,,,,ZT-P10510A-10L,1361669.0,,
,Zotac,Zotac GTX 1050 Ti 4GB Twin,182.0,12.2,,,,,,,ZT-P10510B-10L,1361669.0,,
,Gigabyte,Gigabyte GTX 1050 Ti 4GB Twin,182.0,12.2,,,,,,,GV-N105TWF2OC-4GD,1361669.0,,
,MSI,MSI GTX 1050 Ti 4GB GAMING X,182.0,12.2,,,,,,,GeForce GTX 1050 TI GAMING X 4G,1361669.0,,
,Asus,Asus GTX 1050 Ti 4GB Expedition,182.0,12.2,,,,,,,EX-GTX1050TI-4G,1361669.0,,
,Asus,Asus GTX 1050 Ti 4GB ROG STRIX,182.0,12.2,,,,,,,STRIX-GTX1050TI-O4G-GAMING,1361669.0,,
,EVGA,EVGA GTX 1050 Ti 4GB FTW GAMING ACX 3.0,182.0,12.2,,,,,,,04G-P4-6258-KR,1361669.0,,
,Gigabyte,Gigabyte GTX 1050 Ti 4GB 1430 MHz,182.0,12.2,,,,,,,GV-N105TD5-4GD,1361669.0,,
,Gigabyte,Gigabyte GTX 1050 Ti 4GB G1 GAMING,182.0,12.2,,,,,,,GV-N105TG1GAMING-4GD,1361669.0,,
,PNY,PNY GTX 1050 Ti 4GB Single,182.0,12.2,,,,,,,VCGGTX1050T4PB,1361669.0,,
,Asus,Asus GTX 1050 Ti 4GB Cerberus OC,182.0,12.2,,,,,,,Cerberus-GTX1050Ti-O4G,1361669.0,,
,Gigabyte,Gigabyte GTX 1050 Ti 4GB OC Low Profile,182.0,12.2,,,,,,,GV-N105TOC-4GL,1361669.0,,
,AMD,HD 7950,183.0,12.2,,,,,,,,11634.0,,
,Nvidia,GTX 1050-Ti (Mobile),184.0,12.1,,,,,,,,153486.0,,
,Nvidia,GTX 670,185.0,11.7,,,,,,,,66745.0,,
,Nvidia,GeForce GTX 590 (SLI Disabled),186.0,11.6,,,,,,,,1273.0,,
,AMD,R9 270X,187.0,11.5,,,,,,,,31688.0,,
,Sapphire,Sapphire R9 270X 2GB Dual-X Boost OC,187.0,11.5,,,,,,,11217-01-20G,31688.0,,
,Sapphire,Sapphire R9 270X 4GB Dual-X Boost OC,187.0,11.5,,,,,,,11217-04-20G,31688.0,,
,Gigabyte,Gigabyte R9 270X 2GB WINDFORCE,187.0,11.5,,,,,,,GV-R927XOC-2GD,31688.0,,
,Gigabyte,Gigabyte R9 270X 4GB WINDFORCE,187.0,11.5,,,,,,,GV-R927XOC-4GD,31688.0,,
,Asus,Asus R9 270X 2GB DirectCU II,187.0,11.5,,,,,,,R9270X-DC2T-2GD5,31688.0,,
,Nvidia,GTX 880M,188.0,11.5,,,,,,,,2821.0,,
,Nvidia,GTX 1630,189.0,11.4,,,,,,,,1479.0,,
,AMD,HD 7870,190.0,11.1,,,,,,,,12709.0,,
,AMD,Radeon RX Vega M GL,191.0,11.0,,,,,,,,1799.0,,
,Nvidia,GTX 760 Ti OEM,192.0,11.0,,,,,,,,1932.0,,
,Nvidia,GTX 660-Ti,193.0,10.9,,,,,,,,58745.0,,
,Nvidia,GTX 760,194.0,10.9,,,,,,,,223858.0,,
,AMD,Radeon 760M,195.0,10.9,,,,,,,,135.0,,
,Nvidia,GTX 1050,196.0,10.7,,,,,,,,379454.0,,
,Zotac,Zotac GTX 1050 2GB Mini,196.0,10.7,,,,,,,ZT-P10500A-10L,379454.0,,
,MSI,MSI GTX 1050 2GB OC,196.0,10.7,,,,,,,GTX 1050 2G OC,379454.0,,
,MSI,MSI GTX 1050 2GB TWIN OC,196.0,10.7,,,,,,,GTX 1050 2GT OC,379454.0,,
,MSI,MSI GTX 1050 2GB GAMING X,196.0,10.7,,,,,,,GTX 1050 GAMING X 2G,379454.0,,
,Gigabyte,Gigabyte GTX 1050 2GB OC,196.0,10.7,,,,,,,GV-N1050OC-2GD,379454.0,,
,EVGA,EVGA GTX 1050 2GB SC GAMING,196.0,10.7,,,,,,,02G-P4-6152-KR,379454.0,,
,Gigabyte,Gigabyte GTX 1050 2GB OC Single,196.0,10.7,,,,,,,GV-N1050D5-2GD,379454.0,,
,Gigabyte,Gigabyte GTX 1050 2GB Windforce,196.0,10.7,,,,,,,GV-N1050WF2OC-2GD,379454.0,,
,Asus,Asus GTX 1050 2GB Expedition,196.0,10.7,,,,,,,EX-GTX1050-2G,379454.0,,
,EVGA,EVGA GTX 1050 2GB SSC GAMING,196.0,10.7,,,,,,,02G-P4-6154-KR,379454.0,,
,PNY,PNY GTX 1050 2GB,196.0,10.7,,,,,,,VCGGTX10502PB,379454.0,,
,EVGA,EVGA GTX 1050 2GB GAMING,196.0,10.7,,,,,,,02G-P4-6150-KR,379454.0,,
,Asus,Asus GTX 1050 2GB Phoenix,196.0,10.7,,,,,,,PH-GTX1050-2G,379454.0,,
,Nvidia,GTX 950,197.0,10.7,,,,,,,,155843.0,,
,Zotac,Zotac GTX 950 2GB,197.0,10.7,,,,,,,ZT-90601-10L,155843.0,,
,Zotac,Zotac GTX 950 2GB OC,197.0,10.7,,,,,,,ZT-90602-10M,155843.0,,
,Zotac,Zotac GTX 950 2GB AMP!,197.0,10.7,,,,,,,ZT-90603-10M,155843.0,,
,EVGA,EVGA GTX 950 2GB SC,197.0,10.7,,,,,,,02G-P4-2951-KR,155843.0,,
,EVGA,EVGA GeForce GTX 950 2GB ACX 2.0,197.0,10.7,,,,,,,02G-P4-2958-KR,155843.0,,
,EVGA,EVGA GTX 950 2GB SSC ACX,197.0,10.7,,,,,,,02G-P4-2957-KR,155843.0,,
,Asus,Asus GTX 950 2GB STRIX GAMING,197.0,10.7,,,,,,,STRIX-GTX950-DC2OC-2GD5-GAMING,155843.0,,
,Gigabyte,Gigabyte GTX 950 2GB Windforce,197.0,10.7,,,,,,,GV-N950WF2OC-2GD,155843.0,,
,MSI,MSI GTX 950 2GB GAMING,197.0,10.7,,,,,,,GTX 950 GAMING 2G,155843.0,,
,MSI,MSI GTX 950 2GB OC,197.0,10.7,,,,,,,GTX 950 2GD5 OC,155843.0,,
,Gigabyte,Gigabyte GTX 950 2GB XTREME,197.0,10.7,,,,,,,GV-N950XTREME-2GD,155843.0,,
,Nvidia,GTX 1050-Ti (Mobile Max-Q),198.0,10.5,,,,,,,,11532.0,,
,AMD,R9 270,199.0,10.2,,,,,,,,14532.0,,
,Asus,ASUS R9 270 2GB Direct CU II OC,199.0,10.2,,,,,,,R9270-DC2OC-2GD5,14532.0,,
,Sapphire,Sapphire R9 270 2GB Dual-X Boost OC,199.0,10.2,,,,,,,11220-00-20G,14532.0,,
,Gigabyte,Gigabyte R9 270 2GB OC,199.0,10.2,,,,,,,GV-R927OC-2GD,14532.0,,
,Nvidia,GTX 965M,201.0,9.89,,,,,,,,4599.0,,
,Nvidia,GTX 780M,202.0,9.86,,,,,,,,4350.0,,
,AMD,FirePro W7000,203.0,9.78,,,,,,,,73.0,,
,Nvidia,GTX 1050 (Mobile),204.0,9.67,,,,,,,,235812.0,,
,Nvidia,GTX 580,205.0,9.52,,,,,,,,17880.0,,
,Nvidia,GTX 870M,206.0,9.21,,,,,,,,3341.0,,
,MSI,MSI RX 560 4GB Aero ITX,207.0,9.19,,,,,,,RX 560 AERO ITX 4G OC,84432.0,,
,AMD,R7 370,208.0,9.1,,,,,,,,11631.0,,
,MSI,MSI R7 370 4GB Gaming,208.0,9.1,,,,,,,R7 370 GAMING 4G,11631.0,,
,MSI,MSI R7 370 2GB Gaming,208.0,9.1,,,,,,,R7 370 GAMING 2G,11631.0,,
,Gigabyte,Gigabyte AMD R7 370 2GB,208.0,9.1,,,,,,,GV-R737WF2OC-2GD,11631.0,,
,Sapphire,Sapphire R7 370 2GB Dual-X OC,208.0,9.1,,,,,,,11240-06-20G,11631.0,,
,Sapphire,Sapphire R7 370 4GB NITRO Dual-X OC,208.0,9.1,,,,,,,11240-04-20G,11631.0,,
,Asus,ASUS R7 370 2GB STRIX OC,208.0,9.1,,,,,,,STRIX-R7370-DC2OC-2GD5-GAMING,11631.0,,
,Asus,ASUS R7 370 4GB STRIX OC,208.0,9.1,,,,,,,STRIX-R7370-DC2OC-4GD5-GAMING,11631.0,,
,XFX,XFX R7 370 2GB 2SF5,208.0,9.1,,,,,,,R7-370P-2SF5,11631.0,,
,Nvidia,Quadro M2000,209.0,8.93,,,,,,,,8293.0,,
,Nvidia,Quadro K4200,210.0,8.84,,,,,,,,8748.0,,
,Nvidia,Quadro K5000,211.0,8.78,,,,,,,,4553.0,,
,Nvidia,Quadro K5100M,212.0,8.72,,,,,,,,718.0,,
,AMD,R7 265,213.0,8.45,,,,,,,,2286.0,,
,Sapphire,Sapphire R7 265 2GB Dual-X,213.0,8.45,,,,,,,11232-00-20G,2286.0,,
,MSI,MSI R7 265 2GB OC,213.0,8.45,,,,,,,R7 265 2GD5 OC,2286.0,,
,AMD,HD 6970,214.0,8.41,,,,,,,,2515.0,,
,Nvidia,GTX 570,215.0,8.4,,,,,,,,25118.0,,
,AMD,HD 7790,216.0,8.35,,,,,,,,2802.0,,
,Nvidia,GTX 480,217.0,8.35,,,,,,,,4167.0,,
,Nvidia,GTX 660,218.0,8.32,,,,,,,,175016.0,,
,AMD,RX 460,219.0,8.28,,,,,,,,91754.0,,
,Gigabyte,Gigabyte RX 460 4GB Windforce OC,219.0,8.28,,,,,,,GV-RX460WF2OC-4GD,91754.0,,
,Gigabyte,Gigabyte RX 460 2GB Windforce OC,219.0,8.28,,,,,,,GV-RX460WF2OC-2GD,91754.0,,
,Asus,Asus RX 460 4GB ROG STRIX OC,219.0,8.28,,,,,,,STRIX-RX460-O4G-GAMING,91754.0,,
,Gigabyte,Gigabyte RX 460 2GB Windforce OC,219.0,8.28,,,,,,,GV-RX460WF2OC-2GD,91754.0,,
,PowerColor,PowerColor RX 460 2GB Red Dragon,219.0,8.28,,,,,,,AXRX 460 2GBD5-DH/OC,91754.0,,
,Sapphire,Sapphire RX 460 4GB Nitro,219.0,8.28,,,,,,,11257-02-20G,91754.0,,
,Sapphire,Sapphire RX 460 2GB 1210 MHz,219.0,8.28,,,,,,,100409-2GOCL,91754.0,,
,Sapphire,Sapphire RX 460 2GB 1090 MHz,219.0,8.28,,,,,,,11257-00-20G,91754.0,,
,XFX,XFX RX 460 2GB,219.0,8.28,,,,,,,RX-460P4DFG5,91754.0,,
,XFX,XFX RX 460 2GB,219.0,8.28,,,,,,,RX-460P2SFG5,91754.0,,
,XFX,XFX RX 460 4GB SF,219.0,8.28,,,,,,,RX-460P4SFG5,91754.0,,
,Gigabyte,Gigabyte RX 460 4GB Windforce 2x,219.0,8.28,,,,,,,GV-RX460WF2OC-4GD,91754.0,,
,Asus,Asus RX 460 2GB Dual Fan OC,219.0,8.28,,,,,,,DUAL-RX460-O2G,91754.0,,
,MSI,MSI RX 460 2GB 2G OC,219.0,8.28,,,,,,,Radeon RX 460 2G OC,91754.0,,
,AMD,R7 260X,220.0,8.28,,,,,,,,12551.0,,
,Sapphire,SAPPHIRE R7 260X 2GB OC 2x DVI,220.0,8.28,,,,,,,11222-22-20G,12551.0,,
,Sapphire,SAPPHIRE R7 260X 2GB OC,220.0,8.28,,,,,,,11222-06-20G,12551.0,,
,XFX,XFX 260X 2GB,220.0,8.28,,,,,,,R7260XCNF4,12551.0,,
,MSI,MSI R7 260X 2GB OC,220.0,8.28,,,,,,,R7 260X 2GD5 OC,12551.0,,
,Nvidia,GTX 760 (192-bit),221.0,8.25,,,,,,,,12935.0,,
,AMD,HD 7850,222.0,8.2,,,,,,,,16659.0,,
,Nvidia,GTX 560 Ti (448 Core LE),224.0,8.1,,,,,,,,2257.0,,
,AMD,HD 6950,225.0,7.95,,,,,,,,7297.0,,
,AMD,HD 5870,226.0,7.81,,,,,,,,2845.0,,
,Nvidia,GTX 680M,227.0,7.62,,,,,,,,1453.0,,
,AMD,R7 360,228.0,7.43,,,,,,,,8393.0,,
,MSI,MSI R7 360 2G OC,228.0,7.43,,,,,,,R7 360 2GD5 OC,8393.0,,
,Sapphire,Sapphire R7 360 2GB OC,228.0,7.43,,,,,,,11243-00-20G,8393.0,,
,Sapphire,Sapphire R7 360 2GB NITRO,228.0,7.43,,,,,,,11243-05-20G,8393.0,,
,Gigabyte,Gigabyte R7 360 2GB,228.0,7.43,,,,,,,GV-R736OC-2GD,8393.0,,
,Gigabyte,Gigabyte R7 360 2GB V2,228.0,7.43,,,,,,,GV-R736OC-2GD REV2.0,8393.0,,
,XFX,XFX R7 360 2GB 360P,228.0,7.43,,,,,,,R7-360P-2SF5,8393.0,,
,Asus,Asus R7 360 2GB OC V2,228.0,7.43,,,,,,,R7360-OC-2GD5-V2,8393.0,,
,Intel,Iris Xe DG1,229.0,7.38,,,,,,,,148.0,,
,Nvidia,GeForce MX350,230.0,7.25,,,,,,,,5063.0,,
,Nvidia,GTX 750-Ti,231.0,7.19,,,,,,,,408103.0,,
,EVGA,EVGA GTX 750 Ti 2GB SC,231.0,7.19,,,,,,,02G-P4-3753-KR,408103.0,,
,Asus,ASUS GTX 750 Ti 2GB OC,231.0,7.19,,,,,,,GTX750TI-OC-2GD5,408103.0,,
,MSI,MSI GTX 750 Ti 2GB,231.0,7.19,,,,,,,N750TI-2GD5TLP,408103.0,,
,MSI,MSI GTX 750 Ti 2GB Gaming,231.0,7.19,,,,,,,N750TI TF 2GD5/OC,408103.0,,
,EVGA,EVGA GTX 750 Ti 2GB,231.0,7.19,,,,,,,02G-P4-3751-KR,408103.0,,
,EVGA,EVGA GTX 750 Ti 2GB FTW,231.0,7.19,,,,,,,02G-P4-3757-KR,408103.0,,
,Gigabyte,Gigabyte GTX 750 Ti 2GB OC 2,231.0,7.19,,,,,,,GV-N75TOC2-2GI,408103.0,,
,Gigabyte,Gigabyte GTX 750 Ti 2GB,231.0,7.19,,,,,,,GV-N75TOC-1GI,408103.0,,
,Nvidia,GTX 650 Ti Boost,232.0,7.15,,,,,,,,15823.0,,
,Nvidia,GTX 960M,233.0,6.92,,,,,,,,98016.0,,
,Nvidia,GTX 560 Ti,234.0,6.86,,,,,,,,48685.0,,
,AMD,RX Vega 8 5000 (iGPU),235.0,6.85,,,,,,,,74289.0,,
,Nvidia,Quadro K2200,236.0,6.81,,,,,,,,24791.0,,
,Nvidia,GeForce GTX 470,237.0,6.76,,,,,,,,4827.0,,
,Nvidia,GTX 770M,238.0,6.72,,,,,,,,6534.0,,
,Nvidia,GTX 860M,239.0,6.54,,,,,,,,21935.0,,
,AMD,HD 6870,240.0,6.4,,,,,,,,7613.0,,
,AMD,HD 5850,241.0,6.31,,,,,,,,3637.0,,
,Nvidia,Quadro 6000,242.0,6.22,,,,,,,,1707.0,,
,EVGA,EVGA GTX 750 1GB Dual-Link,243.0,6.17,,,,,,,01G-P4-2751-KR,105670.0,,
,EVGA,EVGA GTX 750 1GB Dual-Link SC,243.0,6.17,,,,,,,01G-P4-2753-KR,105670.0,,
,Nvidia,GTX 460 v2,244.0,6.0,,,,,,,,709.0,,
,Nvidia,GTX 650-Ti,246.0,5.95,,,,,,,,46693.0,,
,Nvidia,GTX 850M,247.0,5.87,,,,,,,,14165.0,,
,Nvidia,GTX 950M,248.0,5.85,,,,,,,,51484.0,,
,Intel,Iris Xe,249.0,5.83,,,,,,,,297774.0,,
,Nvidia,GTX 560,250.0,5.77,,,,,,,,32916.0,,
,Nvidia,MX150-0,251.0,5.76,,,,,,,,41532.0,,
,Intel,Iris Pro 580 (Mobile Skylake),253.0,5.64,,,,,,,,776.0,,
,Nvidia,GeForce MX250,254.0,5.6,,,,,,,,13479.0,,
,AMD,RX Vega 11 (Ryzen iGPU),255.0,5.58,,,,,,,,17308.0,,
,AMD,Radeon 740M,256.0,5.5,,,,,,,,33.0,,
,Nvidia,Quadro K1200,257.0,5.45,,,,,,,,4763.0,,
,AMD,HD 5830,258.0,5.39,,,,,,,,857.0,,
,Nvidia,GTX 765M,259.0,5.34,,,,,,,,7994.0,,
,Nvidia,Quadro K4000,260.0,5.21,,,,,,,,12699.0,,
,AMD,RX Vega 8 4000 (iGPU),261.0,5.15,,,,,,,,64696.0,,
,AMD,HD 7770,262.0,5.1,,,,,,,,14006.0,,
,Nvidia,GTX 460,263.0,5.1,,,,,,,,32192.0,,
,AMD,HD 6850,264.0,5.02,,,,,,,,8607.0,,
,Nvidia,GeForce GTX 295 (SLI Disabled),265.0,4.95,,,,,,,,1059.0,,
,Nvidia,GeForce GTX 555,266.0,4.93,,,,,,,,808.0,,
,AMD,R7 250X,267.0,4.87,,,,,,,,3488.0,,
,ATI,HD 4890,268.0,4.85,,,,,,,,127.0,,
,ATI,Radeon HD 5700,269.0,4.77,,,,,,,,22.0,,
,Nvidia,Quadro K3100M,270.0,4.57,,,,,,,,3581.0,,
,Nvidia,Quadro K620,271.0,4.52,,,,,,,,24924.0,,
,AMD,HD 6790,272.0,4.49,,,,,,,,1170.0,,
,Nvidia,GTX 760M,273.0,4.48,,,,,,,,1842.0,,
,Nvidia,Quadro 5000,274.0,4.46,,,,,,,,3195.0,,
,AMD,HD 5770,275.0,4.42,,,,,,,,11370.0,,
,Nvidia,MX150-2,276.0,4.39,,,,,,,,5860.0,,
,AMD,Radeon 540,277.0,4.37,,,,,,,,181.0,,
,AMD,Radeon HD 6770,278.0,4.27,,,,,,,,4865.0,,
,Nvidia,GTX 670M,279.0,4.19,,,,,,,,3180.0,,
,AMD,RX Vega 10 (Ryzen iGPU),280.0,4.19,,,,,,,,252.0,,
,Nvidia,GTX 745 (OEM),281.0,4.13,,,,,,,,37929.0,,
,AMD,R9 M370X,282.0,4.12,,,,,,,,367.0,,
,Nvidia,GeForce MX230,283.0,4.09,,,,,,,,7544.0,,
,Intel,Iris Pro HD 6200 (Desktop),284.0,4.05,,,,,,,,1254.0,,
,AMD,RX Vega 8 (Ryzen iGPU),285.0,3.94,,,,,,,,30806.0,,
,Nvidia,GeForce GTX 285,286.0,3.94,,,,,,,,2894.0,,
,Nvidia,GeForce GTX 645,287.0,3.86,,,,,,,,5241.0,,
,Intel,Iris Plus G7,288.0,3.85,,,,,,,,77345.0,,
,ATI,HD 4870,289.0,3.81,,,,,,,,24322.0,,
,Nvidia,MX130,290.0,3.81,,,,,,,,19302.0,,
,Nvidia,GTX 275,291.0,3.81,,,,,,,,3119.0,,
,ATI,Radeon HD 4850,292.0,3.69,,,,,,,,1041.0,,
,Nvidia,GTX 940M,293.0,3.65,,,,,,,,17386.0,,
,Nvidia,GeForce 840M,294.0,3.61,,,,,,,,25523.0,,
,Nvidia,GeForce GTX 280,295.0,3.59,,,,,,,,1436.0,,
,Nvidia,GTX 550-Ti,296.0,3.58,,,,,,,,75204.0,,
,Nvidia,940MX,297.0,3.58,,,,,,,,46847.0,,
,Intel,Iris Plus 650 (Mobile Kaby Lake),298.0,3.5,,,,,,,,2344.0,,
,AMD,HD 5750,299.0,3.46,,,,,,,,3767.0,,
,Nvidia,GTX 650,300.0,3.44,,,,,,,,100623.0,,
,AMD,Radeon HD 6700,301.0,3.38,,,,,,,,1336.0,,
,Intel,UHD Graphics 770,302.0,3.37,,,,,,,,42709.0,,
,AMD,R7 250,303.0,3.32,,,,,,,,7983.0,,
,AMD,HD 7750,304.0,3.27,,,,,,,,7349.0,,
,Nvidia,930MX,305.0,3.24,,,,,,,,8908.0,,
,Nvidia,GeForce 9800 GTX,306.0,3.16,,,,,,,,3997.0,,
,Nvidia,GeForce GT 750M,307.0,3.14,,,,,,,,15635.0,,
,Nvidia,GeForce GT 740,308.0,3.08,,,,,,,,41396.0,,
,Nvidia,GTX 260,309.0,3.07,,,,,,,,11965.0,,
,Nvidia,Quadro 4000,310.0,3.06,,,,,,,,16698.0,,
,Nvidia,Quadro K2000,311.0,3.04,,,,,,,,16081.0,,
,Nvidia,GeForce GTS 450,312.0,3.03,,,,,,,,32934.0,,
,Nvidia,GeForce 8800 GTS-512,313.0,3.0,,,,,,,,1265.0,,
,Nvidia,GTX 660M,314.0,2.99,,,,,,,,8511.0,,
,Intel,Iris Plus 640 (Mobile Kaby Lake),315.0,2.95,,,,,,,,11230.0,,
,Nvidia,GeForce GTS 250,316.0,2.94,,,,,,,,14908.0,,
,Nvidia,Quadro K2100M,317.0,2.93,,,,,,,,7073.0,,
,AMD,RX Vega 6 (Ryzen iGPU),318.0,2.82,,,,,,,,854.0,,
,AMD,FirePro V4900,319.0,2.79,,,,,,,,720.0,,
,Intel,UHD Graphics 750,320.0,2.77,,,,,,,,31127.0,,
,Nvidia,GeForce GT 640,321.0,2.7,,,,,,,,45854.0,,
,AMD,Radeon  530,322.0,2.7,,,,,,,,3607.0,,
,Nvidia,GeForce 830M,323.0,2.68,,,,,,,,1409.0,,
,AMD,HD 7730,324.0,2.68,,,,,,,,932.0,,
,Nvidia,GeForce GT 650M,325.0,2.67,,,,,,,,14166.0,,
,Nvidia,GeForce 8800 Ultra,326.0,2.67,,,,,,,,122.0,,
,ATI,Radeon HD 3870,327.0,2.66,,,,,,,,1803.0,,
,AMD,Radeon HD 8570,328.0,2.59,,,,,,,,1155.0,,
,Intel,UHD Graphics 730,329.0,2.55,,,,,,,,27772.0,,
,Nvidia,MX110,330.0,2.54,,,,,,,,9006.0,,
,Nvidia,GeForce 8800 GT,331.0,2.52,,,,,,,,5622.0,,
,AMD,Radeon R7 Graphics,332.0,2.49,,,,,,,,7468.0,,
,AMD,Radeon HD 6670,333.0,2.49,,,,,,,,9382.0,,
,Nvidia,Quadro 2000,334.0,2.45,,,,,,,,20321.0,,
,Nvidia,GeForce GT 635,335.0,2.43,,,,,,,,4143.0,,
,Intel,Iris Plus G4,336.0,2.42,,,,,,,,16570.0,,
,Nvidia,GeForce 8800 GTX,337.0,2.41,,,,,,,,1415.0,,
,Nvidia,GeForce GT 740M,338.0,2.41,,,,,,,,17586.0,,
,Nvidia,Quadro 3000M,339.0,2.35,,,,,,,,2704.0,,
,Nvidia,920MX,340.0,2.34,,,,,,,,9863.0,,
,AMD,Radeon HD 7670,341.0,2.32,,,,,,,,1096.0,,
,AMD,R7 240,342.0,2.3,,,,,,,,20040.0,,
,AMD,Radeon HD 5670,343.0,2.3,,,,,,,,3414.0,,
,Nvidia,GeForce 9800 GT,344.0,2.29,,,,,,,,19551.0,,
,Intel,UHD Graphics 630 (Desktop Coffee Lake i5 i7),345.0,2.27,,,,,,,,207644.0,,
,AMD,Radeon HD 6750M,346.0,2.27,,,,,,,,212.0,,
,Intel,HD 6000 (Mobile),347.0,2.26,,,,,,,,5523.0,,
,Nvidia,Quadro K1100M,348.0,2.2,,,,,,,,6150.0,,
,AMD,Radeon HD 7570,349.0,2.2,,,,,,,,4136.0,,
,Intel,UHD G1,350.0,2.18,,,,,,,,116721.0,,
,Intel,HD 630 (Desktop Kaby Lake),351.0,2.14,,,,,,,,226137.0,,
,Nvidia,Quadro 2000M,352.0,2.11,,,,,,,,3360.0,,
,AMD,Radeon 520,353.0,2.07,,,,,,,,185.0,,
,Intel,UHD Graphics 630 (Desktop Coffee Lake i3),354.0,2.07,,,,,,,,52515.0,,
,Intel,UHD Graphics 620 (Mobile Kaby Lake R),355.0,2.06,,,,,,,,614017.0,,
,AMD,RX Vega 3 (Ryzen iGPU),356.0,2.0,,,,,,,,6901.0,,
,Intel,HD 530 (Mobile Skylake),358.0,1.96,,,,,,,,276450.0,,
,AMD,Radeon HD 6570,359.0,1.96,,,,,,,,6826.0,,
,Intel,HD 530 (Desktop Skylake),360.0,1.93,,,,,,,,267862.0,,
,Intel,HD 620 (Mobile Kaby Lake),361.0,1.89,,,,,,,,505638.0,,
,AMD,Radeon HD 7600M,362.0,1.81,,,,,,,,2206.0,,
,AMD,Radeon HD 5570,363.0,1.8,,,,,,,,3544.0,,
,Intel,HD 520 (Mobile Skylake),364.0,1.76,,,,,,,,471108.0,,
,Nvidia,GeForce 9600 GT,365.0,1.74,,,,,,,,20762.0,,
,Nvidia,GeForce 8800 GTS,366.0,1.71,,,,,,,,3162.0,,
,Nvidia,GeForce GT 720,367.0,1.59,,,,,,,,19772.0,,
,Nvidia,GeForce GT 440,368.0,1.57,,,,,,,,15603.0,,
,Nvidia,GeForce 820M,370.0,1.54,,,,,,,,9989.0,,
,Intel,HD 5500 (Mobile 0.95 GHz),371.0,1.52,,,,,,,,313656.0,,
,Nvidia,GeForce GT 630,372.0,1.51,,,,,,,,85927.0,,
,AMD,Radeon HD 6550D,373.0,1.51,,,,,,,,1181.0,,
,Nvidia,Quadro FX 1800,374.0,1.5,,,,,,,,6395.0,,
,AMD,Radeon HD 7500M,375.0,1.49,,,,,,,,3899.0,,
,ATI,Radeon HD 4670,376.0,1.49,,,,,,,,20414.0,,
,AMD,Radeon HD 7610M,377.0,1.47,,,,,,,,152.0,,
,Nvidia,GeForce GT 720M,378.0,1.46,,,,,,,,5257.0,,
,Nvidia,GeForce 710M,380.0,1.43,,,,,,,,2457.0,,
,Nvidia,Quadro K600,381.0,1.42,,,,,,,,11209.0,,
,AMD,Radeon HD 6500M,382.0,1.41,,,,,,,,3670.0,,
,Intel,HD 4000 (Desktop 1.15 GHz),383.0,1.41,,,,,,,,77490.0,,
,Intel,HD Graphics P4600,384.0,1.36,,,,,,,,2775.0,,
,Nvidia,GeForce GT 630M,385.0,1.36,,,,,,,,8908.0,,
,AMD,Radeon HD 5500,386.0,1.36,,,,,,,,1664.0,,
,ATI,Radeon HD 4650,387.0,1.35,,,,,,,,1702.0,,
,Nvidia,GeForce GT 530,388.0,1.34,,,,,,,,2940.0,,
,Nvidia,Quadro 1000M,389.0,1.33,,,,,,,,6540.0,,
,Intel,HD 5000 (Mobile 1.0/1.1 GHz),390.0,1.32,,,,,,,,6961.0,,
,Intel,HD 615 (Mobile Kaby Lake),391.0,1.3,,,,,,,,13331.0,,
,Intel,HD 4600 (Desktop 1.25 GHz),392.0,1.29,,,,,,,,357446.0,,
,Nvidia,NVS 510,393.0,1.29,,,,,,,,3258.0,,
,Nvidia,GeForce GT 430,394.0,1.29,,,,,,,,26748.0,,
,Intel,HD 4600 (Mobile 1.15 GHz),395.0,1.27,,,,,,,,340300.0,,
,Intel,HD 4000 (Mobile 1.25 GHz),396.0,1.27,,,,,,,,544472.0,,
,Nvidia,GeForce GT 540M,397.0,1.25,,,,,,,,14833.0,,
,Nvidia,Quadro 600,398.0,1.24,,,,,,,,19273.0,,
,Intel,HD 4400 (Desktop 1.15 GHz),399.0,1.1,,,,,,,,87063.0,,
,Intel,HD 610 (Desktop Kaby Lake),400.0,1.08,,,,,,,,15960.0,,
,Intel,HD 510 (Desktop Skylake),401.0,1.04,,,,,,,,19964.0,,
,Intel,HD 4400 (Mobile 1.0/1.1 GHz),402.0,1.04,,,,,,,,377754.0,,
,Nvidia,GeForce 9700M GT,403.0,1.01,,,,,,,,302.0,,
,Nvidia,GeForce GT 330M,404.0,0.95,,,,,,,,8089.0,,
,Nvidia,GeForce 8600 GTS,405.0,0.95,,,,,,,,2620.0,,
,Nvidia,GeForce GT 620,408.0,0.85,,,,,,,,19606.0,,
,Intel,HD 3000 (Desktop V2 1.35 GHz),409.0,0.85,,,,,,,,6895.0,,
,AMD,HD 7470,410.0,0.85,,,,,,,,4537.0,,
,Nvidia,Quadro 400,411.0,0.81,,,,,,,,1081.0,,
,AMD,Radeon HD 7400M,412.0,0.81,,,,,,,,1410.0,,
,Nvidia,GeForce GT 705,413.0,0.81,,,,,,,,5457.0,,
,Nvidia,GeForce 7900 GTX,414.0,0.8,,,,,,,,191.0,,
,Nvidia,GeForce 610M,415.0,0.78,,,,,,,,5219.0,,
,Intel,HD 3000 (Mobile V2 1.3 GHz),416.0,0.77,,,,,,,,128552.0,,
,Nvidia,GeForce 9500 GT,417.0,0.76,,,,,,,,27797.0,,
,AMD,Radeon R3 Graphics,418.0,0.74,,,,,,,,1842.0,,
,Nvidia,GeForce GT 520,419.0,0.73,,,,,,,,20228.0,,
,Intel,UHD Graphics 605,420.0,0.73,,,,,,,,22139.0,,
,AMD,Radeon HD 7450,422.0,0.71,,,,,,,,3111.0,,
,Intel,HD 3000 (Desktop V1 1.1 GHz),425.0,0.69,,,,,,,,9212.0,,
,Intel,HD 3000 (Mobile V1 1.1/1.2 GHz),426.0,0.67,,,,,,,,249787.0,,
,Nvidia,GeForce 8600 GT,427.0,0.67,,,,,,,,8119.0,,
,Intel,HD 2500 (Desktop 1.05 GHz),428.0,0.6,,,,,,,,199697.0,,
,Intel,UHD Graphics 600,429.0,0.59,,,,,,,,54192.0,,
,Nvidia,GeForce 7800 GTX,430.0,0.55,,,,,,,,207.0,,
,Nvidia,NVS 310,431.0,0.53,,,,,,,,5902.0,,
,AMD,Radeon HD 6300M,432.0,0.5,,,,,,,,921.0,,
,Nvidia,GeForce 7800 GT,433.0,0.47,,,,,,,,231.0,,
,Nvidia,GeForce 9400 GT,434.0,0.46,,,,,,,,12801.0,,
,ATI,Mobility Radeon HD 4350,435.0,0.44,,,,,,,,1898.0,,
,Nvidia,GeForce 310,437.0,0.42,,,,,,,,4578.0,,
,Nvidia,GeForce G210,438.0,0.4,,,,,,,,4343.0,,
,Nvidia,GeForce 7600 GT,440.0,0.37,,,,,,,,1215.0,,
,Nvidia,GeForce 8500 GT,441.0,0.33,,,,,,,,4619.0,,
,Intel,HD 2000 (Desktop 1.1 GHz),442.0,0.32,,,,,,,,180844.0,,
,Nvidia,GeForce 8400 GS,443.0,0.29,,,,,,,,19348.0,,
,Intel,HD Graphics (Arrandale 0.667/0.766 GHz),444.0,0.21,,,,,,,,108445.0,,
,Nvidia,GeForce 6600 GT,445.0,0.17,,,,,,,,581.0,,
,Nvidia,GeForce 6600,446.0,0.11,,,,,,,,968.0,,
,Nvidia,GeForce Go 7300,447.0,0.07,,,,,,,,580.0,,
,Nvidia,GeForce 7100 / nForce 630i,448.0,0.04,,,,,,,,1221.0,,
,Nvidia,GeForce 6100,449.0,0.03,,,,,,,,903.0,,
,Nvidia,GeForce 6200,450.0,0.02,,,,,,,,1147.0,,
